SampleID,Pfcrt,Pfcrt_status,Pfdhfr(sextuple),Pfdhfr_status(sextuple),Pfdhfr(quadruple),Pfdhfr_status(quadruple),Pfdhfr(triple),Pfdhfr_status(triple),Pfdhps(sextuple),Pfdhps_status(sextuple),Pfdhps(quintuple),Pfdhps_status(quintuple),Pfdhfr_dhps(quadruple),Pfdhfr_dhps_status(quadruple),Pfdhfr_dhps(quintuple),Pfdhfr_dhps_status(quintuple),Pfdhfr_dhps(sextuple),Pfdhfr_dhps_status(sextuple),Pfdhfr_dhps(septuple),Pfdhfr_dhps_status(septuple),Pfdhfr_dhps(sextuple)1,Pfdhfr_dhps_status(sextuple)1,Pfmdr1,Pfmdr1_status,Pfk13.x,Pfk13_status.x,Pfk13_622_675,Pfk13_status_622_675
AA001-D0,CVIET,mutant,AIRNIT,mutant,IRNI,mutant,IRN,mutant,ISGEAA,mutant,SGEAA,mutant,IRN/G,mutant,IRN/GE,mutant,IRN/GEA,mutant,IRNI/GEA,mutant,IRNI/GE,mutant,NFSND,mutant,ARA,wildtype,RA,wildtype
AA003-D0,CVIET,mutant,AICNIT,mutant,ICNI,mutant,ICN,mutant,ISAKAA,wildtype,SAKAA,wildtype,ICN/A,mutant,ICN/AK,mutant,ICN/AKA,mutant,ICNI/AKA,mutant,ICNI/AK,mutant,NFSND,mutant,ARA,wildtype,RA,wildtype
AA004-D0,CVIET,mutant,AIRNIT,mutant,IRNI,mutant,IRN,mutant,ISAKAA,wildtype,SAKAA,wildtype,IRN/A,mutant,IRN/AK,mutant,IRN/AKA,mutant,IRNI/AKA,mutant,IRNI/AK,mutant,NFSND,mutant,ARA,wildtype,RA,wildtype
AA005-D0,CVMNK,wildtype,AIRNIT,mutant,IRNI,mutant,IRN,mutant,ISAKAA,wildtype,SAKAA,wildtype,IRN/A,mutant,IRN/AK,mutant,IRN/AKA,mutant,IRNI/AKA,mutant,IRNI/AK,mutant,NFSND,mutant,ARA,wildtype,RA,wildtype
AA006-D0,CVIET,mutant,AICNIT,mutant,ICNI,mutant,ICN,mutant,ISGEAA,mutant,SGEAA,mutant,ICN/G,mutant,ICN/GE,mutant,ICN/GEA,mutant,ICNI/GEA,mutant,ICNI/GE,mutant,NFSND,mutant,ARA,wildtype,RA,wildtype
AA007-D0,CVIET,mutant,AICNIT,mutant,ICNI,mutant,ICN,mutant,ISGEAA,mutant,SGEAA,mutant,ICN/G,mutant,ICN/GE,mutant,ICN/GEA,mutant,ICNI/GEA,mutant,ICNI/GE,mutant,NFSND,mutant,ARA,wildtype,RA,wildtype
AA008-D0,CVMNK,wildtype,AICNIT,mutant,ICNI,mutant,ICN,mutant,ISAKAA,wildtype,SAKAA,wildtype,ICN/A,mutant,ICN/AK,mutant,ICN/AKA,mutant,ICNI/AKA,mutant,ICNI/AK,mutant,NFSND,mutant,ARA,wildtype,RA,wildtype
AA009-D0,CVIET,mutant,AICNIT,mutant,ICNI,mutant,ICN,mutant,ISGEAA,mutant,SGEAA,mutant,ICN/G,mutant,ICN/GE,mutant,ICN/GEA,mutant,ICNI/GEA,mutant,ICNI/GE,mutant,NFSND,mutant,ARA,wildtype,RA,wildtype
AA010-D0,CVMNK,wildtype,AICNIT|AIRNIT,mixed,ICNI|IRNI,mixed,ICN|IRN,mixed,ISAKAA,wildtype,SAKAA,wildtype,ICN/A|IRN/A,mixed,ICN/AK|IRN/AK,mixed,ICN/AKA|IRN/AKA,mixed,ICNI/AKA|IRNI/AKA,mixed,ICNI/AK|IRNI/AK,mixed,NFSND,mutant,ARA,wildtype,RA,wildtype
AA011-D0,CVIET,mutant,AICNIT,mutant,ICNI,mutant,ICN,mutant,ISAKAA,wildtype,SAKAA,wildtype,ICN/A,mutant,ICN/AK,mutant,ICN/AKA,mutant,ICNI/AKA,mutant,ICNI/AK,mutant,NFSND,mutant,AIA,mutant,IA,mutant
AA012-D0,CVIET,mutant,AICNIT|AIRNIT,mixed,ICNI|IRNI,mixed,ICN|IRN,mixed,ISAKAA,wildtype,SAKAA,wildtype,ICN/A|IRN/A,mixed,ICN/AK|IRN/AK,mixed,ICN/AKA|IRN/AKA,mixed,ICNI/AKA|IRNI/AKA,mixed,ICNI/AK|IRNI/AK,mixed,NFSND,mutant,ARA,wildtype,RA,wildtype
AA013-D0,CVIET,mutant,AICNIT,mutant,ICNI,mutant,ICN,mutant,ISAKAA,wildtype,SAKAA,wildtype,ICN/A,mutant,ICN/AK,mutant,ICN/AKA,mutant,ICNI/AKA,mutant,ICNI/AK,mutant,NFSND,mutant,ARA,wildtype,RA,wildtype
AA014-D0,CVMNK,wildtype,AICNIT,mutant,ICNI,mutant,ICN,mutant,ISAKAA,wildtype,SAKAA,wildtype,ICN/A,mutant,ICN/AK,mutant,ICN/AKA,mutant,ICNI/AKA,mutant,ICNI/AK,mutant,NFSND,mutant,ARA,wildtype,RA,wildtype
AA015-D0,CVIET,mutant,AICNIT,mutant,ICNI,mutant,ICN,mutant,ISAKAA,wildtype,SAKAA,wildtype,ICN/A,mutant,ICN/AK,mutant,ICN/AKA,mutant,ICNI/AKA,mutant,ICNI/AK,mutant,NFSND,mutant,ARA,wildtype,RA,wildtype
AA016-D0,CVMNK,wildtype,AICNIT,mutant,ICNI,mutant,ICN,mutant,ISAKAA,wildtype,SAKAA,wildtype,ICN/A,mutant,ICN/AK,mutant,ICN/AKA,mutant,ICNI/AKA,mutant,ICNI/AK,mutant,NFSND,mutant,ARA,wildtype,RA,wildtype
AA018-D0,CVMNK,wildtype,AIRNIT,mutant,IRNI,mutant,IRN,mutant,ISAKAA,wildtype,SAKAA,wildtype,IRN/A,mutant,IRN/AK,mutant,IRN/AKA,mutant,IRNI/AKA,mutant,IRNI/AK,mutant,NFSND,mutant,ARA,wildtype,RA,wildtype
AA019-D0,CVIET,mutant,AIRNIT,mutant,IRNI,mutant,IRN,mutant,ISAKAA,wildtype,SAKAA,wildtype,IRN/A,mutant,IRN/AK,mutant,IRN/AKA,mutant,IRNI/AKA,mutant,IRNI/AK,mutant,NFSND,mutant,ARA,wildtype,RA,wildtype
AA020-D0,CVMNK,wildtype,AIRNIT,mutant,IRNI,mutant,IRN,mutant,ISAKAA,wildtype,SAKAA,wildtype,IRN/A,mutant,IRN/AK,mutant,IRN/AKA,mutant,IRNI/AKA,mutant,IRNI/AK,mutant,NFSND,mutant,ARA,wildtype,RA,wildtype
AA021-D0,CVIET,mutant,AICNIT,mutant,ICNI,mutant,ICN,mutant,ISAKAA,wildtype,SAKAA,wildtype,ICN/A,mutant,ICN/AK,mutant,ICN/AKA,mutant,ICNI/AKA,mutant,ICNI/AK,mutant,NFSND,mutant,AIA,mutant,IA,mutant
AA022-D0,CVMNK,wildtype,AIRNIT,mutant,IRNI,mutant,IRN,mutant,ISAKAA,wildtype,SAKAA,wildtype,IRN/A,mutant,IRN/AK,mutant,IRN/AKA,mutant,IRNI/AKA,mutant,IRNI/AK,mutant,NFSND,mutant,ARA,wildtype,RA,wildtype
AA023-D0,CVIET,mutant,AICNIT,mutant,ICNI,mutant,ICN,mutant,ISGEAA,mutant,SGEAA,mutant,ICN/G,mutant,ICN/GE,mutant,ICN/GEA,mutant,ICNI/GEA,mutant,ICNI/GE,mutant,NFSND,mutant,ARA,wildtype,RA,wildtype
AA024-D0,CVIET,mutant,ANRNIT,mutant,NRNI,mutant,NRN,mutant,ISAKAA,wildtype,SAKAA,wildtype,NRN/A,mutant,NRN/AK,mutant,NRN/AKA,mutant,NRNI/AKA,mutant,NRNI/AK,mutant,NFSND,mutant,AIA,mutant,IA,mutant
AA025-D0,CVMNK,wildtype,AIRNIT,mutant,IRNI,mutant,IRN,mutant,ISAKAA,wildtype,SAKAA,wildtype,IRN/A,mutant,IRN/AK,mutant,IRN/AKA,mutant,IRNI/AKA,mutant,IRNI/AK,mutant,NFSND,mutant,ARA,wildtype,RA,wildtype
AA026-D0,CVMNK,wildtype,AICNIT,mutant,ICNI,mutant,ICN,mutant,ISAKAA,wildtype,SAKAA,wildtype,ICN/A,mutant,ICN/AK,mutant,ICN/AKA,mutant,ICNI/AKA,mutant,ICNI/AK,mutant,NFSND,mutant,ARA|AIA,mixed,RA|IA,mixed
AA027-D0,CVMNK,wildtype,AICNIT,mutant,ICNI,mutant,ICN,mutant,ISAKAA,wildtype,SAKAA,wildtype,ICN/A,mutant,ICN/AK,mutant,ICN/AKA,mutant,ICNI/AKA,mutant,ICNI/AK,mutant,NFSND,mutant,ARA,wildtype,RA,wildtype
AA028-D0,CVMNK|CVIET,mixed,AICNIT,mutant,ICNI,mutant,ICN,mutant,ISAKAA,wildtype,SAKAA,wildtype,ICN/A,mutant,ICN/AK,mutant,ICN/AKA,mutant,ICNI/AKA,mutant,ICNI/AK,mutant,NFSND,mutant,ARA|AIA,mixed,RA|IA,mixed
AA029-D0,CVMNK|CVIET,mixed,AICNIT,mutant,ICNI,mutant,ICN,mutant,ISAKAA,wildtype,SAKAA,wildtype,ICN/A,mutant,ICN/AK,mutant,ICN/AKA,mutant,ICNI/AKA,mutant,ICNI/AK,mutant,NFSND,mutant,ARA|AIA,mixed,RA|IA,mixed
AA030-D0,CVIET,mutant,AICNIT,mutant,ICNI,mutant,ICN,mutant,ISAKAA|ISGEAA,mixed,SAKAA|SGEAA,mixed,ICN/A|ICN/G,mixed,ICN/AK|ICN/GE,mixed,ICN/AKA|ICN/GEA,mixed,ICNI/AKA|ICNI/GEA,mixed,ICNI/AK|ICNI/GE,mixed,NFSND,mutant,ARA,wildtype,RA,wildtype
AA031-D0,CVIET,mutant,AICNIT,mutant,ICNI,mutant,ICN,mutant,ISAKAA,wildtype,SAKAA,wildtype,ICN/A,mutant,ICN/AK,mutant,ICN/AKA,mutant,ICNI/AKA,mutant,ICNI/AK,mutant,NFSND,mutant,ARA,wildtype,RA,wildtype
AA032-D0,CVIET,mutant,AICNIT,mutant,ICNI,mutant,ICN,mutant,ISGEAA,mutant,SGEAA,mutant,ICN/G,mutant,ICN/GE,mutant,ICN/GEA,mutant,ICNI/GEA,mutant,ICNI/GE,mutant,NFSND,mutant,ARA,wildtype,RA,wildtype
AA033-D0,CVMNK,wildtype,AICNIT,mutant,ICNI,mutant,ICN,mutant,ISAKAA,wildtype,SAKAA,wildtype,ICN/A,mutant,ICN/AK,mutant,ICN/AKA,mutant,ICNI/AKA,mutant,ICNI/AK,mutant,NFSND,mutant,ARA,wildtype,RA,wildtype
AA034-D0,CVIET,mutant,AICNIT,mutant,ICNI,mutant,ICN,mutant,ISAKAA,wildtype,SAKAA,wildtype,ICN/A,mutant,ICN/AK,mutant,ICN/AKA,mutant,ICNI/AKA,mutant,ICNI/AK,mutant,NFSND,mutant,ARA,wildtype,RA,wildtype
AA034-Unsch,CVIET,mutant,AICNIT,mutant,ICNI,mutant,ICN,mutant,ISAKAA,wildtype,SAKAA,wildtype,ICN/A,mutant,ICN/AK,mutant,ICN/AKA,mutant,ICNI/AKA,mutant,ICNI/AK,mutant,NFSND,mutant,ARA,wildtype,RA,wildtype
AA036-D0,CVMNK|CVIET,mixed,AICNIT,mutant,ICNI,mutant,ICN,mutant,ISAKAA,wildtype,SAKAA,wildtype,ICN/A,mutant,ICN/AK,mutant,ICN/AKA,mutant,ICNI/AKA,mutant,ICNI/AK,mutant,NFSND,mutant,ARA|AIA,mixed,RA|IA,mixed
AA037-D0,CVIET,mutant,AICNIT,mutant,ICNI,mutant,ICN,mutant,ISAKAA,wildtype,SAKAA,wildtype,ICN/A,mutant,ICN/AK,mutant,ICN/AKA,mutant,ICNI/AKA,mutant,ICNI/AK,mutant,NFSND,mutant,AIA,mutant,IA,mutant
AA038-D0,CVIET,mutant,AICNIT|AIRNIT,mixed,ICNI|IRNI,mixed,ICN|IRN,mixed,ISAKAA,wildtype,SAKAA,wildtype,ICN/A|IRN/A,mixed,ICN/AK|IRN/AK,mixed,ICN/AKA|IRN/AKA,mixed,ICNI/AKA|IRNI/AKA,mixed,ICNI/AK|IRNI/AK,mixed,NFSND,mutant,ARA|AIA,mixed,RA|IA,mixed
AA039-D0,CVIET,mutant,AIRNIT,mutant,IRNI,mutant,IRN,mutant,ISGEAA,mutant,SGEAA,mutant,IRN/G,mutant,IRN/GE,mutant,IRN/GEA,mutant,IRNI/GEA,mutant,IRNI/GE,mutant,NFSND,mutant,AIA,mutant,IA,mutant
AA040-D0,CVIET,mutant,AICNIT,mutant,ICNI,mutant,ICN,mutant,ISGEAA,mutant,SGEAA,mutant,ICN/G,mutant,ICN/GE,mutant,ICN/GEA,mutant,ICNI/GEA,mutant,ICNI/GE,mutant,NFSND,mutant,ARA,wildtype,RA,wildtype
AA041-D0,CVMNK|CVIET,mixed,AICNIT|AIRNIT,mixed,ICNI|IRNI,mixed,ICN|IRN,mixed,ISAKAA|ISGEAA,mixed,SAKAA|SGEAA,mixed,ICN/A|ICN/G|IRN/A|IRN/G,mixed,ICN/AK|ICN/GE|IRN/AK|IRN/GE,mixed,ICN/AKA|ICN/GEA|IRN/AKA|IRN/GEA,mixed,ICNI/AKA|ICNI/GEA|IRNI/AKA|IRNI/GEA,mixed,ICNI/AK|ICNI/GE|IRNI/AK|IRNI/GE,mixed,NFSND,mutant,ARA|AIA,mixed,RA|IA,mixed
AA042-D0,CVMNK,wildtype,AIRNIT,mutant,IRNI,mutant,IRN,mutant,ISAKAA,wildtype,SAKAA,wildtype,IRN/A,mutant,IRN/AK,mutant,IRN/AKA,mutant,IRNI/AKA,mutant,IRNI/AK,mutant,NFSND,mutant,ARA,wildtype,RA,wildtype
AA043-D0,CVIET,mutant,AICNIT,mutant,ICNI,mutant,ICN,mutant,ISGEAA,mutant,SGEAA,mutant,ICN/G,mutant,ICN/GE,mutant,ICN/GEA,mutant,ICNI/GEA,mutant,ICNI/GE,mutant,-FSND,mutant,A--,NA,-,NA
AA044-D0,CVMNK,wildtype,AICNIT,mutant,ICNI,mutant,ICN,mutant,ISAKAA,wildtype,SAKAA,wildtype,ICN/A,mutant,ICN/AK,mutant,ICN/AKA,mutant,ICNI/AKA,mutant,ICNI/AK,mutant,NFSND,mutant,ARA,wildtype,RA,wildtype
AA045-D0,CVMNK,wildtype,AICNIT,mutant,ICNI,mutant,ICN,mutant,ISAKAA,wildtype,SAKAA,wildtype,ICN/A,mutant,ICN/AK,mutant,ICN/AKA,mutant,ICNI/AKA,mutant,ICNI/AK,mutant,NFSND,mutant,ARA,wildtype,RA,wildtype
AA046-D0,CVIET,mutant,AICNIT,mutant,ICNI,mutant,ICN,mutant,ISGEAA,mutant,SGEAA,mutant,ICN/G,mutant,ICN/GE,mutant,ICN/GEA,mutant,ICNI/GEA,mutant,ICNI/GE,mutant,NFSND,mutant,AIA,mutant,IA,mutant
AA047-D0,CVIET,mutant,AICNIT,mutant,ICNI,mutant,ICN,mutant,ISGEAA,mutant,SGEAA,mutant,ICN/G,mutant,ICN/GE,mutant,ICN/GEA,mutant,ICNI/GEA,mutant,ICNI/GE,mutant,NFSND,mutant,ARA,wildtype,RA,wildtype
AA048-D0,CVIET,mutant,AICNIT,mutant,ICNI,mutant,ICN,mutant,ISGEAA,mutant,SGEAA,mutant,ICN/G,mutant,ICN/GE,mutant,ICN/GEA,mutant,ICNI/GEA,mutant,ICNI/GE,mutant,NFSND,mutant,ARA,wildtype,RA,wildtype
AA049-D0,CVIET,mutant,AICNIT,mutant,ICNI,mutant,ICN,mutant,ISAKAA|ISGEAA,mixed,SAKAA|SGEAA,mixed,ICN/A|ICN/G,mixed,ICN/AK|ICN/GE,mixed,ICN/AKA|ICN/GEA,mixed,ICNI/AKA|ICNI/GEA,mixed,ICNI/AK|ICNI/GE,mixed,NFSND,mutant,ARA|AIA,mixed,RA|IA,mixed
AA051-D0,CVIET,mutant,AIRNIT,mutant,IRNI,mutant,IRN,mutant,ISAKAA,wildtype,SAKAA,wildtype,IRN/A,mutant,IRN/AK,mutant,IRN/AKA,mutant,IRNI/AKA,mutant,IRNI/AK,mutant,NFSND,mutant,AIA,mutant,IA,mutant
AA052-D0,CVMNK,wildtype,AICNIT,mutant,ICNI,mutant,ICN,mutant,ISAKAA,wildtype,SAKAA,wildtype,ICN/A,mutant,ICN/AK,mutant,ICN/AKA,mutant,ICNI/AKA,mutant,ICNI/AK,mutant,NFSND,mutant,ARA,wildtype,RA,wildtype
AA053-D0,CVMNK,wildtype,AICNIT,mutant,ICNI,mutant,ICN,mutant,ISAKAA,wildtype,SAKAA,wildtype,ICN/A,mutant,ICN/AK,mutant,ICN/AKA,mutant,ICNI/AKA,mutant,ICNI/AK,mutant,NFSND,mutant,ARA,wildtype,RA,wildtype
AA054-D0,CVIET,mutant,AICNIT,mutant,ICNI,mutant,ICN,mutant,ISGEAA,mutant,SGEAA,mutant,ICN/G,mutant,ICN/GE,mutant,ICN/GEA,mutant,ICNI/GEA,mutant,ICNI/GE,mutant,NFSND,mutant,AIA,mutant,IA,mutant
AA056-D0,CVIET,mutant,AICNIT|AIRNIT,mixed,ICNI|IRNI,mixed,ICN|IRN,mixed,ISAKAA|ISGEAA,mixed,SAKAA|SGEAA,mixed,ICN/A|ICN/G|IRN/A|IRN/G,mixed,ICN/AK|ICN/GE|IRN/AK|IRN/GE,mixed,ICN/AKA|ICN/GEA|IRN/AKA|IRN/GEA,mixed,ICNI/AKA|ICNI/GEA|IRNI/AKA|IRNI/GEA,mixed,ICNI/AK|ICNI/GE|IRNI/AK|IRNI/GE,mixed,NFSND,mutant,ARA|AIA,mixed,RA|IA,mixed
AA057-D0,CVIET,mutant,AICNIT,mutant,ICNI,mutant,ICN,mutant,ISAKAA,wildtype,SAKAA,wildtype,ICN/A,mutant,ICN/AK,mutant,ICN/AKA,mutant,ICNI/AKA,mutant,ICNI/AK,mutant,NFSND,mutant,ARA,wildtype,RA,wildtype
AA058-D0,CVIET,mutant,AICNIT,mutant,ICNI,mutant,ICN,mutant,ISGEAA,mutant,SGEAA,mutant,ICN/G,mutant,ICN/GE,mutant,ICN/GEA,mutant,ICNI/GEA,mutant,ICNI/GE,mutant,NFSND,mutant,ARA,wildtype,RA,wildtype
AA059-D0,CVMNK|CVIET,mixed,AICNIT|ANRNIT,mixed,ICNI|NRNI,mixed,ICN|NRN,mixed,ISAKAA|ISGEAA,mixed,SAKAA|SGEAA,mixed,ICN/A|ICN/G|NRN/A|NRN/G,mixed,ICN/AK|ICN/GE|NRN/AK|NRN/GE,mixed,ICN/AKA|ICN/GEA|NRN/AKA|NRN/GEA,mixed,ICNI/AKA|ICNI/GEA|NRNI/AKA|NRNI/GEA,mixed,ICNI/AK|ICNI/GE|NRNI/AK|NRNI/GE,mixed,NFSND,mutant,ARA,wildtype,RA,wildtype
AA060-D0,CVIET,mutant,AIRNIT,mutant,IRNI,mutant,IRN,mutant,ISAKAA,wildtype,SAKAA,wildtype,IRN/A,mutant,IRN/AK,mutant,IRN/AKA,mutant,IRNI/AKA,mutant,IRNI/AK,mutant,NFSND,mutant,AIA,mutant,IA,mutant
AA061-D0,CVIET,mutant,ANRNIT,mutant,NRNI,mutant,NRN,mutant,ISGEAA,mutant,SGEAA,mutant,NRN/G,mutant,NRN/GE,mutant,NRN/GEA,mutant,NRNI/GEA,mutant,NRNI/GE,mutant,NFSND,mutant,ARA,wildtype,RA,wildtype
AA062-D0,CVMNK,wildtype,AICNIT,mutant,ICNI,mutant,ICN,mutant,ISAKAA,wildtype,SAKAA,wildtype,ICN/A,mutant,ICN/AK,mutant,ICN/AKA,mutant,ICNI/AKA,mutant,ICNI/AK,mutant,NFSND,mutant,ARA,wildtype,RA,wildtype
AA063-D0,CVIET,mutant,AICNIT,mutant,ICNI,mutant,ICN,mutant,ISAKAA,wildtype,SAKAA,wildtype,ICN/A,mutant,ICN/AK,mutant,ICN/AKA,mutant,ICNI/AKA,mutant,ICNI/AK,mutant,NFSND,mutant,ARA,wildtype,RA,wildtype
AA064-D0,CVMNK|CVIET,mixed,AICNIT,mutant,ICNI,mutant,ICN,mutant,ISAKAA,wildtype,SAKAA,wildtype,ICN/A,mutant,ICN/AK,mutant,ICN/AKA,mutant,ICNI/AKA,mutant,ICNI/AK,mutant,NFSND,mutant,ARA,wildtype,RA,wildtype
AA065-D0,CVMNK,wildtype,AICNIT,mutant,ICNI,mutant,ICN,mutant,ISGEAA,mutant,SGEAA,mutant,ICN/G,mutant,ICN/GE,mutant,ICN/GEA,mutant,ICNI/GEA,mutant,ICNI/GE,mutant,NFSND,mutant,ARA,wildtype,RA,wildtype
AA066-D0,CVIET,mutant,AICNIT,mutant,ICNI,mutant,ICN,mutant,ISGEAA,mutant,SGEAA,mutant,ICN/G,mutant,ICN/GE,mutant,ICN/GEA,mutant,ICNI/GEA,mutant,ICNI/GE,mutant,NFSND,mutant,ARA,wildtype,RA,wildtype
AA067-D0,CVMNK,wildtype,AIRNIT,mutant,IRNI,mutant,IRN,mutant,ISAKAA,wildtype,SAKAA,wildtype,IRN/A,mutant,IRN/AK,mutant,IRN/AKA,mutant,IRNI/AKA,mutant,IRNI/AK,mutant,NFSND,mutant,ARA,wildtype,RA,wildtype
AA068-D0,CVMNK,wildtype,AICNIT,mutant,ICNI,mutant,ICN,mutant,ISGEAA,mutant,SGEAA,mutant,ICN/G,mutant,ICN/GE,mutant,ICN/GEA,mutant,ICNI/GEA,mutant,ICNI/GE,mutant,NFSND,mutant,ARA,wildtype,RA,wildtype
AA069-D0,CVIET,mutant,AICNIT,mutant,ICNI,mutant,ICN,mutant,ISAKAA,wildtype,SAKAA,wildtype,ICN/A,mutant,ICN/AK,mutant,ICN/AKA,mutant,ICNI/AKA,mutant,ICNI/AK,mutant,NFSND,mutant,AIA,mutant,IA,mutant
AA070-D0,CVMNK,wildtype,AIRNIT,mutant,IRNI,mutant,IRN,mutant,ISAKAA,wildtype,SAKAA,wildtype,IRN/A,mutant,IRN/AK,mutant,IRN/AKA,mutant,IRNI/AKA,mutant,IRNI/AK,mutant,NFSND,mutant,ARA,wildtype,RA,wildtype
AA071-D0,CVMNK|CVIET,mixed,AICNIT|AIRNIT,mixed,ICNI|IRNI,mixed,ICN|IRN,mixed,ISAKAA|ISGEAA,mixed,SAKAA|SGEAA,mixed,ICN/A|ICN/G|IRN/A|IRN/G,mixed,ICN/AK|ICN/GE|IRN/AK|IRN/GE,mixed,ICN/AKA|ICN/GEA|IRN/AKA|IRN/GEA,mixed,ICNI/AKA|ICNI/GEA|IRNI/AKA|IRNI/GEA,mixed,ICNI/AK|ICNI/GE|IRNI/AK|IRNI/GE,mixed,NFSND,mutant,ARA,wildtype,RA,wildtype
AA073-D0,CVIET,mutant,AICNIT,mutant,ICNI,mutant,ICN,mutant,ISGEAA,mutant,SGEAA,mutant,ICN/G,mutant,ICN/GE,mutant,ICN/GEA,mutant,ICNI/GEA,mutant,ICNI/GE,mutant,NFSND,mutant,ARA,wildtype,RA,wildtype
AA076-D0,CVMNK,wildtype,AICNIT,mutant,ICNI,mutant,ICN,mutant,ISAKAA,wildtype,SAKAA,wildtype,ICN/A,mutant,ICN/AK,mutant,ICN/AKA,mutant,ICNI/AKA,mutant,ICNI/AK,mutant,NFSND,mutant,ARA,wildtype,RA,wildtype
AA077-D0,CVMNK,wildtype,AICNIT,mutant,ICNI,mutant,ICN,mutant,ISAKAA,wildtype,SAKAA,wildtype,ICN/A,mutant,ICN/AK,mutant,ICN/AKA,mutant,ICNI/AKA,mutant,ICNI/AK,mutant,NFSND,mutant,ARA|AIA,mixed,RA|IA,mixed
AA078-D0,CVIET,mutant,AICNIT,mutant,ICNI,mutant,ICN,mutant,ISAKAA|ISGEAA,mixed,SAKAA|SGEAA,mixed,ICN/A|ICN/G,mixed,ICN/AK|ICN/GE,mixed,ICN/AKA|ICN/GEA,mixed,ICNI/AKA|ICNI/GEA,mixed,ICNI/AK|ICNI/GE,mixed,NFSND,mutant,ARA|AIA,mixed,RA|IA,mixed
AA080-D0,CVMNK,wildtype,AICNIT,mutant,ICNI,mutant,ICN,mutant,ISAKAA,wildtype,SAKAA,wildtype,ICN/A,mutant,ICN/AK,mutant,ICN/AKA,mutant,ICNI/AKA,mutant,ICNI/AK,mutant,NFSND,mutant,ARA,wildtype,RA,wildtype
AA081-D0,CVMNK,wildtype,AICNIT,mutant,ICNI,mutant,ICN,mutant,ISAKAA,wildtype,SAKAA,wildtype,ICN/A,mutant,ICN/AK,mutant,ICN/AKA,mutant,ICNI/AKA,mutant,ICNI/AK,mutant,NFSND,mutant,ARA,wildtype,RA,wildtype
AA081-D28,CVMNK|CVIET,mixed,AICNIT,mutant,ICNI,mutant,ICN,mutant,ISAKAA,wildtype,SAKAA,wildtype,ICN/A,mutant,ICN/AK,mutant,ICN/AKA,mutant,ICNI/AKA,mutant,ICNI/AK,mutant,NFSND,mutant,ARA|AIA,mixed,RA|IA,mixed
AA082-D0,CVIET,mutant,AIRNIT,mutant,IRNI,mutant,IRN,mutant,ISGEAA,mutant,SGEAA,mutant,IRN/G,mutant,IRN/GE,mutant,IRN/GEA,mutant,IRNI/GEA,mutant,IRNI/GE,mutant,NFSND,mutant,AIA,mutant,IA,mutant
AA083-D0,CVIET,mutant,ANRNIT,mutant,NRNI,mutant,NRN,mutant,ISAKAA,wildtype,SAKAA,wildtype,NRN/A,mutant,NRN/AK,mutant,NRN/AKA,mutant,NRNI/AKA,mutant,NRNI/AK,mutant,NFSND,mutant,AIA,mutant,IA,mutant
AA084-D0,CVIET,mutant,AICNIT,mutant,ICNI,mutant,ICN,mutant,ISAKAA,wildtype,SAKAA,wildtype,ICN/A,mutant,ICN/AK,mutant,ICN/AKA,mutant,ICNI/AKA,mutant,ICNI/AK,mutant,NFSND,mutant,ARA,wildtype,RA,wildtype
AA085-D0,CVIET,mutant,AICNIT,mutant,ICNI,mutant,ICN,mutant,ISAKAA,wildtype,SAKAA,wildtype,ICN/A,mutant,ICN/AK,mutant,ICN/AKA,mutant,ICNI/AKA,mutant,ICNI/AK,mutant,NFSND,mutant,ARA,wildtype,RA,wildtype
AA086-D0,CVIET,mutant,AICNIT,mutant,ICNI,mutant,ICN,mutant,ISAKAA,wildtype,SAKAA,wildtype,ICN/A,mutant,ICN/AK,mutant,ICN/AKA,mutant,ICNI/AKA,mutant,ICNI/AK,mutant,NFSND,mutant,AIA,mutant,IA,mutant
AA088-D0,CVIET,mutant,AICNIT,mutant,ICNI,mutant,ICN,mutant,ISAKAA,wildtype,SAKAA,wildtype,ICN/A,mutant,ICN/AK,mutant,ICN/AKA,mutant,ICNI/AKA,mutant,ICNI/AK,mutant,NFSND,mutant,AIA,mutant,IA,mutant
AA089-D0,CVMNK,wildtype,AIRNIT,mutant,IRNI,mutant,IRN,mutant,ISAKAA,wildtype,SAKAA,wildtype,IRN/A,mutant,IRN/AK,mutant,IRN/AKA,mutant,IRNI/AKA,mutant,IRNI/AK,mutant,NFSND,mutant,ARA,wildtype,RA,wildtype
AA090-D0,CVMNK,wildtype,AIRNIT,mutant,IRNI,mutant,IRN,mutant,ISAKAA,wildtype,SAKAA,wildtype,IRN/A,mutant,IRN/AK,mutant,IRN/AKA,mutant,IRNI/AKA,mutant,IRNI/AK,mutant,NFSND,mutant,ARA,wildtype,RA,wildtype
AA091-D0,CVIET,mutant,AIRNIT,mutant,IRNI,mutant,IRN,mutant,ISGEAA,mutant,SGEAA,mutant,IRN/G,mutant,IRN/GE,mutant,IRN/GEA,mutant,IRNI/GEA,mutant,IRNI/GE,mutant,NFSND,mutant,AIA,mutant,IA,mutant
AA092-D0,CVMNK,wildtype,AIRNIT,mutant,IRNI,mutant,IRN,mutant,ISAKAA,wildtype,SAKAA,wildtype,IRN/A,mutant,IRN/AK,mutant,IRN/AKA,mutant,IRNI/AKA,mutant,IRNI/AK,mutant,NFSND,mutant,ARA,wildtype,RA,wildtype
AA093-D0,CVIET,mutant,AIRNIT,mutant,IRNI,mutant,IRN,mutant,ISGEAA,mutant,SGEAA,mutant,IRN/G,mutant,IRN/GE,mutant,IRN/GEA,mutant,IRNI/GEA,mutant,IRNI/GE,mutant,NFSND,mutant,AIA,mutant,IA,mutant
AA094-D0,CVMNK,wildtype,AICNIT,mutant,ICNI,mutant,ICN,mutant,ISAKAA,wildtype,SAKAA,wildtype,ICN/A,mutant,ICN/AK,mutant,ICN/AKA,mutant,ICNI/AKA,mutant,ICNI/AK,mutant,NFSND,mutant,ARA,wildtype,RA,wildtype
AA095-D0,CVIET,mutant,AIRNIT,mutant,IRNI,mutant,IRN,mutant,ISAKAA,wildtype,SAKAA,wildtype,IRN/A,mutant,IRN/AK,mutant,IRN/AKA,mutant,IRNI/AKA,mutant,IRNI/AK,mutant,NFSND,mutant,AIA,mutant,IA,mutant
AA096-D0,CVMNK,wildtype,AIRNIT,mutant,IRNI,mutant,IRN,mutant,ISAKAA,wildtype,SAKAA,wildtype,IRN/A,mutant,IRN/AK,mutant,IRN/AKA,mutant,IRNI/AKA,mutant,IRNI/AK,mutant,NFSND,mutant,ARA,wildtype,RA,wildtype
AA097-D0,CVIET,mutant,AIRNIT,mutant,IRNI,mutant,IRN,mutant,ISGEAA,mutant,SGEAA,mutant,IRN/G,mutant,IRN/GE,mutant,IRN/GEA,mutant,IRNI/GEA,mutant,IRNI/GE,mutant,NFSND,mutant,ARA,wildtype,RA,wildtype
AA098-D0,CVMNK,wildtype,AICNIT,mutant,ICNI,mutant,ICN,mutant,ISAKAA,wildtype,SAKAA,wildtype,ICN/A,mutant,ICN/AK,mutant,ICN/AKA,mutant,ICNI/AKA,mutant,ICNI/AK,mutant,NFSND,mutant,ARA,wildtype,RA,wildtype
AA099-D0,CVMNK,wildtype,AIRNI-,mutant,IRNI,mutant,IRN,mutant,ISAKA-,NA,SAKA-,NA,IRN/A,mutant,IRN/AK,mutant,IRN/AKA,mutant,IRNI/AKA,mutant,IRNI/AK,mutant,NFSND,mutant,ARA,wildtype,RA,wildtype
AA100-D0,CVMNK,wildtype,AIRNIT,mutant,IRNI,mutant,IRN,mutant,ISAKAA,wildtype,SAKAA,wildtype,IRN/A,mutant,IRN/AK,mutant,IRN/AKA,mutant,IRNI/AKA,mutant,IRNI/AK,mutant,NFSND,mutant,ARA,wildtype,RA,wildtype
AC001-D0,CVMNK,wildtype,AICNI-|AIRNI-,mixed,ICNI|IRNI,mixed,ICN|IRN,mixed,ISGEAA,mutant,SGEAA,mutant,ICN/G|IRN/G,mixed,ICN/GE|IRN/GE,mixed,ICN/GEA|IRN/GEA,mixed,ICNI/GEA|IRNI/GEA,mixed,ICNI/GE|IRNI/GE,mixed,NFSND,mutant,ARA,wildtype,RA,wildtype
AC002-D0,CVMNK,wildtype,AICNIT,mutant,ICNI,mutant,ICN,mutant,ISGEAA,mutant,SGEAA,mutant,ICN/G,mutant,ICN/GE,mutant,ICN/GEA,mutant,ICNI/GEA,mutant,ICNI/GE,mutant,NYSND,wildtype,ARA,wildtype,RA,wildtype
AC003-D0,CVMNK,wildtype,AICNIT,mutant,ICNI,mutant,ICN,mutant,ISGEAA,mutant,SGEAA,mutant,ICN/G,mutant,ICN/GE,mutant,ICN/GEA,mutant,ICNI/GEA,mutant,ICNI/GE,mutant,NYSND,wildtype,ARA,wildtype,RA,wildtype
AC004-D0,CVMNK,wildtype,AIRNIT,mutant,IRNI,mutant,IRN,mutant,ISGEAA,mutant,SGEAA,mutant,IRN/G,mutant,IRN/GE,mutant,IRN/GEA,mutant,IRNI/GEA,mutant,IRNI/GE,mutant,NFSND,mutant,ARA,wildtype,RA,wildtype
AC004-D28,CVMNK,wildtype,AIRNIT,mutant,IRNI,mutant,IRN,mutant,ISGEAA,mutant,SGEAA,mutant,IRN/G,mutant,IRN/GE,mutant,IRN/GEA,mutant,IRNI/GEA,mutant,IRNI/GE,mutant,NFSND,mutant,ARA,wildtype,RA,wildtype
AC005-D0,CVMNK,wildtype,AICNIT,mutant,ICNI,mutant,ICN,mutant,ISAKAA,wildtype,SAKAA,wildtype,ICN/A,mutant,ICN/AK,mutant,ICN/AKA,mutant,ICNI/AKA,mutant,ICNI/AK,mutant,NFSND,mutant,ARA,wildtype,RA,wildtype
AC006-D0,CVMNK,wildtype,AIRNIT,mutant,IRNI,mutant,IRN,mutant,ISGEAA,mutant,SGEAA,mutant,IRN/G,mutant,IRN/GE,mutant,IRN/GEA,mutant,IRNI/GEA,mutant,IRNI/GE,mutant,NFSND,mutant,ARA,wildtype,RA,wildtype
AC007-D0,CVMNK,wildtype,AICNIT,mutant,ICNI,mutant,ICN,mutant,ISGEAA,mutant,SGEAA,mutant,ICN/G,mutant,ICN/GE,mutant,ICN/GEA,mutant,ICNI/GEA,mutant,ICNI/GE,mutant,NFSND,mutant,ARA,wildtype,RA,wildtype
AC008-D0,CVMNK,wildtype,AICNIT|AIRNIT,mixed,ICNI|IRNI,mixed,ICN|IRN,mixed,ISAKAA,wildtype,SAKAA,wildtype,ICN/A|IRN/A,mixed,ICN/AK|IRN/AK,mixed,ICN/AKA|IRN/AKA,mixed,ICNI/AKA|IRNI/AKA,mixed,ICNI/AK|IRNI/AK,mixed,NYSND,wildtype,ARA,wildtype,RA,wildtype
AC009-D0,CVMNK,wildtype,ANCSIT,wildtype,NCSI,wildtype,NCS,wildtype,ISAKAA,wildtype,SAKAA,wildtype,NCS/A,wildtype,NCS/AK,wildtype,NCS/AKA,wildtype,NCSI/AKA,wildtype,NCSI/AK,wildtype,NFSND,mutant,ARA,wildtype,RA,wildtype
AC010-D0,CVMNK,wildtype,AIRNIT,mutant,IRNI,mutant,IRN,mutant,ISGEAA,mutant,SGEAA,mutant,IRN/G,mutant,IRN/GE,mutant,IRN/GEA,mutant,IRNI/GEA,mutant,IRNI/GE,mutant,NFSND,mutant,ARA,wildtype,RA,wildtype
AC011-D0,CVMNK,wildtype,AICNIT|AIRNIT,mixed,ICNI|IRNI,mixed,ICN|IRN,mixed,ISGEAA,mutant,SGEAA,mutant,ICN/G|IRN/G,mixed,ICN/GE|IRN/GE,mixed,ICN/GEA|IRN/GEA,mixed,ICNI/GEA|IRNI/GEA,mixed,ICNI/GE|IRNI/GE,mixed,NFSND,mutant,ARA,wildtype,RA,wildtype
AC012-D0,CVMNK,wildtype,AICNIT,mutant,ICNI,mutant,ICN,mutant,ISAKAA|ISGEAA,mixed,SAKAA|SGEAA,mixed,ICN/A|ICN/G,mixed,ICN/AK|ICN/GE,mixed,ICN/AKA|ICN/GEA,mixed,ICNI/AKA|ICNI/GEA,mixed,ICNI/AK|ICNI/GE,mixed,NYSND|NFSND,mixed,ARA,wildtype,RA,wildtype
AC013-D0,CVMNK,wildtype,ANCSIT,wildtype,NCSI,wildtype,NCS,wildtype,ISAKAA,wildtype,SAKAA,wildtype,NCS/A,wildtype,NCS/AK,wildtype,NCS/AKA,wildtype,NCSI/AKA,wildtype,NCSI/AK,wildtype,NFSND,mutant,ARA,wildtype,RA,wildtype
AC014-D0,CVMNK,wildtype,AICNIT,mutant,ICNI,mutant,ICN,mutant,ISGEAA,mutant,SGEAA,mutant,ICN/G,mutant,ICN/GE,mutant,ICN/GEA,mutant,ICNI/GEA,mutant,ICNI/GE,mutant,NFSND,mutant,ARA,wildtype,RA,wildtype
AC015-D0,CVMNK,wildtype,AIRNIT,mutant,IRNI,mutant,IRN,mutant,ISAKAA,wildtype,SAKAA,wildtype,IRN/A,mutant,IRN/AK,mutant,IRN/AKA,mutant,IRNI/AKA,mutant,IRNI/AK,mutant,NFSND,mutant,ARA,wildtype,RA,wildtype
AC015-D28,CVMNK,wildtype,AICNIT,mutant,ICNI,mutant,ICN,mutant,ISAKAA,wildtype,SAKAA,wildtype,ICN/A,mutant,ICN/AK,mutant,ICN/AKA,mutant,ICNI/AKA,mutant,ICNI/AK,mutant,NYSND,wildtype,ARA,wildtype,RA,wildtype
AC016-D0,CVMNK,wildtype,AIRNIT|ANRNIT,mixed,IRNI|NRNI,mixed,IRN|NRN,mixed,ISAKAA,wildtype,SAKAA,wildtype,IRN/A|NRN/A,mixed,IRN/AK|NRN/AK,mixed,IRN/AKA|NRN/AKA,mixed,IRNI/AKA|NRNI/AKA,mixed,IRNI/AK|NRNI/AK,mixed,NFSND,mutant,ARA,wildtype,RA,wildtype
AC017-D0,CVMNK,wildtype,AIRNIT,mutant,IRNI,mutant,IRN,mutant,ICAKAA,mutant,CAKAA,mutant,IRN/A,mutant,IRN/AK,mutant,IRN/AKA,mutant,IRNI/AKA,mutant,IRNI/AK,mutant,NFSND,mutant,ARA,wildtype,RA,wildtype
AC018-D0,CVMNK,wildtype,AICNIT,mutant,ICNI,mutant,ICN,mutant,ISAKAA,wildtype,SAKAA,wildtype,ICN/A,mutant,ICN/AK,mutant,ICN/AKA,mutant,ICNI/AKA,mutant,ICNI/AK,mutant,NYSND,wildtype,ARA,wildtype,RA,wildtype
AC019-D0,CVMNK,wildtype,AICNIT,mutant,ICNI,mutant,ICN,mutant,ISAKAA,wildtype,SAKAA,wildtype,ICN/A,mutant,ICN/AK,mutant,ICN/AKA,mutant,ICNI/AKA,mutant,ICNI/AK,mutant,NFSND,mutant,ARA,wildtype,RA,wildtype
AC020-D0,CVMNK,wildtype,AICNIT|AIRNIT,mixed,ICNI|IRNI,mixed,ICN|IRN,mixed,ISAKAA,wildtype,SAKAA,wildtype,ICN/A|IRN/A,mixed,ICN/AK|IRN/AK,mixed,ICN/AKA|IRN/AKA,mixed,ICNI/AKA|IRNI/AKA,mixed,ICNI/AK|IRNI/AK,mixed,NFSND,mutant,ARA,wildtype,RA,wildtype
AC021-D0,CVMNK,wildtype,AICNIT,mutant,ICNI,mutant,ICN,mutant,ISAKAA,wildtype,SAKAA,wildtype,ICN/A,mutant,ICN/AK,mutant,ICN/AKA,mutant,ICNI/AKA,mutant,ICNI/AK,mutant,NFSND,mutant,ARA,wildtype,RA,wildtype
AC022-D0,CVMNK,wildtype,AIRNIT,mutant,IRNI,mutant,IRN,mutant,ISGEGA,mutant,SGEGA,mutant,IRN/G,mutant,IRN/GE,mutant,IRN/GEG,mutant,IRNI/GEG,mutant,IRNI/GE,mutant,NFSND,mutant,ARA,wildtype,RA,wildtype
AC022-D21,CVMNK,wildtype,AIRNIT,mutant,IRNI,mutant,IRN,mutant,ISGEAA,mutant,SGEAA,mutant,IRN/G,mutant,IRN/GE,mutant,IRN/GEA,mutant,IRNI/GEA,mutant,IRNI/GE,mutant,NFSND,mutant,ARA,wildtype,RA,wildtype
AC023-D0,CVMNK,wildtype,AICNIT,mutant,ICNI,mutant,ICN,mutant,ISAKAA,wildtype,SAKAA,wildtype,ICN/A,mutant,ICN/AK,mutant,ICN/AKA,mutant,ICNI/AKA,mutant,ICNI/AK,mutant,NFSND,mutant,ARA,wildtype,RA,wildtype
AC024-D0,CVMNK,wildtype,AICNIT,mutant,ICNI,mutant,ICN,mutant,ISAKAA,wildtype,SAKAA,wildtype,ICN/A,mutant,ICN/AK,mutant,ICN/AKA,mutant,ICNI/AKA,mutant,ICNI/AK,mutant,NFSND,mutant,ARA,wildtype,RA,wildtype
AC025-D0,CVMNK,wildtype,AIRNIT,mutant,IRNI,mutant,IRN,mutant,ISGEAA,mutant,SGEAA,mutant,IRN/G,mutant,IRN/GE,mutant,IRN/GEA,mutant,IRNI/GEA,mutant,IRNI/GE,mutant,NFSND,mutant,ARV,mutant,RV,mutant
AC027-D0,CVMNK,wildtype,AIRNIT,mutant,IRNI,mutant,IRN,mutant,ISAKAA,wildtype,SAKAA,wildtype,IRN/A,mutant,IRN/AK,mutant,IRN/AKA,mutant,IRNI/AKA,mutant,IRNI/AK,mutant,NFSND,mutant,ARA,wildtype,RA,wildtype
AC028-D0,CVMNK,wildtype,AIRNIT,mutant,IRNI,mutant,IRN,mutant,ISGEAA,mutant,SGEAA,mutant,IRN/G,mutant,IRN/GE,mutant,IRN/GEA,mutant,IRNI/GEA,mutant,IRNI/GE,mutant,NFSND,mutant,ARA,wildtype,RA,wildtype
AC028-D21,CVMNK,wildtype,AIRNIT,mutant,IRNI,mutant,IRN,mutant,ISGEAA,mutant,SGEAA,mutant,IRN/G,mutant,IRN/GE,mutant,IRN/GEA,mutant,IRNI/GEA,mutant,IRNI/GE,mutant,NFSND,mutant,ARA,wildtype,RA,wildtype
AC029-D0,CVIET,mutant,AIRNIT,mutant,IRNI,mutant,IRN,mutant,ISGKAA,mutant,SGKAA,mutant,IRN/G,mutant,IRN/GK,mutant,IRN/GKA,mutant,IRNI/GKA,mutant,IRNI/GK,mutant,NFSND,mutant,ARA|AIA,mixed,RA|IA,mixed
AC032-D0,CVMNK,wildtype,AICNIT,mutant,ICNI,mutant,ICN,mutant,ISGEAA,mutant,SGEAA,mutant,ICN/G,mutant,ICN/GE,mutant,ICN/GEA,mutant,ICNI/GEA,mutant,ICNI/GE,mutant,NFSND,mutant,ARA,wildtype,RA,wildtype
AC033-D0,CVMNK|CVIET,mixed,AIRNIT,mutant,IRNI,mutant,IRN,mutant,ISGEAA,mutant,SGEAA,mutant,IRN/G,mutant,IRN/GE,mutant,IRN/GEA,mutant,IRNI/GEA,mutant,IRNI/GE,mutant,NFSND,mutant,ARA,wildtype,RA,wildtype
AC033-D28,CVMNK,wildtype,ANCSIT,wildtype,NCSI,wildtype,NCS,wildtype,ISGEAA,mutant,SGEAA,mutant,NCS/G,mutant,NCS/GE,mutant,NCS/GEA,mutant,NCSI/GEA,mutant,NCSI/GE,mutant,NFSND,mutant,ARA,wildtype,RA,wildtype
AC034-D0,CVMNK,wildtype,AIRNIT,mutant,IRNI,mutant,IRN,mutant,ISAKAA,wildtype,SAKAA,wildtype,IRN/A,mutant,IRN/AK,mutant,IRN/AKA,mutant,IRNI/AKA,mutant,IRNI/AK,mutant,NFSND,mutant,ARA,wildtype,RA,wildtype
AC036-D0,CVMNK,wildtype,AIRNIT,mutant,IRNI,mutant,IRN,mutant,ISAKAA,wildtype,SAKAA,wildtype,IRN/A,mutant,IRN/AK,mutant,IRN/AKA,mutant,IRNI/AKA,mutant,IRNI/AK,mutant,NFSND,mutant,ARA,wildtype,RA,wildtype
AC037-D0,CVMNK,wildtype,AICNIT|AIRNIT,mixed,ICNI|IRNI,mixed,ICN|IRN,mixed,ISAKAA|ISGEAA,mixed,SAKAA|SGEAA,mixed,ICN/A|ICN/G|IRN/A|IRN/G,mixed,ICN/AK|ICN/GE|IRN/AK|IRN/GE,mixed,ICN/AKA|ICN/GEA|IRN/AKA|IRN/GEA,mixed,ICNI/AKA|ICNI/GEA|IRNI/AKA|IRNI/GEA,mixed,ICNI/AK|ICNI/GE|IRNI/AK|IRNI/GE,mixed,NFSND,mutant,ARA,wildtype,RA,wildtype
AC038-D0,CVMNK,wildtype,AIRNIT,mutant,IRNI,mutant,IRN,mutant,ISAKAA,wildtype,SAKAA,wildtype,IRN/A,mutant,IRN/AK,mutant,IRN/AKA,mutant,IRNI/AKA,mutant,IRNI/AK,mutant,NYSND,wildtype,ARA,wildtype,RA,wildtype
AC039-D0,CVMNK,wildtype,AICNIT|AIRNIT,mixed,ICNI|IRNI,mixed,ICN|IRN,mixed,ISAKAA|ISGEAA,mixed,SAKAA|SGEAA,mixed,ICN/A|ICN/G|IRN/A|IRN/G,mixed,ICN/AK|ICN/GE|IRN/AK|IRN/GE,mixed,ICN/AKA|ICN/GEA|IRN/AKA|IRN/GEA,mixed,ICNI/AKA|ICNI/GEA|IRNI/AKA|IRNI/GEA,mixed,ICNI/AK|ICNI/GE|IRNI/AK|IRNI/GE,mixed,NFSND,mutant,ARA,wildtype,RA,wildtype
AC040-D0,CVMNK,wildtype,AIRNIT,mutant,IRNI,mutant,IRN,mutant,ISGEAA,mutant,SGEAA,mutant,IRN/G,mutant,IRN/GE,mutant,IRN/GEA,mutant,IRNI/GEA,mutant,IRNI/GE,mutant,NYSND,wildtype,ARA,wildtype,RA,wildtype
AC041-D0,CVMNK,wildtype,AIRNIT,mutant,IRNI,mutant,IRN,mutant,ICAKAA,mutant,CAKAA,mutant,IRN/A,mutant,IRN/AK,mutant,IRN/AKA,mutant,IRNI/AKA,mutant,IRNI/AK,mutant,NFSND,mutant,ARA,wildtype,RA,wildtype
AC043-D0,CVMNK,wildtype,AICNIT,mutant,ICNI,mutant,ICN,mutant,ISGEAA,mutant,SGEAA,mutant,ICN/G,mutant,ICN/GE,mutant,ICN/GEA,mutant,ICNI/GEA,mutant,ICNI/GE,mutant,NFSND,mutant,ARA,wildtype,RA,wildtype
AC043-D21,CVMNK,wildtype,AICNIT,mutant,ICNI,mutant,ICN,mutant,ISGEAA,mutant,SGEAA,mutant,ICN/G,mutant,ICN/GE,mutant,ICN/GEA,mutant,ICNI/GEA,mutant,ICNI/GE,mutant,NFSND,mutant,ARA,wildtype,RA,wildtype
AC044-D0,CVMNK,wildtype,AIRNIT,mutant,IRNI,mutant,IRN,mutant,ISGEAA,mutant,SGEAA,mutant,IRN/G,mutant,IRN/GE,mutant,IRN/GEA,mutant,IRNI/GEA,mutant,IRNI/GE,mutant,NFSND,mutant,ARA,wildtype,RA,wildtype
AC045-D0,CVMNK,wildtype,AICNIT,mutant,ICNI,mutant,ICN,mutant,ISGEAA,mutant,SGEAA,mutant,ICN/G,mutant,ICN/GE,mutant,ICN/GEA,mutant,ICNI/GEA,mutant,ICNI/GE,mutant,NFSND,mutant,ARA,wildtype,RA,wildtype
AC048-D0,CVMNK,wildtype,ANCSIT,wildtype,NCSI,wildtype,NCS,wildtype,ISGEAA,mutant,SGEAA,mutant,NCS/G,mutant,NCS/GE,mutant,NCS/GEA,mutant,NCSI/GEA,mutant,NCSI/GE,mutant,NFSND,mutant,ARV,mutant,RV,mutant
AC049-D0,CVMNK,wildtype,AIRNIT,mutant,IRNI,mutant,IRN,mutant,ISGEAA,mutant,SGEAA,mutant,IRN/G,mutant,IRN/GE,mutant,IRN/GEA,mutant,IRNI/GEA,mutant,IRNI/GE,mutant,NFSND,mutant,ARA,wildtype,RA,wildtype
AC050-D0,CVMNK|CVIET,mixed,AICSIT|ANCNIT,mixed,ICSI|NCNI,mixed,ICS|NCN,mixed,ISAKAA,wildtype,SAKAA,wildtype,ICS/A|NCN/A,mixed,ICS/AK|NCN/AK,mixed,ICS/AKA|NCN/AKA,mixed,ICSI/AKA|NCNI/AKA,mixed,ICSI/AK|NCNI/AK,mixed,NYSND,wildtype,ARA,wildtype,RA,wildtype
AC051-D0,CVIET,mutant,AIRNIT,mutant,IRNI,mutant,IRN,mutant,ISGEAA,mutant,SGEAA,mutant,IRN/G,mutant,IRN/GE,mutant,IRN/GEA,mutant,IRNI/GEA,mutant,IRNI/GE,mutant,NFSND,mutant,ARA,wildtype,RA,wildtype
AC052-D0,CVMNK,wildtype,AICNIT,mutant,ICNI,mutant,ICN,mutant,ISGEAA,mutant,SGEAA,mutant,ICN/G,mutant,ICN/GE,mutant,ICN/GEA,mutant,ICNI/GEA,mutant,ICNI/GE,mutant,NYSND,wildtype,ARA,wildtype,RA,wildtype
AC053-D0,CVMNK,wildtype,AICNIT,mutant,ICNI,mutant,ICN,mutant,ISGEAA,mutant,SGEAA,mutant,ICN/G,mutant,ICN/GE,mutant,ICN/GEA,mutant,ICNI/GEA,mutant,ICNI/GE,mutant,NFSND,mutant,ARA,wildtype,RA,wildtype
AC054-D0,CVMNK,wildtype,AIRNIT,mutant,IRNI,mutant,IRN,mutant,ISGEAA,mutant,SGEAA,mutant,IRN/G,mutant,IRN/GE,mutant,IRN/GEA,mutant,IRNI/GEA,mutant,IRNI/GE,mutant,NFSND,mutant,ARV,mutant,RV,mutant
AC055-D0,CVMNK,wildtype,AIRNIT,mutant,IRNI,mutant,IRN,mutant,ISAKAA,wildtype,SAKAA,wildtype,IRN/A,mutant,IRN/AK,mutant,IRN/AKA,mutant,IRNI/AKA,mutant,IRNI/AK,mutant,NFSND,mutant,ARA,wildtype,RA,wildtype
AC056-D0,CVMNK,wildtype,AIRNIT,mutant,IRNI,mutant,IRN,mutant,ISAKAA|ISGEAA,mixed,SAKAA|SGEAA,mixed,IRN/A|IRN/G,mixed,IRN/AK|IRN/GE,mixed,IRN/AKA|IRN/GEA,mixed,IRNI/AKA|IRNI/GEA,mixed,IRNI/AK|IRNI/GE,mixed,NFSND,mutant,ARA,wildtype,RA,wildtype
AC056-D21,CVMNK,wildtype,AICNIT,mutant,ICNI,mutant,ICN,mutant,ISGEAA,mutant,SGEAA,mutant,ICN/G,mutant,ICN/GE,mutant,ICN/GEA,mutant,ICNI/GEA,mutant,ICNI/GE,mutant,-FSND,mutant,A--,NA,-,NA
AC057-D0,CVMNK,wildtype,AIRNIT,mutant,IRNI,mutant,IRN,mutant,ISAKAA,wildtype,SAKAA,wildtype,IRN/A,mutant,IRN/AK,mutant,IRN/AKA,mutant,IRNI/AKA,mutant,IRNI/AK,mutant,NFSND,mutant,ARA,wildtype,RA,wildtype
AC058-D0,CVIET,mutant,AIRNIT,mutant,IRNI,mutant,IRN,mutant,ISGEAA,mutant,SGEAA,mutant,IRN/G,mutant,IRN/GE,mutant,IRN/GEA,mutant,IRNI/GEA,mutant,IRNI/GE,mutant,NFSND,mutant,ARA,wildtype,RA,wildtype
AC059-D0,CVMNK,wildtype,AICSI-|ANCNI-,mixed,ICSI|NCNI,mixed,ICS|NCN,mixed,ISAKA-,NA,SAKA-,NA,ICS/A|NCN/A,mixed,ICS/AK|NCN/AK,mixed,ICS/AKA|NCN/AKA,mixed,ICSI/AKA|NCNI/AKA,mixed,ICSI/AK|NCNI/AK,mixed,NYSND|NFSND,mixed,ARA,wildtype,RA,wildtype
AC060-D0,CVMNK,wildtype,AICNIT,mutant,ICNI,mutant,ICN,mutant,ISAKAA,wildtype,SAKAA,wildtype,ICN/A,mutant,ICN/AK,mutant,ICN/AKA,mutant,ICNI/AKA,mutant,ICNI/AK,mutant,NFSND,mutant,ARA,wildtype,RA,wildtype
AC061-D0,CVMNK,wildtype,AIRNIT,mutant,IRNI,mutant,IRN,mutant,ISGEAA,mutant,SGEAA,mutant,IRN/G,mutant,IRN/GE,mutant,IRN/GEA,mutant,IRNI/GEA,mutant,IRNI/GE,mutant,NFSND,mutant,ARA,wildtype,RA,wildtype
AC062-D0,CVIET,mutant,AIRNIT,mutant,IRNI,mutant,IRN,mutant,ISGEAA,mutant,SGEAA,mutant,IRN/G,mutant,IRN/GE,mutant,IRN/GEA,mutant,IRNI/GEA,mutant,IRNI/GE,mutant,NFSND,mutant,ARA,wildtype,RA,wildtype
AC063-D0,CVMNK,wildtype,AIRNIT,mutant,IRNI,mutant,IRN,mutant,ISGEAA,mutant,SGEAA,mutant,IRN/G,mutant,IRN/GE,mutant,IRN/GEA,mutant,IRNI/GEA,mutant,IRNI/GE,mutant,NFSND,mutant,ARA,wildtype,RA,wildtype
AC064-D0,CVMNK,wildtype,AICNIT,mutant,ICNI,mutant,ICN,mutant,ISAKAA,wildtype,SAKAA,wildtype,ICN/A,mutant,ICN/AK,mutant,ICN/AKA,mutant,ICNI/AKA,mutant,ICNI/AK,mutant,NFSND,mutant,ARA,wildtype,RA,wildtype
AC065-D0,CVMNK,wildtype,AIRNIT,mutant,IRNI,mutant,IRN,mutant,ISAKAA,wildtype,SAKAA,wildtype,IRN/A,mutant,IRN/AK,mutant,IRN/AKA,mutant,IRNI/AKA,mutant,IRNI/AK,mutant,NFSND,mutant,ARA,wildtype,RA,wildtype
AC066-D0,CVMNK,wildtype,AICNIT|AIRNIT,mixed,ICNI|IRNI,mixed,ICN|IRN,mixed,ISAKAA|ISGEAA,mixed,SAKAA|SGEAA,mixed,ICN/A|ICN/G|IRN/A|IRN/G,mixed,ICN/AK|ICN/GE|IRN/AK|IRN/GE,mixed,ICN/AKA|ICN/GEA|IRN/AKA|IRN/GEA,mixed,ICNI/AKA|ICNI/GEA|IRNI/AKA|IRNI/GEA,mixed,ICNI/AK|ICNI/GE|IRNI/AK|IRNI/GE,mixed,NYSND|NFSND,mixed,ARA,wildtype,RA,wildtype
AC067-D0,CVMNK,wildtype,AIRNIT,mutant,IRNI,mutant,IRN,mutant,ISGEAA,mutant,SGEAA,mutant,IRN/G,mutant,IRN/GE,mutant,IRN/GEA,mutant,IRNI/GEA,mutant,IRNI/GE,mutant,NFSND,mutant,ARA,wildtype,RA,wildtype
AC069-D0,CVMNK,wildtype,AIRNIT,mutant,IRNI,mutant,IRN,mutant,ISAKAA,wildtype,SAKAA,wildtype,IRN/A,mutant,IRN/AK,mutant,IRN/AKA,mutant,IRNI/AKA,mutant,IRNI/AK,mutant,NYSND,wildtype,ARA,wildtype,RA,wildtype
AC069-D21,CVMNK,wildtype,AIRNIT,mutant,IRNI,mutant,IRN,mutant,ISAKAA,wildtype,SAKAA,wildtype,IRN/A,mutant,IRN/AK,mutant,IRN/AKA,mutant,IRNI/AKA,mutant,IRNI/AK,mutant,NYSND,wildtype,ARA,wildtype,RA,wildtype
AC070-D0,CVMNK,wildtype,ANCSIT,wildtype,NCSI,wildtype,NCS,wildtype,ISAKAA,wildtype,SAKAA,wildtype,NCS/A,wildtype,NCS/AK,wildtype,NCS/AKA,wildtype,NCSI/AKA,wildtype,NCSI/AK,wildtype,NFSND,mutant,ARA,wildtype,RA,wildtype
AC071-D0,CVMNK,wildtype,ANRNIT,mutant,NRNI,mutant,NRN,mutant,ISAKAA,wildtype,SAKAA,wildtype,NRN/A,mutant,NRN/AK,mutant,NRN/AKA,mutant,NRNI/AKA,mutant,NRNI/AK,mutant,NFSND,mutant,ARA,wildtype,RA,wildtype
AC072-D0,CVMNK,wildtype,AICNIT,mutant,ICNI,mutant,ICN,mutant,ISGEAA,mutant,SGEAA,mutant,ICN/G,mutant,ICN/GE,mutant,ICN/GEA,mutant,ICNI/GEA,mutant,ICNI/GE,mutant,NFSND,mutant,ARA,wildtype,RA,wildtype
AC073-D0,CVMNK,wildtype,AICNIT|AIRNIT,mixed,ICNI|IRNI,mixed,ICN|IRN,mixed,ISAKAA|ISGEAA,mixed,SAKAA|SGEAA,mixed,ICN/A|ICN/G|IRN/A|IRN/G,mixed,ICN/AK|ICN/GE|IRN/AK|IRN/GE,mixed,ICN/AKA|ICN/GEA|IRN/AKA|IRN/GEA,mixed,ICNI/AKA|ICNI/GEA|IRNI/AKA|IRNI/GEA,mixed,ICNI/AK|ICNI/GE|IRNI/AK|IRNI/GE,mixed,NFSND,mutant,ARA,wildtype,RA,wildtype
AC074-D0,CVMNK,wildtype,AICNIT|AIRNIT,mixed,ICNI|IRNI,mixed,ICN|IRN,mixed,ISAKAA|ISGEAA,mixed,SAKAA|SGEAA,mixed,ICN/A|ICN/G|IRN/A|IRN/G,mixed,ICN/AK|ICN/GE|IRN/AK|IRN/GE,mixed,ICN/AKA|ICN/GEA|IRN/AKA|IRN/GEA,mixed,ICNI/AKA|ICNI/GEA|IRNI/AKA|IRNI/GEA,mixed,ICNI/AK|ICNI/GE|IRNI/AK|IRNI/GE,mixed,NFSND,mutant,ARA,wildtype,RA,wildtype
AC075-D0,CVMNK,wildtype,ANCSIT,wildtype,NCSI,wildtype,NCS,wildtype,ISAKAA,wildtype,SAKAA,wildtype,NCS/A,wildtype,NCS/AK,wildtype,NCS/AKA,wildtype,NCSI/AKA,wildtype,NCSI/AK,wildtype,NFSND,mutant,ARA,wildtype,RA,wildtype
AC076-D0,CVMNK,wildtype,AICNIT,mutant,ICNI,mutant,ICN,mutant,ISAKAA,wildtype,SAKAA,wildtype,ICN/A,mutant,ICN/AK,mutant,ICN/AKA,mutant,ICNI/AKA,mutant,ICNI/AK,mutant,NFSND,mutant,ARA,wildtype,RA,wildtype
AC077-D0,CVMNK,wildtype,AIRNIT,mutant,IRNI,mutant,IRN,mutant,ISGEAA,mutant,SGEAA,mutant,IRN/G,mutant,IRN/GE,mutant,IRN/GEA,mutant,IRNI/GEA,mutant,IRNI/GE,mutant,NFSND,mutant,ARA,wildtype,RA,wildtype
AC078-D0,CVMNK,wildtype,ANCSIT,wildtype,NCSI,wildtype,NCS,wildtype,ISAKAA,wildtype,SAKAA,wildtype,NCS/A,wildtype,NCS/AK,wildtype,NCS/AKA,wildtype,NCSI/AKA,wildtype,NCSI/AK,wildtype,NFSND,mutant,ARA,wildtype,RA,wildtype
AC079-D0,CVMNK,wildtype,ANCSIT,wildtype,NCSI,wildtype,NCS,wildtype,ISAKAA,wildtype,SAKAA,wildtype,NCS/A,wildtype,NCS/AK,wildtype,NCS/AKA,wildtype,NCSI/AKA,wildtype,NCSI/AK,wildtype,NFSND,mutant,ARV,mutant,RV,mutant
AC080-D0,CVMNK,wildtype,AIRNIT,mutant,IRNI,mutant,IRN,mutant,ISGEAA,mutant,SGEAA,mutant,IRN/G,mutant,IRN/GE,mutant,IRN/GEA,mutant,IRNI/GEA,mutant,IRNI/GE,mutant,NYSND,wildtype,ARA,wildtype,RA,wildtype
AC081-D0,CVMNK,wildtype,AIRNIT,mutant,IRNI,mutant,IRN,mutant,ISAKAA,wildtype,SAKAA,wildtype,IRN/A,mutant,IRN/AK,mutant,IRN/AKA,mutant,IRNI/AKA,mutant,IRNI/AK,mutant,NFSND,mutant,ARA,wildtype,RA,wildtype
AC082-D0,CVMNK,wildtype,AICNIT,mutant,ICNI,mutant,ICN,mutant,ISAKAA,wildtype,SAKAA,wildtype,ICN/A,mutant,ICN/AK,mutant,ICN/AKA,mutant,ICNI/AKA,mutant,ICNI/AK,mutant,NFSND,mutant,ARA,wildtype,RA,wildtype
AC083-D0,CVMNK,wildtype,AICNIT,mutant,ICNI,mutant,ICN,mutant,ISAKAA,wildtype,SAKAA,wildtype,ICN/A,mutant,ICN/AK,mutant,ICN/AKA,mutant,ICNI/AKA,mutant,ICNI/AK,mutant,NFSND,mutant,ARV,mutant,RV,mutant
AC084-D0,CVMNK,wildtype,AICNIT,mutant,ICNI,mutant,ICN,mutant,ISAKAA|ISGEAA,mixed,SAKAA|SGEAA,mixed,ICN/A|ICN/G,mixed,ICN/AK|ICN/GE,mixed,ICN/AKA|ICN/GEA,mixed,ICNI/AKA|ICNI/GEA,mixed,ICNI/AK|ICNI/GE,mixed,NFSND,mutant,ARA,wildtype,RA,wildtype
AC084-D21,CVMNK,wildtype,AICNIT,mutant,ICNI,mutant,ICN,mutant,ISAKAA,wildtype,SAKAA,wildtype,ICN/A,mutant,ICN/AK,mutant,ICN/AKA,mutant,ICNI/AKA,mutant,ICNI/AK,mutant,NFSND,mutant,ARA,wildtype,RA,wildtype
AC085-D0,CVMNK,wildtype,AICNIT,mutant,ICNI,mutant,ICN,mutant,ISAKAA,wildtype,SAKAA,wildtype,ICN/A,mutant,ICN/AK,mutant,ICN/AKA,mutant,ICNI/AKA,mutant,ICNI/AK,mutant,NFSND,mutant,ARV,mutant,RV,mutant
AC086-D0,CVMNK,wildtype,AICSIT|ANRNIT,mixed,ICSI|NRNI,mixed,ICS|NRN,mixed,ISGEAA,mutant,SGEAA,mutant,ICS/G|NRN/G,mixed,ICS/GE|NRN/GE,mixed,ICS/GEA|NRN/GEA,mixed,ICSI/GEA|NRNI/GEA,mixed,ICSI/GE|NRNI/GE,mixed,NFSND,mutant,ARA,wildtype,RA,wildtype
AC087-D0,CVMNK,wildtype,ANCSIT,wildtype,NCSI,wildtype,NCS,wildtype,ISAKAA,wildtype,SAKAA,wildtype,NCS/A,wildtype,NCS/AK,wildtype,NCS/AKA,wildtype,NCSI/AKA,wildtype,NCSI/AK,wildtype,NFSND,mutant,ARA,wildtype,RA,wildtype
AC088-D0,CVMNK,wildtype,AICNIT,mutant,ICNI,mutant,ICN,mutant,ISAKAA|ISGEAA,mixed,SAKAA|SGEAA,mixed,ICN/A|ICN/G,mixed,ICN/AK|ICN/GE,mixed,ICN/AKA|ICN/GEA,mixed,ICNI/AKA|ICNI/GEA,mixed,ICNI/AK|ICNI/GE,mixed,NFSND,mutant,ARV,mutant,RV,mutant
AC089-D0,CVMNK,wildtype,AICNIT,mutant,ICNI,mutant,ICN,mutant,ISGEAA,mutant,SGEAA,mutant,ICN/G,mutant,ICN/GE,mutant,ICN/GEA,mutant,ICNI/GEA,mutant,ICNI/GE,mutant,NFSND,mutant,ARA,wildtype,RA,wildtype
AC090-D0,CVMNK,wildtype,AICNIT,mutant,ICNI,mutant,ICN,mutant,ISAKAA,wildtype,SAKAA,wildtype,ICN/A,mutant,ICN/AK,mutant,ICN/AKA,mutant,ICNI/AKA,mutant,ICNI/AK,mutant,NYSND|NFSND,mixed,ARA,wildtype,RA,wildtype
AC091-D0,CVMNK,wildtype,AIRNIT,mutant,IRNI,mutant,IRN,mutant,ISGEAA,mutant,SGEAA,mutant,IRN/G,mutant,IRN/GE,mutant,IRN/GEA,mutant,IRNI/GEA,mutant,IRNI/GE,mutant,NFSND,mutant,ARA,wildtype,RA,wildtype
AC091-D21,CVMNK,wildtype,AIRNIT,mutant,IRNI,mutant,IRN,mutant,ISGEAA,mutant,SGEAA,mutant,IRN/G,mutant,IRN/GE,mutant,IRN/GEA,mutant,IRNI/GEA,mutant,IRNI/GE,mutant,NFSND,mutant,ARA,wildtype,RA,wildtype
AC092-D0,CVMNK,wildtype,AICNIT,mutant,ICNI,mutant,ICN,mutant,ISAKAA,wildtype,SAKAA,wildtype,ICN/A,mutant,ICN/AK,mutant,ICN/AKA,mutant,ICNI/AKA,mutant,ICNI/AK,mutant,NFSND,mutant,ARA,wildtype,RA,wildtype
AC093-D0,CVMNK,wildtype,AIRNIT,mutant,IRNI,mutant,IRN,mutant,ISGEAA,mutant,SGEAA,mutant,IRN/G,mutant,IRN/GE,mutant,IRN/GEA,mutant,IRNI/GEA,mutant,IRNI/GE,mutant,NFSND,mutant,ARA,wildtype,RA,wildtype
AC094-D0,CVMNK,wildtype,AIRNIT,mutant,IRNI,mutant,IRN,mutant,ISGKAA,mutant,SGKAA,mutant,IRN/G,mutant,IRN/GK,mutant,IRN/GKA,mutant,IRNI/GKA,mutant,IRNI/GK,mutant,NFSND,mutant,ARA,wildtype,RA,wildtype
AC095-D0,CVMNK,wildtype,AICNIT,mutant,ICNI,mutant,ICN,mutant,ISGEAA,mutant,SGEAA,mutant,ICN/G,mutant,ICN/GE,mutant,ICN/GEA,mutant,ICNI/GEA,mutant,ICNI/GE,mutant,NFSND,mutant,ARA,wildtype,RA,wildtype
BA001-D0,CVMNK,wildtype,ANCSIT,wildtype,NCSI,wildtype,NCS,wildtype,ISAKAA,wildtype,SAKAA,wildtype,NCS/A,wildtype,NCS/AK,wildtype,NCS/AKA,wildtype,NCSI/AKA,wildtype,NCSI/AK,wildtype,NFSND,mutant,ARA,wildtype,RA,wildtype
BA002-D0,CVMNK,wildtype,AICNIT|AIRNIT,mixed,ICNI|IRNI,mixed,ICN|IRN,mixed,ISAKAA,wildtype,SAKAA,wildtype,ICN/A|IRN/A,mixed,ICN/AK|IRN/AK,mixed,ICN/AKA|IRN/AKA,mixed,ICNI/AKA|IRNI/AKA,mixed,ICNI/AK|IRNI/AK,mixed,NYSND|NFSND,mixed,ARA,wildtype,RA,wildtype
BA003-D0,CVIET,mutant,AICNIT,mutant,ICNI,mutant,ICN,mutant,ISGEAA,mutant,SGEAA,mutant,ICN/G,mutant,ICN/GE,mutant,ICN/GEA,mutant,ICNI/GEA,mutant,ICNI/GE,mutant,NFSND,mutant,AIA,mutant,IA,mutant
BA004-D0,CVIET,mutant,AIRNIT,mutant,IRNI,mutant,IRN,mutant,ISGEAA,mutant,SGEAA,mutant,IRN/G,mutant,IRN/GE,mutant,IRN/GEA,mutant,IRNI/GEA,mutant,IRNI/GE,mutant,NFSND,mutant,ARA,wildtype,RA,wildtype
BA005-D0,CVMNK,wildtype,AICNIT,mutant,ICNI,mutant,ICN,mutant,ISAKAA,wildtype,SAKAA,wildtype,ICN/A,mutant,ICN/AK,mutant,ICN/AKA,mutant,ICNI/AKA,mutant,ICNI/AK,mutant,NFSND,mutant,ARA,wildtype,RA,wildtype
BA006-D0,CVMNK,wildtype,AICNIT|AIRNIT,mixed,ICNI|IRNI,mixed,ICN|IRN,mixed,ISAKAA,wildtype,SAKAA,wildtype,ICN/A|IRN/A,mixed,ICN/AK|IRN/AK,mixed,ICN/AKA|IRN/AKA,mixed,ICNI/AKA|IRNI/AKA,mixed,ICNI/AK|IRNI/AK,mixed,NFSND,mutant,ARA,wildtype,RA,wildtype
BA007-D0,CVMNK,wildtype,AICNIT,mutant,ICNI,mutant,ICN,mutant,ISGEAA,mutant,SGEAA,mutant,ICN/G,mutant,ICN/GE,mutant,ICN/GEA,mutant,ICNI/GEA,mutant,ICNI/GE,mutant,NFSND,mutant,ARA,wildtype,RA,wildtype
BA008-D0,CVMNK,wildtype,AICSIT|ANCNIT,mixed,ICSI|NCNI,mixed,ICS|NCN,mixed,ISAKAA,wildtype,SAKAA,wildtype,ICS/A|NCN/A,mixed,ICS/AK|NCN/AK,mixed,ICS/AKA|NCN/AKA,mixed,ICSI/AKA|NCNI/AKA,mixed,ICSI/AK|NCNI/AK,mixed,NFSND,mutant,ARA,wildtype,RA,wildtype
BA010-D0,CVIET,mutant,AICNIT|AIRNIT,mixed,ICNI|IRNI,mixed,ICN|IRN,mixed,ISGEAA,mutant,SGEAA,mutant,ICN/G|IRN/G,mixed,ICN/GE|IRN/GE,mixed,ICN/GEA|IRN/GEA,mixed,ICNI/GEA|IRNI/GEA,mixed,ICNI/GE|IRNI/GE,mixed,NFSND,mutant,ARA,wildtype,RA,wildtype
BA011-D0,CVMNK,wildtype,AICSIT|ANCNIT,mixed,ICSI|NCNI,mixed,ICS|NCN,mixed,ISAKAA|ISGEAA,mixed,SAKAA|SGEAA,mixed,ICS/A|ICS/G|NCN/A|NCN/G,mixed,ICS/AK|ICS/GE|NCN/AK|NCN/GE,mixed,ICS/AKA|ICS/GEA|NCN/AKA|NCN/GEA,mixed,ICSI/AKA|ICSI/GEA|NCNI/AKA|NCNI/GEA,mixed,ICSI/AK|ICSI/GE|NCNI/AK|NCNI/GE,mixed,NFSND,mutant,AIA,mutant,IA,mutant
BA012-D0,CVMNK,wildtype,AICNIT,mutant,ICNI,mutant,ICN,mutant,ISAKAA,wildtype,SAKAA,wildtype,ICN/A,mutant,ICN/AK,mutant,ICN/AKA,mutant,ICNI/AKA,mutant,ICNI/AK,mutant,NFSND,mutant,ARA,wildtype,RA,wildtype
BA013-D0,CVIET,mutant,AIRNIT,mutant,IRNI,mutant,IRN,mutant,ISGEAA,mutant,SGEAA,mutant,IRN/G,mutant,IRN/GE,mutant,IRN/GEA,mutant,IRNI/GEA,mutant,IRNI/GE,mutant,NYSND,wildtype,AIA,mutant,IA,mutant
BA014-D0,CVMNK,wildtype,AICNIT|AIRNIT,mixed,ICNI|IRNI,mixed,ICN|IRN,mixed,ISGEAA,mutant,SGEAA,mutant,ICN/G|IRN/G,mixed,ICN/GE|IRN/GE,mixed,ICN/GEA|IRN/GEA,mixed,ICNI/GEA|IRNI/GEA,mixed,ICNI/GE|IRNI/GE,mixed,NFSND,mutant,AIA,mutant,IA,mutant
BA015-D0,CVMNK,wildtype,AICNIT|AIRNIT,mixed,ICNI|IRNI,mixed,ICN|IRN,mixed,ISAKAA|ISGEAA,mixed,SAKAA|SGEAA,mixed,ICN/A|ICN/G|IRN/A|IRN/G,mixed,ICN/AK|ICN/GE|IRN/AK|IRN/GE,mixed,ICN/AKA|ICN/GEA|IRN/AKA|IRN/GEA,mixed,ICNI/AKA|ICNI/GEA|IRNI/AKA|IRNI/GEA,mixed,ICNI/AK|ICNI/GE|IRNI/AK|IRNI/GE,mixed,NFSND,mutant,ARA,wildtype,RA,wildtype
BA016-D0,CVMNK,wildtype,AICNIT,mutant,ICNI,mutant,ICN,mutant,ISAKAA|ISGEAA,mixed,SAKAA|SGEAA,mixed,ICN/A|ICN/G,mixed,ICN/AK|ICN/GE,mixed,ICN/AKA|ICN/GEA,mixed,ICNI/AKA|ICNI/GEA,mixed,ICNI/AK|ICNI/GE,mixed,NYSND,wildtype,ARA,wildtype,RA,wildtype
BA017-D0,CVMNK,wildtype,ANCSIT,wildtype,NCSI,wildtype,NCS,wildtype,ISAKAA,wildtype,SAKAA,wildtype,NCS/A,wildtype,NCS/AK,wildtype,NCS/AKA,wildtype,NCSI/AKA,wildtype,NCSI/AK,wildtype,NFSND,mutant,ARA,wildtype,RA,wildtype
BA018-D0,CVMNK,wildtype,ANCSIT,wildtype,NCSI,wildtype,NCS,wildtype,ISAKAA|ISGEAA,mixed,SAKAA|SGEAA,mixed,NCS/A|NCS/G,mixed,NCS/AK|NCS/GE,mixed,NCS/AKA|NCS/GEA,mixed,NCSI/AKA|NCSI/GEA,mixed,NCSI/AK|NCSI/GE,mixed,NFSND,mutant,ARA,wildtype,RA,wildtype
BA018-D21,CVMNK,wildtype,ANCSIT,wildtype,NCSI,wildtype,NCS,wildtype,ISAKAA,wildtype,SAKAA,wildtype,NCS/A,wildtype,NCS/AK,wildtype,NCS/AKA,wildtype,NCSI/AKA,wildtype,NCSI/AK,wildtype,NFSND,mutant,ARA,wildtype,RA,wildtype
BA019-D0,CVMNK,wildtype,AICSIT|ANCNIT,mixed,ICSI|NCNI,mixed,ICS|NCN,mixed,ISAKAA,wildtype,SAKAA,wildtype,ICS/A|NCN/A,mixed,ICS/AK|NCN/AK,mixed,ICS/AKA|NCN/AKA,mixed,ICSI/AKA|NCNI/AKA,mixed,ICSI/AK|NCNI/AK,mixed,NFSND,mutant,ARA,wildtype,RA,wildtype
BA020-D0,CVMNK|CVIET,mixed,AICNIT|AIRNIT,mixed,ICNI|IRNI,mixed,ICN|IRN,mixed,ISAKAA|ISGEAA,mixed,SAKAA|SGEAA,mixed,ICN/A|ICN/G|IRN/A|IRN/G,mixed,ICN/AK|ICN/GE|IRN/AK|IRN/GE,mixed,ICN/AKA|ICN/GEA|IRN/AKA|IRN/GEA,mixed,ICNI/AKA|ICNI/GEA|IRNI/AKA|IRNI/GEA,mixed,ICNI/AK|ICNI/GE|IRNI/AK|IRNI/GE,mixed,NFSND,mutant,ARA|AIA,mixed,RA|IA,mixed
BA021-D0,CVIET,mutant,AICNIT,mutant,ICNI,mutant,ICN,mutant,ISGEAA,mutant,SGEAA,mutant,ICN/G,mutant,ICN/GE,mutant,ICN/GEA,mutant,ICNI/GEA,mutant,ICNI/GE,mutant,NFSND,mutant,AIA,mutant,IA,mutant
BA022-D0,CVMNK,wildtype,AICNIT,mutant,ICNI,mutant,ICN,mutant,ISAKAA,wildtype,SAKAA,wildtype,ICN/A,mutant,ICN/AK,mutant,ICN/AKA,mutant,ICNI/AKA,mutant,ICNI/AK,mutant,NFSND,mutant,AIA,mutant,IA,mutant
BA023-D0,CVMNK,wildtype,AICSIT|ANCNIT,mixed,ICSI|NCNI,mixed,ICS|NCN,mixed,ISGEGA,mutant,SGEGA,mutant,ICS/G|NCN/G,mixed,ICS/GE|NCN/GE,mixed,ICS/GEG|NCN/GEG,mixed,ICSI/GEG|NCNI/GEG,mixed,ICSI/GE|NCNI/GE,mixed,NYSND|NFSND,mixed,ARA,wildtype,RA,wildtype
BA024-D0,CVMNK,wildtype,AICNIT,mutant,ICNI,mutant,ICN,mutant,ISAKAA,wildtype,SAKAA,wildtype,ICN/A,mutant,ICN/AK,mutant,ICN/AKA,mutant,ICNI/AKA,mutant,ICNI/AK,mutant,NFSND,mutant,ARA,wildtype,RA,wildtype
BA025-D0,CVMNK,wildtype,AICSIT|ANCNIT,mixed,ICSI|NCNI,mixed,ICS|NCN,mixed,ISAKAA|ISGEAA,mixed,SAKAA|SGEAA,mixed,ICS/A|ICS/G|NCN/A|NCN/G,mixed,ICS/AK|ICS/GE|NCN/AK|NCN/GE,mixed,ICS/AKA|ICS/GEA|NCN/AKA|NCN/GEA,mixed,ICSI/AKA|ICSI/GEA|NCNI/AKA|NCNI/GEA,mixed,ICSI/AK|ICSI/GE|NCNI/AK|NCNI/GE,mixed,NYSND|NFSND,mixed,ARA|AIA,mixed,RA|IA,mixed
BA026-D0,CVMNK,wildtype,ANCSIT,wildtype,NCSI,wildtype,NCS,wildtype,ISAKAA,wildtype,SAKAA,wildtype,NCS/A,wildtype,NCS/AK,wildtype,NCS/AKA,wildtype,NCSI/AKA,wildtype,NCSI/AK,wildtype,NYSND,wildtype,ARA,wildtype,RA,wildtype
BA028-D0,CVMNK,wildtype,ANCSIT,wildtype,NCSI,wildtype,NCS,wildtype,ISAKAA,wildtype,SAKAA,wildtype,NCS/A,wildtype,NCS/AK,wildtype,NCS/AKA,wildtype,NCSI/AKA,wildtype,NCSI/AK,wildtype,NFSND,mutant,ARA,wildtype,RA,wildtype
BA029-D0,CVMNK,wildtype,AIRNIT,mutant,IRNI,mutant,IRN,mutant,ISAKAA,wildtype,SAKAA,wildtype,IRN/A,mutant,IRN/AK,mutant,IRN/AKA,mutant,IRNI/AKA,mutant,IRNI/AK,mutant,NFSND,mutant,AIA,mutant,IA,mutant
BA030-D0,CVMNK,wildtype,AIRNIT,mutant,IRNI,mutant,IRN,mutant,ISGEAA,mutant,SGEAA,mutant,IRN/G,mutant,IRN/GE,mutant,IRN/GEA,mutant,IRNI/GEA,mutant,IRNI/GE,mutant,NFSND,mutant,AIA,mutant,IA,mutant
BA031-D0,CVIET,mutant,AIRNIT,mutant,IRNI,mutant,IRN,mutant,ISGEAA,mutant,SGEAA,mutant,IRN/G,mutant,IRN/GE,mutant,IRN/GEA,mutant,IRNI/GEA,mutant,IRNI/GE,mutant,NFSND,mutant,ARA,wildtype,RA,wildtype
BA032-D0,CVMNK,wildtype,AICNIT,mutant,ICNI,mutant,ICN,mutant,ISGEGA,mutant,SGEGA,mutant,ICN/G,mutant,ICN/GE,mutant,ICN/GEG,mutant,ICNI/GEG,mutant,ICNI/GE,mutant,NFSND,mutant,AIA,mutant,IA,mutant
BA033-D0,CVMNK,wildtype,AICNIT,mutant,ICNI,mutant,ICN,mutant,ISAKAA,wildtype,SAKAA,wildtype,ICN/A,mutant,ICN/AK,mutant,ICN/AKA,mutant,ICNI/AKA,mutant,ICNI/AK,mutant,NFSND,mutant,ARA,wildtype,RA,wildtype
BA034-D0,CVIET,mutant,AIRNIT,mutant,IRNI,mutant,IRN,mutant,ISAKAA,wildtype,SAKAA,wildtype,IRN/A,mutant,IRN/AK,mutant,IRN/AKA,mutant,IRNI/AKA,mutant,IRNI/AK,mutant,NYSND,wildtype,AIA,mutant,IA,mutant
BA035-D0,CVMNK,wildtype,ANCSIT,wildtype,NCSI,wildtype,NCS,wildtype,ISAKAA,wildtype,SAKAA,wildtype,NCS/A,wildtype,NCS/AK,wildtype,NCS/AKA,wildtype,NCSI/AKA,wildtype,NCSI/AK,wildtype,NFSND,mutant,ARA,wildtype,RA,wildtype
BA036-D0,CVMNK,wildtype,AIRNIT,mutant,IRNI,mutant,IRN,mutant,ISAKAA|ISGEAA,mixed,SAKAA|SGEAA,mixed,IRN/A|IRN/G,mixed,IRN/AK|IRN/GE,mixed,IRN/AKA|IRN/GEA,mixed,IRNI/AKA|IRNI/GEA,mixed,IRNI/AK|IRNI/GE,mixed,NYSND|YFSND,mixed,ARA,wildtype,RA,wildtype
BA037-D0,CVMNK,wildtype,AICNIT,mutant,ICNI,mutant,ICN,mutant,ISAKAA,wildtype,SAKAA,wildtype,ICN/A,mutant,ICN/AK,mutant,ICN/AKA,mutant,ICNI/AKA,mutant,ICNI/AK,mutant,NYSND|NFSND,mixed,ARA,wildtype,RA,wildtype
BA038-D0,CVMNK,wildtype,AICSIT|ANRNIT,mixed,ICSI|NRNI,mixed,ICS|NRN,mixed,ISAKAA|IAAKAA,mixed,SAKAA|AAKAA,mixed,ICS/A|NRN/A,mixed,ICS/AK|NRN/AK,mixed,ICS/AKA|NRN/AKA,mixed,ICSI/AKA|NRNI/AKA,mixed,ICSI/AK|NRNI/AK,mixed,NYSND|NFSND,mixed,ARA|AIA,mixed,RA|IA,mixed
BA039-D0,CVMNK,wildtype,AICNIT,mutant,ICNI,mutant,ICN,mutant,ISAKAA,wildtype,SAKAA,wildtype,ICN/A,mutant,ICN/AK,mutant,ICN/AKA,mutant,ICNI/AKA,mutant,ICNI/AK,mutant,NFSND,mutant,AIA,mutant,IA,mutant
BA040-D0,CVMNK,wildtype,ANCSIT,wildtype,NCSI,wildtype,NCS,wildtype,ISAKAA,wildtype,SAKAA,wildtype,NCS/A,wildtype,NCS/AK,wildtype,NCS/AKA,wildtype,NCSI/AKA,wildtype,NCSI/AK,wildtype,NFSND,mutant,ARA,wildtype,RA,wildtype
BA041-D0,CVIET,mutant,AICSIT|ANCNIT,mixed,ICSI|NCNI,mixed,ICS|NCN,mixed,ISAKAA|ISGEAA,mixed,SAKAA|SGEAA,mixed,ICS/A|ICS/G|NCN/A|NCN/G,mixed,ICS/AK|ICS/GE|NCN/AK|NCN/GE,mixed,ICS/AKA|ICS/GEA|NCN/AKA|NCN/GEA,mixed,ICSI/AKA|ICSI/GEA|NCNI/AKA|NCNI/GEA,mixed,ICSI/AK|ICSI/GE|NCNI/AK|NCNI/GE,mixed,NFSND,mutant,AIA,mutant,IA,mutant
BA042-D0,CVMNK,wildtype,ANCSIT,wildtype,NCSI,wildtype,NCS,wildtype,ISAKAA,wildtype,SAKAA,wildtype,NCS/A,wildtype,NCS/AK,wildtype,NCS/AKA,wildtype,NCSI/AKA,wildtype,NCSI/AK,wildtype,NYSND,wildtype,ARA,wildtype,RA,wildtype
BA043-D0,CVMNK,wildtype,AICNIT|AIRNIT,mixed,ICNI|IRNI,mixed,ICN|IRN,mixed,ISAKAA|ISGKAA,mixed,SAKAA|SGKAA,mixed,ICN/A|ICN/G|IRN/A|IRN/G,mixed,ICN/AK|ICN/GK|IRN/AK|IRN/GK,mixed,ICN/AKA|ICN/GKA|IRN/AKA|IRN/GKA,mixed,ICNI/AKA|ICNI/GKA|IRNI/AKA|IRNI/GKA,mixed,ICNI/AK|ICNI/GK|IRNI/AK|IRNI/GK,mixed,NFSND,mutant,ARA,wildtype,RA,wildtype
BA044-D0,CVIET,mutant,AIRNIT,mutant,IRNI,mutant,IRN,mutant,ISGEAA,mutant,SGEAA,mutant,IRN/G,mutant,IRN/GE,mutant,IRN/GEA,mutant,IRNI/GEA,mutant,IRNI/GE,mutant,NFSND,mutant,ARA,wildtype,RA,wildtype
BA045-D0,CVMNK,wildtype,AICNIT|AIRNIT,mixed,ICNI|IRNI,mixed,ICN|IRN,mixed,ISAKAA,wildtype,SAKAA,wildtype,ICN/A|IRN/A,mixed,ICN/AK|IRN/AK,mixed,ICN/AKA|IRN/AKA,mixed,ICNI/AKA|IRNI/AKA,mixed,ICNI/AK|IRNI/AK,mixed,NFSND,mutant,ARA,wildtype,RA,wildtype
BA046-D0,CVMNK,wildtype,AICNIT,mutant,ICNI,mutant,ICN,mutant,ISGEAA,mutant,SGEAA,mutant,ICN/G,mutant,ICN/GE,mutant,ICN/GEA,mutant,ICNI/GEA,mutant,ICNI/GE,mutant,NFSND,mutant,ARA,wildtype,RA,wildtype
BA047-D0,CVMNK,wildtype,AIRNIT,mutant,IRNI,mutant,IRN,mutant,ISGEAA,mutant,SGEAA,mutant,IRN/G,mutant,IRN/GE,mutant,IRN/GEA,mutant,IRNI/GEA,mutant,IRNI/GE,mutant,NFSND,mutant,AIA,mutant,IA,mutant
BA048-D0,CVMNK,wildtype,AICNIT,mutant,ICNI,mutant,ICN,mutant,ISAKAA,wildtype,SAKAA,wildtype,ICN/A,mutant,ICN/AK,mutant,ICN/AKA,mutant,ICNI/AKA,mutant,ICNI/AK,mutant,YFSND,mutant,ARA,wildtype,RA,wildtype
BA050-D0,CVIET,mutant,AIRNIT,mutant,IRNI,mutant,IRN,mutant,ISGKAA,mutant,SGKAA,mutant,IRN/G,mutant,IRN/GK,mutant,IRN/GKA,mutant,IRNI/GKA,mutant,IRNI/GK,mutant,NFSND,mutant,AIA,mutant,IA,mutant
BA051-D0,CVMNK,wildtype,AIRNIT,mutant,IRNI,mutant,IRN,mutant,ISGEAA,mutant,SGEAA,mutant,IRN/G,mutant,IRN/GE,mutant,IRN/GEA,mutant,IRNI/GEA,mutant,IRNI/GE,mutant,NYSND,wildtype,ARA,wildtype,RA,wildtype
BA052-D0,CVMNK,wildtype,AICNIT,mutant,ICNI,mutant,ICN,mutant,ISAKAA|ISGEAA,mixed,SAKAA|SGEAA,mixed,ICN/A|ICN/G,mixed,ICN/AK|ICN/GE,mixed,ICN/AKA|ICN/GEA,mixed,ICNI/AKA|ICNI/GEA,mixed,ICNI/AK|ICNI/GE,mixed,NYSND|NFSND,mixed,AIA,mutant,IA,mutant
BA053-D0,CVIET,mutant,AICNIT,mutant,ICNI,mutant,ICN,mutant,ISAKAA,wildtype,SAKAA,wildtype,ICN/A,mutant,ICN/AK,mutant,ICN/AKA,mutant,ICNI/AKA,mutant,ICNI/AK,mutant,NFSND,mutant,AIA,mutant,IA,mutant
BA054-D0,CVMNK|CVIET,mixed,AIRNIT|ANRNIT,mixed,IRNI|NRNI,mixed,IRN|NRN,mixed,ISAKAA|ISGEAA,mixed,SAKAA|SGEAA,mixed,IRN/A|IRN/G|NRN/A|NRN/G,mixed,IRN/AK|IRN/GE|NRN/AK|NRN/GE,mixed,IRN/AKA|IRN/GEA|NRN/AKA|NRN/GEA,mixed,IRNI/AKA|IRNI/GEA|NRNI/AKA|NRNI/GEA,mixed,IRNI/AK|IRNI/GE|NRNI/AK|NRNI/GE,mixed,NFSND,mutant,AIA,mutant,IA,mutant
BA055-D0,CVMNK,wildtype,AICNIT,mutant,ICNI,mutant,ICN,mutant,ISAKAA|ISGKAA,mixed,SAKAA|SGKAA,mixed,ICN/A|ICN/G,mixed,ICN/AK|ICN/GK,mixed,ICN/AKA|ICN/GKA,mixed,ICNI/AKA|ICNI/GKA,mixed,ICNI/AK|ICNI/GK,mixed,NFSND,mutant,ARA,wildtype,RA,wildtype
BA056-D0,CVMNK,wildtype,AICNIT,mutant,ICNI,mutant,ICN,mutant,ISGEAA,mutant,SGEAA,mutant,ICN/G,mutant,ICN/GE,mutant,ICN/GEA,mutant,ICNI/GEA,mutant,ICNI/GE,mutant,NFSND,mutant,ARA,wildtype,RA,wildtype
BA057-D0,CVIET,mutant,AICNIT,mutant,ICNI,mutant,ICN,mutant,ISAKAA,wildtype,SAKAA,wildtype,ICN/A,mutant,ICN/AK,mutant,ICN/AKA,mutant,ICNI/AKA,mutant,ICNI/AK,mutant,NFSND,mutant,AIA,mutant,IA,mutant
BA058-D0,CVMNK,wildtype,AICNIT,mutant,ICNI,mutant,ICN,mutant,IAAKAA,mutant,AAKAA,mutant,ICN/A,mutant,ICN/AK,mutant,ICN/AKA,mutant,ICNI/AKA,mutant,ICNI/AK,mutant,NFSND,mutant,ARA,wildtype,RA,wildtype
BA059-D0,CVMNK,wildtype,AICSIT|ANRNIT,mixed,ICSI|NRNI,mixed,ICS|NRN,mixed,ISAKAA|ISGEAA,mixed,SAKAA|SGEAA,mixed,ICS/A|ICS/G|NRN/A|NRN/G,mixed,ICS/AK|ICS/GE|NRN/AK|NRN/GE,mixed,ICS/AKA|ICS/GEA|NRN/AKA|NRN/GEA,mixed,ICSI/AKA|ICSI/GEA|NRNI/AKA|NRNI/GEA,mixed,ICSI/AK|ICSI/GE|NRNI/AK|NRNI/GE,mixed,NFSND,mutant,ARA,wildtype,RA,wildtype
BA060-D0,CVMNK,wildtype,AICNIT,mutant,ICNI,mutant,ICN,mutant,ISGEAA,mutant,SGEAA,mutant,ICN/G,mutant,ICN/GE,mutant,ICN/GEA,mutant,ICNI/GEA,mutant,ICNI/GE,mutant,NFSND,mutant,AIA,mutant,IA,mutant
BA061-D0,CVMNK,wildtype,AIRNIT,mutant,IRNI,mutant,IRN,mutant,ISAKAA,wildtype,SAKAA,wildtype,IRN/A,mutant,IRN/AK,mutant,IRN/AKA,mutant,IRNI/AKA,mutant,IRNI/AK,mutant,NFSND,mutant,AIA,mutant,IA,mutant
BA062-D0,CVMNK,wildtype,ANCSIT,wildtype,NCSI,wildtype,NCS,wildtype,ISAKAA,wildtype,SAKAA,wildtype,NCS/A,wildtype,NCS/AK,wildtype,NCS/AKA,wildtype,NCSI/AKA,wildtype,NCSI/AK,wildtype,NYSND,wildtype,ARA,wildtype,RA,wildtype
BA063-D0,CVMNK,wildtype,AIRNIT,mutant,IRNI,mutant,IRN,mutant,ISGEAA,mutant,SGEAA,mutant,IRN/G,mutant,IRN/GE,mutant,IRN/GEA,mutant,IRNI/GEA,mutant,IRNI/GE,mutant,NFSND,mutant,ARA,wildtype,RA,wildtype
BA064-D0,CVIET,mutant,AIRNIT,mutant,IRNI,mutant,IRN,mutant,ISGEAA,mutant,SGEAA,mutant,IRN/G,mutant,IRN/GE,mutant,IRN/GEA,mutant,IRNI/GEA,mutant,IRNI/GE,mutant,NFSND,mutant,ARA,wildtype,RA,wildtype
BA065-D0,CVMNK,wildtype,AICNIT,mutant,ICNI,mutant,ICN,mutant,ISAKAA,wildtype,SAKAA,wildtype,ICN/A,mutant,ICN/AK,mutant,ICN/AKA,mutant,ICNI/AKA,mutant,ICNI/AK,mutant,NFSND,mutant,AIA,mutant,IA,mutant
BA066-D0,CVMNK,wildtype,AICNIT,mutant,ICNI,mutant,ICN,mutant,ISGEAA,mutant,SGEAA,mutant,ICN/G,mutant,ICN/GE,mutant,ICN/GEA,mutant,ICNI/GEA,mutant,ICNI/GE,mutant,NFSND,mutant,AIA,mutant,IA,mutant
BA066-D28,CVMNK,wildtype,AICNIT,mutant,ICNI,mutant,ICN,mutant,ISGEAA,mutant,SGEAA,mutant,ICN/G,mutant,ICN/GE,mutant,ICN/GEA,mutant,ICNI/GEA,mutant,ICNI/GE,mutant,NFSND,mutant,AIA,mutant,IA,mutant
BA067-D0,CVMNK,wildtype,AICNIT|AIRNIT,mixed,ICNI|IRNI,mixed,ICN|IRN,mixed,ISGEAA,mutant,SGEAA,mutant,ICN/G|IRN/G,mixed,ICN/GE|IRN/GE,mixed,ICN/GEA|IRN/GEA,mixed,ICNI/GEA|IRNI/GEA,mixed,ICNI/GE|IRNI/GE,mixed,NFSND,mutant,ARA|AIV,mixed,RA|IV,mixed
BA068-D0,CVMNK,wildtype,AICNIT,mutant,ICNI,mutant,ICN,mutant,ISGKAA,mutant,SGKAA,mutant,ICN/G,mutant,ICN/GK,mutant,ICN/GKA,mutant,ICNI/GKA,mutant,ICNI/GK,mutant,NFSND,mutant,ARA,wildtype,RA,wildtype
BA068-D21,CVMNK,wildtype,AICNIT,mutant,ICNI,mutant,ICN,mutant,ISGKAA,mutant,SGKAA,mutant,ICN/G,mutant,ICN/GK,mutant,ICN/GKA,mutant,ICNI/GKA,mutant,ICNI/GK,mutant,NFSND,mutant,ARA,wildtype,RA,wildtype
BA069-D0,CVIET,mutant,AICNIT,mutant,ICNI,mutant,ICN,mutant,ISGEAA,mutant,SGEAA,mutant,ICN/G,mutant,ICN/GE,mutant,ICN/GEA,mutant,ICNI/GEA,mutant,ICNI/GE,mutant,NFSND,mutant,AIA,mutant,IA,mutant
BA070-D0,CVIET,mutant,AICNIT|AIRNIT,mixed,ICNI|IRNI,mixed,ICN|IRN,mixed,ISAKAA|ISGEAA,mixed,SAKAA|SGEAA,mixed,ICN/A|ICN/G|IRN/A|IRN/G,mixed,ICN/AK|ICN/GE|IRN/AK|IRN/GE,mixed,ICN/AKA|ICN/GEA|IRN/AKA|IRN/GEA,mixed,ICNI/AKA|ICNI/GEA|IRNI/AKA|IRNI/GEA,mixed,ICNI/AK|ICNI/GE|IRNI/AK|IRNI/GE,mixed,NYSND|NFSND,mixed,AIA,mutant,IA,mutant
BA071-D0,CVMNK,wildtype,AICNIT,mutant,ICNI,mutant,ICN,mutant,ISAKAA,wildtype,SAKAA,wildtype,ICN/A,mutant,ICN/AK,mutant,ICN/AKA,mutant,ICNI/AKA,mutant,ICNI/AK,mutant,NFSND,mutant,ARA,wildtype,RA,wildtype
BA072-D0,CVIET,mutant,AIRNIT,mutant,IRNI,mutant,IRN,mutant,ISAKAA,wildtype,SAKAA,wildtype,IRN/A,mutant,IRN/AK,mutant,IRN/AKA,mutant,IRNI/AKA,mutant,IRNI/AK,mutant,NYSND|NFSND,mixed,ARA|AIA,mixed,RA|IA,mixed
BA073-D0,CVMNK,wildtype,AIRNIT,mutant,IRNI,mutant,IRN,mutant,ISAKAA,wildtype,SAKAA,wildtype,IRN/A,mutant,IRN/AK,mutant,IRN/AKA,mutant,IRNI/AKA,mutant,IRNI/AK,mutant,NFSND,mutant,ARA,wildtype,RA,wildtype
BA074-D0,CVMNK,wildtype,AICNIT,mutant,ICNI,mutant,ICN,mutant,ISGEAA|ISGEGA,mixed,SGEAA|SGEGA,mixed,ICN/G,mutant,ICN/GE,mutant,ICN/GEA|ICN/GEG,mixed,ICNI/GEA|ICNI/GEG,mixed,ICNI/GE,mutant,NYSND,wildtype,ARA,wildtype,RA,wildtype
BA075-D0,CVMNK,wildtype,AICNIT,mutant,ICNI,mutant,ICN,mutant,ISAKAA,wildtype,SAKAA,wildtype,ICN/A,mutant,ICN/AK,mutant,ICN/AKA,mutant,ICNI/AKA,mutant,ICNI/AK,mutant,NFSND,mutant,AIA,mutant,IA,mutant
BA076-D0,CVMNK,wildtype,AICNIT,mutant,ICNI,mutant,ICN,mutant,ISAKAA,wildtype,SAKAA,wildtype,ICN/A,mutant,ICN/AK,mutant,ICN/AKA,mutant,ICNI/AKA,mutant,ICNI/AK,mutant,NFSND,mutant,AIA,mutant,IA,mutant
BA077-D0,CVMNK,wildtype,AIRNIT,mutant,IRNI,mutant,IRN,mutant,ISAKAA,wildtype,SAKAA,wildtype,IRN/A,mutant,IRN/AK,mutant,IRN/AKA,mutant,IRNI/AKA,mutant,IRNI/AK,mutant,NFSND,mutant,ARA,wildtype,RA,wildtype
BA078-D0,CVIET,mutant,AIRNIT,mutant,IRNI,mutant,IRN,mutant,ISAKAA,wildtype,SAKAA,wildtype,IRN/A,mutant,IRN/AK,mutant,IRN/AKA,mutant,IRNI/AKA,mutant,IRNI/AK,mutant,NFSND,mutant,ARA,wildtype,RA,wildtype
BA079-D0,CVMNK,wildtype,AICNIT|AIRNIT,mixed,ICNI|IRNI,mixed,ICN|IRN,mixed,ISGEAA,mutant,SGEAA,mutant,ICN/G|IRN/G,mixed,ICN/GE|IRN/GE,mixed,ICN/GEA|IRN/GEA,mixed,ICNI/GEA|IRNI/GEA,mixed,ICNI/GE|IRNI/GE,mixed,NYSND,wildtype,ARA,wildtype,RA,wildtype
BA081-D0,CVMNK,wildtype,AICNIT|AIRNIT,mixed,ICNI|IRNI,mixed,ICN|IRN,mixed,ISGEAA,mutant,SGEAA,mutant,ICN/G|IRN/G,mixed,ICN/GE|IRN/GE,mixed,ICN/GEA|IRN/GEA,mixed,ICNI/GEA|IRNI/GEA,mixed,ICNI/GE|IRNI/GE,mixed,NFSND,mutant,ARV,mutant,RV,mutant
BA082-D0,CVMNK,wildtype,AICNIT,mutant,ICNI,mutant,ICN,mutant,ISAKAA,wildtype,SAKAA,wildtype,ICN/A,mutant,ICN/AK,mutant,ICN/AKA,mutant,ICNI/AKA,mutant,ICNI/AK,mutant,NFSND,mutant,ARA,wildtype,RA,wildtype
BA083-D0,CVMNK|CVIET,mixed,AICNIT|AIRNIT,mixed,ICNI|IRNI,mixed,ICN|IRN,mixed,ISAKAA,wildtype,SAKAA,wildtype,ICN/A|IRN/A,mixed,ICN/AK|IRN/AK,mixed,ICN/AKA|IRN/AKA,mixed,ICNI/AKA|IRNI/AKA,mixed,ICNI/AK|IRNI/AK,mixed,NFSND,mutant,ARA|AIA,mixed,RA|IA,mixed
BA084-D0,CVIET,mutant,AIRNIT,mutant,IRNI,mutant,IRN,mutant,ISAKAA,wildtype,SAKAA,wildtype,IRN/A,mutant,IRN/AK,mutant,IRN/AKA,mutant,IRNI/AKA,mutant,IRNI/AK,mutant,NYSND,wildtype,AIA,mutant,IA,mutant
BA085-D0,CVMNK,wildtype,AICNIT,mutant,ICNI,mutant,ICN,mutant,ISAKAA|ISGEAA,mixed,SAKAA|SGEAA,mixed,ICN/A|ICN/G,mixed,ICN/AK|ICN/GE,mixed,ICN/AKA|ICN/GEA,mixed,ICNI/AKA|ICNI/GEA,mixed,ICNI/AK|ICNI/GE,mixed,NFSND,mutant,ARA|AIA,mixed,RA|IA,mixed
BA086-D0,CVIET,mutant,AIRNIT,mutant,IRNI,mutant,IRN,mutant,ISAKAA,wildtype,SAKAA,wildtype,IRN/A,mutant,IRN/AK,mutant,IRN/AKA,mutant,IRNI/AKA,mutant,IRNI/AK,mutant,NYSND,wildtype,AIA,mutant,IA,mutant
BA087-D0,CVMNK,wildtype,ANCSIT,wildtype,NCSI,wildtype,NCS,wildtype,ISAKAA,wildtype,SAKAA,wildtype,NCS/A,wildtype,NCS/AK,wildtype,NCS/AKA,wildtype,NCSI/AKA,wildtype,NCSI/AK,wildtype,NYSND,wildtype,ARA,wildtype,RA,wildtype
BA088-D0,CVIET,mutant,AICNIT,mutant,ICNI,mutant,ICN,mutant,ISAKAA,wildtype,SAKAA,wildtype,ICN/A,mutant,ICN/AK,mutant,ICN/AKA,mutant,ICNI/AKA,mutant,ICNI/AK,mutant,NFSND,mutant,SRA,mutant,RA,wildtype
GM001-D0,CVIET,mutant,AICNIT,mutant,ICNI,mutant,ICN,mutant,ISAKAA,wildtype,SAKAA,wildtype,ICN/A,mutant,ICN/AK,mutant,ICN/AKA,mutant,ICNI/AKA,mutant,ICNI/AK,mutant,NFSND,mutant,AIA,mutant,IA,mutant
GM002-D0,CVIET,mutant,AICNIT,mutant,ICNI,mutant,ICN,mutant,ISGEAA,mutant,SGEAA,mutant,ICN/G,mutant,ICN/GE,mutant,ICN/GEA,mutant,ICNI/GEA,mutant,ICNI/GE,mutant,NFSND,mutant,AIA,mutant,IA,mutant
GM003-D0,CVIET,mutant,AICNIT,mutant,ICNI,mutant,ICN,mutant,ISGEAA,mutant,SGEAA,mutant,ICN/G,mutant,ICN/GE,mutant,ICN/GEA,mutant,ICNI/GEA,mutant,ICNI/GE,mutant,NFSND,mutant,AIA,mutant,IA,mutant
GM004-D0,CVIET,mutant,AIRNIT,mutant,IRNI,mutant,IRN,mutant,ISGEAA,mutant,SGEAA,mutant,IRN/G,mutant,IRN/GE,mutant,IRN/GEA,mutant,IRNI/GEA,mutant,IRNI/GE,mutant,NFSND,mutant,AIA,mutant,IA,mutant
GM005-D0,CVIET,mutant,AIRNIT,mutant,IRNI,mutant,IRN,mutant,ISGEAA,mutant,SGEAA,mutant,IRN/G,mutant,IRN/GE,mutant,IRN/GEA,mutant,IRNI/GEA,mutant,IRNI/GE,mutant,NFSND,mutant,ARA,wildtype,RA,wildtype
GM006-D0,CVIET,mutant,AICNIT,mutant,ICNI,mutant,ICN,mutant,ISGEAA,mutant,SGEAA,mutant,ICN/G,mutant,ICN/GE,mutant,ICN/GEA,mutant,ICNI/GEA,mutant,ICNI/GE,mutant,NFSND,mutant,AIA,mutant,IA,mutant
GM007-D0,CVIET,mutant,AICNIT,mutant,ICNI,mutant,ICN,mutant,ISAKAA,wildtype,SAKAA,wildtype,ICN/A,mutant,ICN/AK,mutant,ICN/AKA,mutant,ICNI/AKA,mutant,ICNI/AK,mutant,NFSND,mutant,ARA,wildtype,RA,wildtype
GM008-D0,CVMNK|CVIET,mixed,AICNIT,mutant,ICNI,mutant,ICN,mutant,ISGEAA,mutant,SGEAA,mutant,ICN/G,mutant,ICN/GE,mutant,ICN/GEA,mutant,ICNI/GEA,mutant,ICNI/GE,mutant,NFSND,mutant,AIA,mutant,IA,mutant
GM009-D0,CVIET,mutant,AICNIT|AIRNIT,mixed,ICNI|IRNI,mixed,ICN|IRN,mixed,ISGEAA,mutant,SGEAA,mutant,ICN/G|IRN/G,mixed,ICN/GE|IRN/GE,mixed,ICN/GEA|IRN/GEA,mixed,ICNI/GEA|IRNI/GEA,mixed,ICNI/GE|IRNI/GE,mixed,NFSND,mutant,ARA|AIA,mixed,RA|IA,mixed
GM010-D0,CVIET,mutant,AICNIT,mutant,ICNI,mutant,ICN,mutant,ISAKAA|ISGEAA,mixed,SAKAA|SGEAA,mixed,ICN/A|ICN/G,mixed,ICN/AK|ICN/GE,mixed,ICN/AKA|ICN/GEA,mixed,ICNI/AKA|ICNI/GEA,mixed,ICNI/AK|ICNI/GE,mixed,NFSND,mutant,AIA,mutant,IA,mutant
GM011-D0,CVIET,mutant,AICNIT,mutant,ICNI,mutant,ICN,mutant,ISGEAA,mutant,SGEAA,mutant,ICN/G,mutant,ICN/GE,mutant,ICN/GEA,mutant,ICNI/GEA,mutant,ICNI/GE,mutant,NFSND,mutant,AIA,mutant,IA,mutant
GM011-D14,CVMNK,wildtype,AICNIT,mutant,ICNI,mutant,ICN,mutant,ISGEAA,mutant,SGEAA,mutant,ICN/G,mutant,ICN/GE,mutant,ICN/GEA,mutant,ICNI/GEA,mutant,ICNI/GE,mutant,NFSND,mutant,AIA,mutant,IA,mutant
GM012-D0,CVIET,mutant,AICNIT,mutant,ICNI,mutant,ICN,mutant,ISGEAA,mutant,SGEAA,mutant,ICN/G,mutant,ICN/GE,mutant,ICN/GEA,mutant,ICNI/GEA,mutant,ICNI/GE,mutant,NFSND,mutant,AIA,mutant,IA,mutant
GM013-D0,CVIET,mutant,AICNIT,mutant,ICNI,mutant,ICN,mutant,ISGEAA,mutant,SGEAA,mutant,ICN/G,mutant,ICN/GE,mutant,ICN/GEA,mutant,ICNI/GEA,mutant,ICNI/GE,mutant,NFSND,mutant,ARA,wildtype,RA,wildtype
GM014-D0,CVIET,mutant,AICNIT,mutant,ICNI,mutant,ICN,mutant,ISGEAA,mutant,SGEAA,mutant,ICN/G,mutant,ICN/GE,mutant,ICN/GEA,mutant,ICNI/GEA,mutant,ICNI/GE,mutant,NFSND,mutant,ARA,wildtype,RA,wildtype
GM015-D0,CVMNK,wildtype,AICNIT,mutant,ICNI,mutant,ICN,mutant,ISGEAA,mutant,SGEAA,mutant,ICN/G,mutant,ICN/GE,mutant,ICN/GEA,mutant,ICNI/GEA,mutant,ICNI/GE,mutant,NFSND,mutant,ARA,wildtype,RA,wildtype
GM016-D0,CVIET,mutant,AICNIT,mutant,ICNI,mutant,ICN,mutant,ISGEAA,mutant,SGEAA,mutant,ICN/G,mutant,ICN/GE,mutant,ICN/GEA,mutant,ICNI/GEA,mutant,ICNI/GE,mutant,NFSND,mutant,ARA,wildtype,RA,wildtype
GM017-D0,CVIET,mutant,AIRNIT,mutant,IRNI,mutant,IRN,mutant,ISGEAA,mutant,SGEAA,mutant,IRN/G,mutant,IRN/GE,mutant,IRN/GEA,mutant,IRNI/GEA,mutant,IRNI/GE,mutant,NFSND,mutant,AIA,mutant,IA,mutant
GM018-D0,CVIET,mutant,AICNIT,mutant,ICNI,mutant,ICN,mutant,ISAKAA,wildtype,SAKAA,wildtype,ICN/A,mutant,ICN/AK,mutant,ICN/AKA,mutant,ICNI/AKA,mutant,ICNI/AK,mutant,NFSND,mutant,ARA,wildtype,RA,wildtype
GM019-D0,CVIET,mutant,AICNIT,mutant,ICNI,mutant,ICN,mutant,ISGEAA,mutant,SGEAA,mutant,ICN/G,mutant,ICN/GE,mutant,ICN/GEA,mutant,ICNI/GEA,mutant,ICNI/GE,mutant,NFSND,mutant,AIA,mutant,IA,mutant
GM020-D0,CVIET,mutant,AICNIT,mutant,ICNI,mutant,ICN,mutant,ISGEAA,mutant,SGEAA,mutant,ICN/G,mutant,ICN/GE,mutant,ICN/GEA,mutant,ICNI/GEA,mutant,ICNI/GE,mutant,NFSND,mutant,ARA,wildtype,RA,wildtype
GM021-D0,CVIET,mutant,AIRNIT,mutant,IRNI,mutant,IRN,mutant,ISGEAA,mutant,SGEAA,mutant,IRN/G,mutant,IRN/GE,mutant,IRN/GEA,mutant,IRNI/GEA,mutant,IRNI/GE,mutant,NFSND,mutant,ARA,wildtype,RA,wildtype
GM022-D0,CVIET,mutant,AICNIT,mutant,ICNI,mutant,ICN,mutant,ISGEAA,mutant,SGEAA,mutant,ICN/G,mutant,ICN/GE,mutant,ICN/GEA,mutant,ICNI/GEA,mutant,ICNI/GE,mutant,NFSND,mutant,ARA,wildtype,RA,wildtype
GM023-D0,CVMNK|CVIET,mixed,AICNIT|AIRNIT,mixed,ICNI|IRNI,mixed,ICN|IRN,mixed,ISGEAA,mutant,SGEAA,mutant,ICN/G|IRN/G,mixed,ICN/GE|IRN/GE,mixed,ICN/GEA|IRN/GEA,mixed,ICNI/GEA|IRNI/GEA,mixed,ICNI/GE|IRNI/GE,mixed,NFSND,mutant,ARA|AIA,mixed,RA|IA,mixed
GM024-D0,CVIET,mutant,AIRNIT,mutant,IRNI,mutant,IRN,mutant,ISAKAA,wildtype,SAKAA,wildtype,IRN/A,mutant,IRN/AK,mutant,IRN/AKA,mutant,IRNI/AKA,mutant,IRNI/AK,mutant,NFSND,mutant,ARA,wildtype,RA,wildtype
GM025-D0,CVMNK,wildtype,AIRNIT,mutant,IRNI,mutant,IRN,mutant,ISAKAA,wildtype,SAKAA,wildtype,IRN/A,mutant,IRN/AK,mutant,IRN/AKA,mutant,IRNI/AKA,mutant,IRNI/AK,mutant,NFSND,mutant,AIA,mutant,IA,mutant
GM026-D0,CVIET,mutant,AIRNIT,mutant,IRNI,mutant,IRN,mutant,ISAKAA,wildtype,SAKAA,wildtype,IRN/A,mutant,IRN/AK,mutant,IRN/AKA,mutant,IRNI/AKA,mutant,IRNI/AK,mutant,NFSND,mutant,ARA,wildtype,RA,wildtype
GM027-D0,CVMNK,wildtype,AICNIT,mutant,ICNI,mutant,ICN,mutant,ISGEAA,mutant,SGEAA,mutant,ICN/G,mutant,ICN/GE,mutant,ICN/GEA,mutant,ICNI/GEA,mutant,ICNI/GE,mutant,NFSND,mutant,AIA,mutant,IA,mutant
GM027-D21,CVMNK,wildtype,AICNIT,mutant,ICNI,mutant,ICN,mutant,ISGEAA,mutant,SGEAA,mutant,ICN/G,mutant,ICN/GE,mutant,ICN/GEA,mutant,ICNI/GEA,mutant,ICNI/GE,mutant,NFSND,mutant,AIA,mutant,IA,mutant
GM028-D0,CVIET,mutant,AICNIT,mutant,ICNI,mutant,ICN,mutant,ISGEAA,mutant,SGEAA,mutant,ICN/G,mutant,ICN/GE,mutant,ICN/GEA,mutant,ICNI/GEA,mutant,ICNI/GE,mutant,NFSND,mutant,AIA,mutant,IA,mutant
GM029-D0,CVMNK,wildtype,AICNIT,mutant,ICNI,mutant,ICN,mutant,ISGEAA,mutant,SGEAA,mutant,ICN/G,mutant,ICN/GE,mutant,ICN/GEA,mutant,ICNI/GEA,mutant,ICNI/GE,mutant,NFSND,mutant,AIA,mutant,IA,mutant
GM030-D0,CVIET,mutant,AICNIT,mutant,ICNI,mutant,ICN,mutant,ISGEAA,mutant,SGEAA,mutant,ICN/G,mutant,ICN/GE,mutant,ICN/GEA,mutant,ICNI/GEA,mutant,ICNI/GE,mutant,NFSND,mutant,ARA,wildtype,RA,wildtype
GM031-D0,CVIET,mutant,AICNIT,mutant,ICNI,mutant,ICN,mutant,ISGEAA,mutant,SGEAA,mutant,ICN/G,mutant,ICN/GE,mutant,ICN/GEA,mutant,ICNI/GEA,mutant,ICNI/GE,mutant,NFSND,mutant,ARA,wildtype,RA,wildtype
GM032-D0,CVMNK,wildtype,AIRNIT,mutant,IRNI,mutant,IRN,mutant,ISGEAA,mutant,SGEAA,mutant,IRN/G,mutant,IRN/GE,mutant,IRN/GEA,mutant,IRNI/GEA,mutant,IRNI/GE,mutant,NFSND,mutant,ARA,wildtype,RA,wildtype
GM033-D0,CVIET,mutant,AICNIT,mutant,ICNI,mutant,ICN,mutant,ISGEAA,mutant,SGEAA,mutant,ICN/G,mutant,ICN/GE,mutant,ICN/GEA,mutant,ICNI/GEA,mutant,ICNI/GE,mutant,NFSND,mutant,AIA,mutant,IA,mutant
GM034-D0,CVIET,mutant,AIRNIT,mutant,IRNI,mutant,IRN,mutant,ISGEAA,mutant,SGEAA,mutant,IRN/G,mutant,IRN/GE,mutant,IRN/GEA,mutant,IRNI/GEA,mutant,IRNI/GE,mutant,NFSND,mutant,ARA,wildtype,RA,wildtype
GM035-D0,CVIET,mutant,AICNIT,mutant,ICNI,mutant,ICN,mutant,ISGEAA,mutant,SGEAA,mutant,ICN/G,mutant,ICN/GE,mutant,ICN/GEA,mutant,ICNI/GEA,mutant,ICNI/GE,mutant,NFSND,mutant,AIA,mutant,IA,mutant
GM036-D0,CVIET,mutant,AICNIT,mutant,ICNI,mutant,ICN,mutant,ISGEAA,mutant,SGEAA,mutant,ICN/G,mutant,ICN/GE,mutant,ICN/GEA,mutant,ICNI/GEA,mutant,ICNI/GE,mutant,NFSND,mutant,AIA,mutant,IA,mutant
GM037-D0,CVIET,mutant,AIRNIT,mutant,IRNI,mutant,IRN,mutant,ISGEGA,mutant,SGEGA,mutant,IRN/G,mutant,IRN/GE,mutant,IRN/GEG,mutant,IRNI/GEG,mutant,IRNI/GE,mutant,NFSND,mutant,ARA,wildtype,RA,wildtype
GM038-D0,CVIET,mutant,AICNIT,mutant,ICNI,mutant,ICN,mutant,ISGEAA,mutant,SGEAA,mutant,ICN/G,mutant,ICN/GE,mutant,ICN/GEA,mutant,ICNI/GEA,mutant,ICNI/GE,mutant,NFSND,mutant,ARA,wildtype,RA,wildtype
GM039-D0,CVIET,mutant,AICNIT,mutant,ICNI,mutant,ICN,mutant,ISGEAA,mutant,SGEAA,mutant,ICN/G,mutant,ICN/GE,mutant,ICN/GEA,mutant,ICNI/GEA,mutant,ICNI/GE,mutant,NFSND,mutant,ARA,wildtype,RA,wildtype
GM040-D0,CVIET,mutant,AICNIT,mutant,ICNI,mutant,ICN,mutant,ISGEAA,mutant,SGEAA,mutant,ICN/G,mutant,ICN/GE,mutant,ICN/GEA,mutant,ICNI/GEA,mutant,ICNI/GE,mutant,NFSND,mutant,AIA,mutant,IA,mutant
GM041-D0,CVMNK|CVIET,mixed,AICNIT,mutant,ICNI,mutant,ICN,mutant,ISAKAA|ISGEAA,mixed,SAKAA|SGEAA,mixed,ICN/A|ICN/G,mixed,ICN/AK|ICN/GE,mixed,ICN/AKA|ICN/GEA,mixed,ICNI/AKA|ICNI/GEA,mixed,ICNI/AK|ICNI/GE,mixed,NYSND|NFSND,mixed,ARA|AIA,mixed,RA|IA,mixed
GM042-D0,CVIET,mutant,AICNIT,mutant,ICNI,mutant,ICN,mutant,ISGEAA,mutant,SGEAA,mutant,ICN/G,mutant,ICN/GE,mutant,ICN/GEA,mutant,ICNI/GEA,mutant,ICNI/GE,mutant,NFSND,mutant,AIA,mutant,IA,mutant
GM043-D0,CVIET,mutant,AIRNIT,mutant,IRNI,mutant,IRN,mutant,ISGEAA,mutant,SGEAA,mutant,IRN/G,mutant,IRN/GE,mutant,IRN/GEA,mutant,IRNI/GEA,mutant,IRNI/GE,mutant,NFSND,mutant,AIA,mutant,IA,mutant
GM044-D0,CVIET,mutant,AICNIT,mutant,ICNI,mutant,ICN,mutant,ISGEAA,mutant,SGEAA,mutant,ICN/G,mutant,ICN/GE,mutant,ICN/GEA,mutant,ICNI/GEA,mutant,ICNI/GE,mutant,NYSND|NFSND,mixed,AIA,mutant,IA,mutant
GM045-D0,CVMNK,wildtype,AICNIT|AIRNIT,mixed,ICNI|IRNI,mixed,ICN|IRN,mixed,ISAKAA|ISGEAA,mixed,SAKAA|SGEAA,mixed,ICN/A|ICN/G|IRN/A|IRN/G,mixed,ICN/AK|ICN/GE|IRN/AK|IRN/GE,mixed,ICN/AKA|ICN/GEA|IRN/AKA|IRN/GEA,mixed,ICNI/AKA|ICNI/GEA|IRNI/AKA|IRNI/GEA,mixed,ICNI/AK|ICNI/GE|IRNI/AK|IRNI/GE,mixed,NFSND,mutant,ARA|AIA,mixed,RA|IA,mixed
GM045-D21,CVMNK,wildtype,AIRNIT,mutant,IRNI,mutant,IRN,mutant,ISGEAA,mutant,SGEAA,mutant,IRN/G,mutant,IRN/GE,mutant,IRN/GEA,mutant,IRNI/GEA,mutant,IRNI/GE,mutant,NFSND,mutant,AIA,mutant,IA,mutant
GM046-D0,CVMNK,wildtype,AICNIT,mutant,ICNI,mutant,ICN,mutant,ISGEAA,mutant,SGEAA,mutant,ICN/G,mutant,ICN/GE,mutant,ICN/GEA,mutant,ICNI/GEA,mutant,ICNI/GE,mutant,NFSND,mutant,AIA,mutant,IA,mutant
GM046-D28,CVMNK,wildtype,AICNIT,mutant,ICNI,mutant,ICN,mutant,ISGEAA,mutant,SGEAA,mutant,ICN/G,mutant,ICN/GE,mutant,ICN/GEA,mutant,ICNI/GEA,mutant,ICNI/GE,mutant,NFSND,mutant,AIA,mutant,IA,mutant
GM047-D0,CVIET,mutant,AICNIT,mutant,ICNI,mutant,ICN,mutant,ISGEAA,mutant,SGEAA,mutant,ICN/G,mutant,ICN/GE,mutant,ICN/GEA,mutant,ICNI/GEA,mutant,ICNI/GE,mutant,NFSND,mutant,ARA,wildtype,RA,wildtype
GM048-D0,CVIET,mutant,AICNIT,mutant,ICNI,mutant,ICN,mutant,ISGEAA,mutant,SGEAA,mutant,ICN/G,mutant,ICN/GE,mutant,ICN/GEA,mutant,ICNI/GEA,mutant,ICNI/GE,mutant,NFSND,mutant,ARA,wildtype,RA,wildtype
GM049-D0,CVMNK,wildtype,AICNIT,mutant,ICNI,mutant,ICN,mutant,ISGEAA,mutant,SGEAA,mutant,ICN/G,mutant,ICN/GE,mutant,ICN/GEA,mutant,ICNI/GEA,mutant,ICNI/GE,mutant,NFSND,mutant,ARA,wildtype,RA,wildtype
GM050-D0,CVIET,mutant,AICNIT,mutant,ICNI,mutant,ICN,mutant,ISGEAA,mutant,SGEAA,mutant,ICN/G,mutant,ICN/GE,mutant,ICN/GEA,mutant,ICNI/GEA,mutant,ICNI/GE,mutant,NFSND,mutant,ARA|AIA,mixed,RA|IA,mixed
GM051-D0,CVIET,mutant,AICNIT,mutant,ICNI,mutant,ICN,mutant,ISGEAA,mutant,SGEAA,mutant,ICN/G,mutant,ICN/GE,mutant,ICN/GEA,mutant,ICNI/GEA,mutant,ICNI/GE,mutant,NFSND,mutant,ARA,wildtype,RA,wildtype
GM052-D0,CVIET,mutant,AICNIT,mutant,ICNI,mutant,ICN,mutant,ISGEAA,mutant,SGEAA,mutant,ICN/G,mutant,ICN/GE,mutant,ICN/GEA,mutant,ICNI/GEA,mutant,ICNI/GE,mutant,NFSND,mutant,AIA,mutant,IA,mutant
GM053-D0,CVIET,mutant,AIRNIT,mutant,IRNI,mutant,IRN,mutant,ISGEAA,mutant,SGEAA,mutant,IRN/G,mutant,IRN/GE,mutant,IRN/GEA,mutant,IRNI/GEA,mutant,IRNI/GE,mutant,NFSND,mutant,AIA,mutant,IA,mutant
GM054-D0,CVIET,mutant,AIRNIT,mutant,IRNI,mutant,IRN,mutant,ISGEAA,mutant,SGEAA,mutant,IRN/G,mutant,IRN/GE,mutant,IRN/GEA,mutant,IRNI/GEA,mutant,IRNI/GE,mutant,NFSND,mutant,ARA,wildtype,RA,wildtype
GM055-D0,CVMNK,wildtype,AICNIT,mutant,ICNI,mutant,ICN,mutant,ISGEAA,mutant,SGEAA,mutant,ICN/G,mutant,ICN/GE,mutant,ICN/GEA,mutant,ICNI/GEA,mutant,ICNI/GE,mutant,NFSND,mutant,AIA,mutant,IA,mutant
GM056-D0,CVIET,mutant,AICNIT,mutant,ICNI,mutant,ICN,mutant,ISGEAA,mutant,SGEAA,mutant,ICN/G,mutant,ICN/GE,mutant,ICN/GEA,mutant,ICNI/GEA,mutant,ICNI/GE,mutant,NFSND,mutant,AIA,mutant,IA,mutant
GM057-D0,CVIET,mutant,AIRNIT,mutant,IRNI,mutant,IRN,mutant,ISGEGA,mutant,SGEGA,mutant,IRN/G,mutant,IRN/GE,mutant,IRN/GEG,mutant,IRNI/GEG,mutant,IRNI/GE,mutant,NFSND,mutant,ARA,wildtype,RA,wildtype
GM058-D0,CVIET,mutant,AIRNIT,mutant,IRNI,mutant,IRN,mutant,ISGEAA,mutant,SGEAA,mutant,IRN/G,mutant,IRN/GE,mutant,IRN/GEA,mutant,IRNI/GEA,mutant,IRNI/GE,mutant,NFSND,mutant,ARA,wildtype,RA,wildtype
GM059-D0,CVIET,mutant,AICNIT,mutant,ICNI,mutant,ICN,mutant,ISGEAA,mutant,SGEAA,mutant,ICN/G,mutant,ICN/GE,mutant,ICN/GEA,mutant,ICNI/GEA,mutant,ICNI/GE,mutant,NFSND,mutant,AIA,mutant,IA,mutant
GM060-D0,CVIET,mutant,AIRNIT,mutant,IRNI,mutant,IRN,mutant,ISGEAA,mutant,SGEAA,mutant,IRN/G,mutant,IRN/GE,mutant,IRN/GEA,mutant,IRNI/GEA,mutant,IRNI/GE,mutant,NFSND,mutant,ARA,wildtype,RA,wildtype
GM061-D0,CVIET,mutant,AICNIT,mutant,ICNI,mutant,ICN,mutant,ISGEAA,mutant,SGEAA,mutant,ICN/G,mutant,ICN/GE,mutant,ICN/GEA,mutant,ICNI/GEA,mutant,ICNI/GE,mutant,NFSND,mutant,AIA,mutant,IA,mutant
GM062-D0,CVIET,mutant,AICNIT,mutant,ICNI,mutant,ICN,mutant,ISGEAA,mutant,SGEAA,mutant,ICN/G,mutant,ICN/GE,mutant,ICN/GEA,mutant,ICNI/GEA,mutant,ICNI/GE,mutant,NFSND,mutant,ARA,wildtype,RA,wildtype
GM063-D0,CVIET,mutant,AICNIT,mutant,ICNI,mutant,ICN,mutant,ISGEAA,mutant,SGEAA,mutant,ICN/G,mutant,ICN/GE,mutant,ICN/GEA,mutant,ICNI/GEA,mutant,ICNI/GE,mutant,NFSND,mutant,ARA|AIA,mixed,RA|IA,mixed
GM063-D21,CVMNK,wildtype,AIRNIT,mutant,IRNI,mutant,IRN,mutant,ISGEAA,mutant,SGEAA,mutant,IRN/G,mutant,IRN/GE,mutant,IRN/GEA,mutant,IRNI/GEA,mutant,IRNI/GE,mutant,NFSND,mutant,ARA,wildtype,RA,wildtype
GM064-D0,CVIET,mutant,AIRNIT,mutant,IRNI,mutant,IRN,mutant,ISGEAA,mutant,SGEAA,mutant,IRN/G,mutant,IRN/GE,mutant,IRN/GEA,mutant,IRNI/GEA,mutant,IRNI/GE,mutant,NFSND,mutant,AIA,mutant,IA,mutant
GM065-D0,CVIET,mutant,AICNIT,mutant,ICNI,mutant,ICN,mutant,ISGEAA,mutant,SGEAA,mutant,ICN/G,mutant,ICN/GE,mutant,ICN/GEA,mutant,ICNI/GEA,mutant,ICNI/GE,mutant,NFSND,mutant,AIA,mutant,IA,mutant
GM066-D0,CVIET,mutant,AIRNIT,mutant,IRNI,mutant,IRN,mutant,ISGEAA,mutant,SGEAA,mutant,IRN/G,mutant,IRN/GE,mutant,IRN/GEA,mutant,IRNI/GEA,mutant,IRNI/GE,mutant,NFSND,mutant,ARA|AIA,mixed,RA|IA,mixed
GM067-D0,CVIET,mutant,AICNIT,mutant,ICNI,mutant,ICN,mutant,ISGEAA,mutant,SGEAA,mutant,ICN/G,mutant,ICN/GE,mutant,ICN/GEA,mutant,ICNI/GEA,mutant,ICNI/GE,mutant,NFSND,mutant,AIA,mutant,IA,mutant
GM068-D0,CVMNK,wildtype,AICNIT,mutant,ICNI,mutant,ICN,mutant,ISGEAA,mutant,SGEAA,mutant,ICN/G,mutant,ICN/GE,mutant,ICN/GEA,mutant,ICNI/GEA,mutant,ICNI/GE,mutant,NFSND,mutant,ARA|AIA,mixed,RA|IA,mixed
GM069-D0,CVIET,mutant,AICNIT,mutant,ICNI,mutant,ICN,mutant,ISGEAA,mutant,SGEAA,mutant,ICN/G,mutant,ICN/GE,mutant,ICN/GEA,mutant,ICNI/GEA,mutant,ICNI/GE,mutant,NFSND,mutant,AIA,mutant,IA,mutant
GM070-D0,CVMNK,wildtype,AICNIT,mutant,ICNI,mutant,ICN,mutant,ISGEAA,mutant,SGEAA,mutant,ICN/G,mutant,ICN/GE,mutant,ICN/GEA,mutant,ICNI/GEA,mutant,ICNI/GE,mutant,NFSND,mutant,ARA,wildtype,RA,wildtype
GM070-D28,CVMNK,wildtype,AICNIT,mutant,ICNI,mutant,ICN,mutant,ISGEAA,mutant,SGEAA,mutant,ICN/G,mutant,ICN/GE,mutant,ICN/GEA,mutant,ICNI/GEA,mutant,ICNI/GE,mutant,NFSND,mutant,ARA,wildtype,RA,wildtype
GM071-D0,CVIET,mutant,AICNIT,mutant,ICNI,mutant,ICN,mutant,ISGEAA,mutant,SGEAA,mutant,ICN/G,mutant,ICN/GE,mutant,ICN/GEA,mutant,ICNI/GEA,mutant,ICNI/GE,mutant,NFSND,mutant,AIA,mutant,IA,mutant
GM072-D0,CVIET,mutant,AICNIT,mutant,ICNI,mutant,ICN,mutant,ISGEAA,mutant,SGEAA,mutant,ICN/G,mutant,ICN/GE,mutant,ICN/GEA,mutant,ICNI/GEA,mutant,ICNI/GE,mutant,NFSND,mutant,ARA,wildtype,RA,wildtype
GM073-D0,CVIET,mutant,AICNIT,mutant,ICNI,mutant,ICN,mutant,ISGEAA,mutant,SGEAA,mutant,ICN/G,mutant,ICN/GE,mutant,ICN/GEA,mutant,ICNI/GEA,mutant,ICNI/GE,mutant,NFSND,mutant,AIA,mutant,IA,mutant
GM074-D0,CVIET,mutant,AICNIT,mutant,ICNI,mutant,ICN,mutant,ISGEAA,mutant,SGEAA,mutant,ICN/G,mutant,ICN/GE,mutant,ICN/GEA,mutant,ICNI/GEA,mutant,ICNI/GE,mutant,NFSND,mutant,ARA|AIA,mixed,RA|IA,mixed
GM075-D0,CVIET,mutant,AICNIT,mutant,ICNI,mutant,ICN,mutant,ISGEAA,mutant,SGEAA,mutant,ICN/G,mutant,ICN/GE,mutant,ICN/GEA,mutant,ICNI/GEA,mutant,ICNI/GE,mutant,NFSND,mutant,ARA,wildtype,RA,wildtype
GM076-D0,CVMNK,wildtype,AICNIT,mutant,ICNI,mutant,ICN,mutant,ISGEAA,mutant,SGEAA,mutant,ICN/G,mutant,ICN/GE,mutant,ICN/GEA,mutant,ICNI/GEA,mutant,ICNI/GE,mutant,NFSND,mutant,ARA|AIA,mixed,RA|IA,mixed
GM076-D21,CVMNK,wildtype,AICNIT,mutant,ICNI,mutant,ICN,mutant,ISGEAA,mutant,SGEAA,mutant,ICN/G,mutant,ICN/GE,mutant,ICN/GEA,mutant,ICNI/GEA,mutant,ICNI/GE,mutant,NFSND,mutant,AIA,mutant,IA,mutant
GM077-D0,CVIET,mutant,AICNIT,mutant,ICNI,mutant,ICN,mutant,ISGEAA,mutant,SGEAA,mutant,ICN/G,mutant,ICN/GE,mutant,ICN/GEA,mutant,ICNI/GEA,mutant,ICNI/GE,mutant,NFSND,mutant,AIA,mutant,IA,mutant
GM078-D0,CVMNK|CVIET,mixed,AICNIT,mutant,ICNI,mutant,ICN,mutant,ISGEAA,mutant,SGEAA,mutant,ICN/G,mutant,ICN/GE,mutant,ICN/GEA,mutant,ICNI/GEA,mutant,ICNI/GE,mutant,NFSND,mutant,ARA,wildtype,RA,wildtype
GM079-D0,CVIET,mutant,AIRNIT,mutant,IRNI,mutant,IRN,mutant,ISGEAA,mutant,SGEAA,mutant,IRN/G,mutant,IRN/GE,mutant,IRN/GEA,mutant,IRNI/GEA,mutant,IRNI/GE,mutant,NFSND,mutant,AIA,mutant,IA,mutant
GM080-D0,CVIET,mutant,AICNIT,mutant,ICNI,mutant,ICN,mutant,ISGEAA,mutant,SGEAA,mutant,ICN/G,mutant,ICN/GE,mutant,ICN/GEA,mutant,ICNI/GEA,mutant,ICNI/GE,mutant,NFSND,mutant,ARA,wildtype,RA,wildtype
GM081-D0,CVIET,mutant,AIRNIT,mutant,IRNI,mutant,IRN,mutant,ISAKAA|ISGEAA,mixed,SAKAA|SGEAA,mixed,IRN/A|IRN/G,mixed,IRN/AK|IRN/GE,mixed,IRN/AKA|IRN/GEA,mixed,IRNI/AKA|IRNI/GEA,mixed,IRNI/AK|IRNI/GE,mixed,NFSND,mutant,ARA|AIA,mixed,RA|IA,mixed
GM082-D0,CVIET,mutant,AICNIT,mutant,ICNI,mutant,ICN,mutant,ISGEAA,mutant,SGEAA,mutant,ICN/G,mutant,ICN/GE,mutant,ICN/GEA,mutant,ICNI/GEA,mutant,ICNI/GE,mutant,NFSND,mutant,ARA,wildtype,RA,wildtype
GM082-D21,CVIET,mutant,AICNIT,mutant,ICNI,mutant,ICN,mutant,ISAKAA,wildtype,SAKAA,wildtype,ICN/A,mutant,ICN/AK,mutant,ICN/AKA,mutant,ICNI/AKA,mutant,ICNI/AK,mutant,NFSND,mutant,ARA,wildtype,RA,wildtype
GM083-D0,CVMNK|CVIET,mixed,AIRNIT,mutant,IRNI,mutant,IRN,mutant,IFGEAS|ISGEAA,mixed,FGEAS|SGEAA,mixed,IRN/G,mutant,IRN/GE,mutant,IRN/GEA,mutant,IRNI/GEA,mutant,IRNI/GE,mutant,NYSND|FYSND|YFSND,mixed,ARA|AIA,mixed,RA|IA,mixed
GM084-D0,CVIET,mutant,AICNIT|AIRNIT,mixed,ICNI|IRNI,mixed,ICN|IRN,mixed,ISGEAA,mutant,SGEAA,mutant,ICN/G|IRN/G,mixed,ICN/GE|IRN/GE,mixed,ICN/GEA|IRN/GEA,mixed,ICNI/GEA|IRNI/GEA,mixed,ICNI/GE|IRNI/GE,mixed,NFSND,mutant,AIA,mutant,IA,mutant
GM085-D0,CVMNK,wildtype,AIRNIT,mutant,IRNI,mutant,IRN,mutant,ISGEAA,mutant,SGEAA,mutant,IRN/G,mutant,IRN/GE,mutant,IRN/GEA,mutant,IRNI/GEA,mutant,IRNI/GE,mutant,NFSND,mutant,AIA,mutant,IA,mutant
GM086-D0,CVIET,mutant,AICNIT,mutant,ICNI,mutant,ICN,mutant,ISGEAA,mutant,SGEAA,mutant,ICN/G,mutant,ICN/GE,mutant,ICN/GEA,mutant,ICNI/GEA,mutant,ICNI/GE,mutant,NFSND,mutant,ARA,wildtype,RA,wildtype
GM087-D0,CVMNK,wildtype,AIRNIT,mutant,IRNI,mutant,IRN,mutant,ISGEAA,mutant,SGEAA,mutant,IRN/G,mutant,IRN/GE,mutant,IRN/GEA,mutant,IRNI/GEA,mutant,IRNI/GE,mutant,NFSND,mutant,ARA,wildtype,RA,wildtype
GM088-D0,CVIET,mutant,AIRNIT,mutant,IRNI,mutant,IRN,mutant,ISAKAA,wildtype,SAKAA,wildtype,IRN/A,mutant,IRN/AK,mutant,IRN/AKA,mutant,IRNI/AKA,mutant,IRNI/AK,mutant,NFSND,mutant,ARA,wildtype,RA,wildtype
GM089-D0,CVMNK|CVIET,mixed,AICNIT,mutant,ICNI,mutant,ICN,mutant,ISGEAA,mutant,SGEAA,mutant,ICN/G,mutant,ICN/GE,mutant,ICN/GEA,mutant,ICNI/GEA,mutant,ICNI/GE,mutant,NFSND,mutant,ARA|AIA,mixed,RA|IA,mixed
MM001-D0,CVIET,mutant,AIRNIT,mutant,IRNI,mutant,IRN,mutant,ISGEAA,mutant,SGEAA,mutant,IRN/G,mutant,IRN/GE,mutant,IRN/GEA,mutant,IRNI/GEA,mutant,IRNI/GE,mutant,NFSND,mutant,ARA,wildtype,RA,wildtype
MM002-D0,CVMNK,wildtype,ANCSIT,wildtype,NCSI,wildtype,NCS,wildtype,ISGEAA,mutant,SGEAA,mutant,NCS/G,mutant,NCS/GE,mutant,NCS/GEA,mutant,NCSI/GEA,mutant,NCSI/GE,mutant,NFSND,mutant,ARA,wildtype,RA,wildtype
MM004-D0,CVIET,mutant,AIRNIT,mutant,IRNI,mutant,IRN,mutant,ISGEAA,mutant,SGEAA,mutant,IRN/G,mutant,IRN/GE,mutant,IRN/GEA,mutant,IRNI/GEA,mutant,IRNI/GE,mutant,NFSND,mutant,ARA,wildtype,RA,wildtype
MM005-D0,CVMNK,wildtype,AICNIT|AIRNIT,mixed,ICNI|IRNI,mixed,ICN|IRN,mixed,ISAKAA|ISGEAA,mixed,SAKAA|SGEAA,mixed,ICN/A|ICN/G|IRN/A|IRN/G,mixed,ICN/AK|ICN/GE|IRN/AK|IRN/GE,mixed,ICN/AKA|ICN/GEA|IRN/AKA|IRN/GEA,mixed,ICNI/AKA|ICNI/GEA|IRNI/AKA|IRNI/GEA,mixed,ICNI/AK|ICNI/GE|IRNI/AK|IRNI/GE,mixed,NFSND,mutant,ARA,wildtype,RA,wildtype
MM006-D0,CVMNK,wildtype,AICNIT|AIRNIT,mixed,ICNI|IRNI,mixed,ICN|IRN,mixed,ISGEAA,mutant,SGEAA,mutant,ICN/G|IRN/G,mixed,ICN/GE|IRN/GE,mixed,ICN/GEA|IRN/GEA,mixed,ICNI/GEA|IRNI/GEA,mixed,ICNI/GE|IRNI/GE,mixed,NYSND|NFSND,mixed,ARA,wildtype,RA,wildtype
MM007-D0,CVIET,mutant,AICNIT|AIRNIT,mixed,ICNI|IRNI,mixed,ICN|IRN,mixed,ISAKAA|ISGEAA,mixed,SAKAA|SGEAA,mixed,ICN/A|ICN/G|IRN/A|IRN/G,mixed,ICN/AK|ICN/GE|IRN/AK|IRN/GE,mixed,ICN/AKA|ICN/GEA|IRN/AKA|IRN/GEA,mixed,ICNI/AKA|ICNI/GEA|IRNI/AKA|IRNI/GEA,mixed,ICNI/AK|ICNI/GE|IRNI/AK|IRNI/GE,mixed,NFSND,mutant,ARA,wildtype,RA,wildtype
MM007-D21,CVIET,mutant,AIRNIT,mutant,IRNI,mutant,IRN,mutant,ISG-AA,mutant,SG-AA,mutant,IRN/G,mutant,IRN/G-,mutant,IRN/G-A,mutant,IRNI/G-A,mutant,IRNI/G-,mutant,-FSND,mutant,A--,NA,-,NA
MM008-D0,CVMNK,wildtype,AIRNIT,mutant,IRNI,mutant,IRN,mutant,ISGEAA,mutant,SGEAA,mutant,IRN/G,mutant,IRN/GE,mutant,IRN/GEA,mutant,IRNI/GEA,mutant,IRNI/GE,mutant,NFSND,mutant,ARA,wildtype,RA,wildtype
MM008-D21,CVMNK,wildtype,AIRNIT,mutant,IRNI,mutant,IRN,mutant,ISGEAA,mutant,SGEAA,mutant,IRN/G,mutant,IRN/GE,mutant,IRN/GEA,mutant,IRNI/GEA,mutant,IRNI/GE,mutant,NFSND,mutant,ARA,wildtype,RA,wildtype
MM009-D0,CVMNK,wildtype,AIRNIT,mutant,IRNI,mutant,IRN,mutant,ISGEAA,mutant,SGEAA,mutant,IRN/G,mutant,IRN/GE,mutant,IRN/GEA,mutant,IRNI/GEA,mutant,IRNI/GE,mutant,NFSND,mutant,ARA,wildtype,RA,wildtype
MM010-D0,CVMNK,wildtype,AICNIT,mutant,ICNI,mutant,ICN,mutant,ISGEAA,mutant,SGEAA,mutant,ICN/G,mutant,ICN/GE,mutant,ICN/GEA,mutant,ICNI/GEA,mutant,ICNI/GE,mutant,NFSND,mutant,ARA,wildtype,RA,wildtype
MM011-D0,CVIET,mutant,AIRNIT,mutant,IRNI,mutant,IRN,mutant,ISGEAA,mutant,SGEAA,mutant,IRN/G,mutant,IRN/GE,mutant,IRN/GEA,mutant,IRNI/GEA,mutant,IRNI/GE,mutant,NFSND,mutant,ARA,wildtype,RA,wildtype
MM013-D0,CVMNK,wildtype,AICNIT,mutant,ICNI,mutant,ICN,mutant,ISGEAA,mutant,SGEAA,mutant,ICN/G,mutant,ICN/GE,mutant,ICN/GEA,mutant,ICNI/GEA,mutant,ICNI/GE,mutant,NFSND,mutant,ARA,wildtype,RA,wildtype
MM013-D21,CVMNK,wildtype,AICNIT,mutant,ICNI,mutant,ICN,mutant,ISGEAA,mutant,SGEAA,mutant,ICN/G,mutant,ICN/GE,mutant,ICN/GEA,mutant,ICNI/GEA,mutant,ICNI/GE,mutant,NFSND,mutant,ARA,wildtype,RA,wildtype
MM014-D0,CVMNK,wildtype,AIRNIT,mutant,IRNI,mutant,IRN,mutant,ISGEAA,mutant,SGEAA,mutant,IRN/G,mutant,IRN/GE,mutant,IRN/GEA,mutant,IRNI/GEA,mutant,IRNI/GE,mutant,NFSND,mutant,ARA,wildtype,RA,wildtype
MM015-D0,CVMNK,wildtype,AICNIT,mutant,ICNI,mutant,ICN,mutant,ISGEAA,mutant,SGEAA,mutant,ICN/G,mutant,ICN/GE,mutant,ICN/GEA,mutant,ICNI/GEA,mutant,ICNI/GE,mutant,NFSND,mutant,ARA,wildtype,RA,wildtype
MM016-D0,CVMNK,wildtype,AIRNIT,mutant,IRNI,mutant,IRN,mutant,ISGEAA,mutant,SGEAA,mutant,IRN/G,mutant,IRN/GE,mutant,IRN/GEA,mutant,IRNI/GEA,mutant,IRNI/GE,mutant,NFSND,mutant,ARA,wildtype,RA,wildtype
MM018-D0,CVMNK,wildtype,AICNIT|AIRNIT,mixed,ICNI|IRNI,mixed,ICN|IRN,mixed,ISGEAA,mutant,SGEAA,mutant,ICN/G|IRN/G,mixed,ICN/GE|IRN/GE,mixed,ICN/GEA|IRN/GEA,mixed,ICNI/GEA|IRNI/GEA,mixed,ICNI/GE|IRNI/GE,mixed,NFSND,mutant,ARA,wildtype,RA,wildtype
MM019-D0,CVMNK,wildtype,AIRNIT,mutant,IRNI,mutant,IRN,mutant,ISGEAA,mutant,SGEAA,mutant,IRN/G,mutant,IRN/GE,mutant,IRN/GEA,mutant,IRNI/GEA,mutant,IRNI/GE,mutant,NFSND,mutant,ARA,wildtype,RA,wildtype
MM020-D0,CVMNK,wildtype,AICNIT,mutant,ICNI,mutant,ICN,mutant,ISGEAA,mutant,SGEAA,mutant,ICN/G,mutant,ICN/GE,mutant,ICN/GEA,mutant,ICNI/GEA,mutant,ICNI/GE,mutant,NFSND,mutant,ARA,wildtype,RA,wildtype
MM021-D0,CVMNK,wildtype,AIRNIT,mutant,IRNI,mutant,IRN,mutant,ISGEAA,mutant,SGEAA,mutant,IRN/G,mutant,IRN/GE,mutant,IRN/GEA,mutant,IRNI/GEA,mutant,IRNI/GE,mutant,NFSND,mutant,ARA,wildtype,RA,wildtype
MM022-D0,CVMNK,wildtype,AIRNIT,mutant,IRNI,mutant,IRN,mutant,ISGEAA,mutant,SGEAA,mutant,IRN/G,mutant,IRN/GE,mutant,IRN/GEA,mutant,IRNI/GEA,mutant,IRNI/GE,mutant,NFSND,mutant,ARA,wildtype,RA,wildtype
MM023-D0,CVMNK,wildtype,AIRNIT,mutant,IRNI,mutant,IRN,mutant,ISGEAA,mutant,SGEAA,mutant,IRN/G,mutant,IRN/GE,mutant,IRN/GEA,mutant,IRNI/GEA,mutant,IRNI/GE,mutant,NFSND,mutant,ARA,wildtype,RA,wildtype
MM024-D0,CVMNK|CVIET,mixed,AIRNIT,mutant,IRNI,mutant,IRN,mutant,ISGEAA,mutant,SGEAA,mutant,IRN/G,mutant,IRN/GE,mutant,IRN/GEA,mutant,IRNI/GEA,mutant,IRNI/GE,mutant,NFSND,mutant,ARA,wildtype,RA,wildtype
MM024-D28,CVMNK,wildtype,AIRNIT,mutant,IRNI,mutant,IRN,mutant,ISGEAA,mutant,SGEAA,mutant,IRN/G,mutant,IRN/GE,mutant,IRN/GEA,mutant,IRNI/GEA,mutant,IRNI/GE,mutant,NFSND,mutant,ARA,wildtype,RA,wildtype
MM025-D0,CVMNK,wildtype,AICNIT|AIRNIT,mixed,ICNI|IRNI,mixed,ICN|IRN,mixed,ISGEAA,mutant,SGEAA,mutant,ICN/G|IRN/G,mixed,ICN/GE|IRN/GE,mixed,ICN/GEA|IRN/GEA,mixed,ICNI/GEA|IRNI/GEA,mixed,ICNI/GE|IRNI/GE,mixed,NFSND,mutant,ARA,wildtype,RA,wildtype
MM026-D0,CVIET,mutant,AIRNIT,mutant,IRNI,mutant,IRN,mutant,ISGEAA,mutant,SGEAA,mutant,IRN/G,mutant,IRN/GE,mutant,IRN/GEA,mutant,IRNI/GEA,mutant,IRNI/GE,mutant,NFSND,mutant,ARA,wildtype,RA,wildtype
MM027-D0,CVIET,mutant,AICNIT,mutant,ICNI,mutant,ICN,mutant,ISGEAA,mutant,SGEAA,mutant,ICN/G,mutant,ICN/GE,mutant,ICN/GEA,mutant,ICNI/GEA,mutant,ICNI/GE,mutant,NFSND,mutant,ARA,wildtype,RA,wildtype
MM028-D0,CVMNK|CVIET,mixed,AICSIT|ANCNIT,mixed,ICSI|NCNI,mixed,ICS|NCN,mixed,ISGEAA,mutant,SGEAA,mutant,ICS/G|NCN/G,mixed,ICS/GE|NCN/GE,mixed,ICS/GEA|NCN/GEA,mixed,ICSI/GEA|NCNI/GEA,mixed,ICSI/GE|NCNI/GE,mixed,NFSND,mutant,ARA,wildtype,RA,wildtype
MM029-D0,CVIET,mutant,AIRNIT,mutant,IRNI,mutant,IRN,mutant,ISGEAA,mutant,SGEAA,mutant,IRN/G,mutant,IRN/GE,mutant,IRN/GEA,mutant,IRNI/GEA,mutant,IRNI/GE,mutant,NFSND,mutant,ARA,wildtype,RA,wildtype
MM030-D0,CVMNK,wildtype,AICNIT|AIRNIT,mixed,ICNI|IRNI,mixed,ICN|IRN,mixed,ISGEAA,mutant,SGEAA,mutant,ICN/G|IRN/G,mixed,ICN/GE|IRN/GE,mixed,ICN/GEA|IRN/GEA,mixed,ICNI/GEA|IRNI/GEA,mixed,ICNI/GE|IRNI/GE,mixed,NFSND,mutant,ARA,wildtype,RA,wildtype
MM030-D28,CVMNK,wildtype,AICNIT,mutant,ICNI,mutant,ICN,mutant,ISGEAA,mutant,SGEAA,mutant,ICN/G,mutant,ICN/GE,mutant,ICN/GEA,mutant,ICNI/GEA,mutant,ICNI/GE,mutant,NFSND,mutant,ARA,wildtype,RA,wildtype
MM031-D0,CVMNK,wildtype,AIRNIT,mutant,IRNI,mutant,IRN,mutant,ISGEAA,mutant,SGEAA,mutant,IRN/G,mutant,IRN/GE,mutant,IRN/GEA,mutant,IRNI/GEA,mutant,IRNI/GE,mutant,NFSND,mutant,ARA,wildtype,RA,wildtype
MM032-D0,CVMNK,wildtype,AIRNIT,mutant,IRNI,mutant,IRN,mutant,ISGEAA,mutant,SGEAA,mutant,IRN/G,mutant,IRN/GE,mutant,IRN/GEA,mutant,IRNI/GEA,mutant,IRNI/GE,mutant,NFSND,mutant,ARA,wildtype,RA,wildtype
MM033-D0,CVMNK,wildtype,AIRNIT,mutant,IRNI,mutant,IRN,mutant,ISGEAA,mutant,SGEAA,mutant,IRN/G,mutant,IRN/GE,mutant,IRN/GEA,mutant,IRNI/GEA,mutant,IRNI/GE,mutant,NFSND,mutant,ARA,wildtype,RA,wildtype
MM033-D21,CVMNK,wildtype,AIRNIT,mutant,IRNI,mutant,IRN,mutant,ISGEAA,mutant,SGEAA,mutant,IRN/G,mutant,IRN/GE,mutant,IRN/GEA,mutant,IRNI/GEA,mutant,IRNI/GE,mutant,NFSND,mutant,ARA,wildtype,RA,wildtype
MM034-D0,CVMNK,wildtype,AIRNIT,mutant,IRNI,mutant,IRN,mutant,ISGEAA,mutant,SGEAA,mutant,IRN/G,mutant,IRN/GE,mutant,IRN/GEA,mutant,IRNI/GEA,mutant,IRNI/GE,mutant,NFSND,mutant,ARA,wildtype,RA,wildtype
MM035-D0,CVIET,mutant,AIRNIT,mutant,IRNI,mutant,IRN,mutant,ISGEAA,mutant,SGEAA,mutant,IRN/G,mutant,IRN/GE,mutant,IRN/GEA,mutant,IRNI/GEA,mutant,IRNI/GE,mutant,NFSND,mutant,ARA,wildtype,RA,wildtype
MM036-D0,CVIET,mutant,AIRNIT,mutant,IRNI,mutant,IRN,mutant,ISGEAA,mutant,SGEAA,mutant,IRN/G,mutant,IRN/GE,mutant,IRN/GEA,mutant,IRNI/GEA,mutant,IRNI/GE,mutant,NFSND,mutant,ARA,wildtype,RA,wildtype
MM037-D0,CVMNK,wildtype,AIRNIT,mutant,IRNI,mutant,IRN,mutant,ISGEAA,mutant,SGEAA,mutant,IRN/G,mutant,IRN/GE,mutant,IRN/GEA,mutant,IRNI/GEA,mutant,IRNI/GE,mutant,NFSND,mutant,ARA,wildtype,RA,wildtype
MM037-D21,CVMNK,wildtype,AIRNIT,mutant,IRNI,mutant,IRN,mutant,ISAKAA|ISGEAA,mixed,SAKAA|SGEAA,mixed,IRN/A|IRN/G,mixed,IRN/AK|IRN/GE,mixed,IRN/AKA|IRN/GEA,mixed,IRNI/AKA|IRNI/GEA,mixed,IRNI/AK|IRNI/GE,mixed,NFSND,mutant,ARA,wildtype,RA,wildtype
MM039-D0,CVMNK,wildtype,AICSIT|ANRNIT,mixed,ICSI|NRNI,mixed,ICS|NRN,mixed,ISAKAA|ISGEAA,mixed,SAKAA|SGEAA,mixed,ICS/A|ICS/G|NRN/A|NRN/G,mixed,ICS/AK|ICS/GE|NRN/AK|NRN/GE,mixed,ICS/AKA|ICS/GEA|NRN/AKA|NRN/GEA,mixed,ICSI/AKA|ICSI/GEA|NRNI/AKA|NRNI/GEA,mixed,ICSI/AK|ICSI/GE|NRNI/AK|NRNI/GE,mixed,NFSND,mutant,ARA,wildtype,RA,wildtype
MM041-D0,CVMNK,wildtype,AICNIT|AIRNIT,mixed,ICNI|IRNI,mixed,ICN|IRN,mixed,ISGEAA,mutant,SGEAA,mutant,ICN/G|IRN/G,mixed,ICN/GE|IRN/GE,mixed,ICN/GEA|IRN/GEA,mixed,ICNI/GEA|IRNI/GEA,mixed,ICNI/GE|IRNI/GE,mixed,NFSND,mutant,ARA,wildtype,RA,wildtype
MM042-D0,CVMNK,wildtype,AIRNIT,mutant,IRNI,mutant,IRN,mutant,ISGEAA,mutant,SGEAA,mutant,IRN/G,mutant,IRN/GE,mutant,IRN/GEA,mutant,IRNI/GEA,mutant,IRNI/GE,mutant,NFSND,mutant,ARA,wildtype,RA,wildtype
MM043-D0,CVMNK,wildtype,AIRNIT,mutant,IRNI,mutant,IRN,mutant,ISGEAA,mutant,SGEAA,mutant,IRN/G,mutant,IRN/GE,mutant,IRN/GEA,mutant,IRNI/GEA,mutant,IRNI/GE,mutant,NFSND,mutant,ARA,wildtype,RA,wildtype
MM044-D0,CVIET,mutant,AIRNIT,mutant,IRNI,mutant,IRN,mutant,ISGEAA,mutant,SGEAA,mutant,IRN/G,mutant,IRN/GE,mutant,IRN/GEA,mutant,IRNI/GEA,mutant,IRNI/GE,mutant,NFSND,mutant,ARA,wildtype,RA,wildtype
MM044-D21,CVMNK|CVIET,mixed,AICSIT|ANRNIT,mixed,ICSI|NRNI,mixed,ICS|NRN,mixed,ISAKAA|ISGEAA,mixed,SAKAA|SGEAA,mixed,ICS/A|ICS/G|NRN/A|NRN/G,mixed,ICS/AK|ICS/GE|NRN/AK|NRN/GE,mixed,ICS/AKA|ICS/GEA|NRN/AKA|NRN/GEA,mixed,ICSI/AKA|ICSI/GEA|NRNI/AKA|NRNI/GEA,mixed,ICSI/AK|ICSI/GE|NRNI/AK|NRNI/GE,mixed,NFSND,mutant,ARA,wildtype,RA,wildtype
MM045-D0,CVIET,mutant,AICNIT|AIRNIT,mixed,ICNI|IRNI,mixed,ICN|IRN,mixed,ISGEAA,mutant,SGEAA,mutant,ICN/G|IRN/G,mixed,ICN/GE|IRN/GE,mixed,ICN/GEA|IRN/GEA,mixed,ICNI/GEA|IRNI/GEA,mixed,ICNI/GE|IRNI/GE,mixed,NFSND,mutant,ARA,wildtype,RA,wildtype
MM045-D28,CVIET,mutant,AIRNIT,mutant,IRNI,mutant,IRN,mutant,ISGEAA,mutant,SGEAA,mutant,IRN/G,mutant,IRN/GE,mutant,IRN/GEA,mutant,IRNI/GEA,mutant,IRNI/GE,mutant,NFSND,mutant,ARA,wildtype,RA,wildtype
MM046-D0,CVIET,mutant,AICNIT,mutant,ICNI,mutant,ICN,mutant,ISGEAA,mutant,SGEAA,mutant,ICN/G,mutant,ICN/GE,mutant,ICN/GEA,mutant,ICNI/GEA,mutant,ICNI/GE,mutant,NFSND,mutant,ARA,wildtype,RA,wildtype
MM047-D0,CVMNK,wildtype,AIRNIT,mutant,IRNI,mutant,IRN,mutant,ISGEAA,mutant,SGEAA,mutant,IRN/G,mutant,IRN/GE,mutant,IRN/GEA,mutant,IRNI/GEA,mutant,IRNI/GE,mutant,NFSND,mutant,ARA,wildtype,RA,wildtype
MM047-D21,CVMNK,wildtype,AIRNIT,mutant,IRNI,mutant,IRN,mutant,ISGEAA,mutant,SGEAA,mutant,IRN/G,mutant,IRN/GE,mutant,IRN/GEA,mutant,IRNI/GEA,mutant,IRNI/GE,mutant,NFSND,mutant,ARA,wildtype,RA,wildtype
MM048-D0,CVMNK|CVIET,mixed,AICNIT|AIRNIT,mixed,ICNI|IRNI,mixed,ICN|IRN,mixed,ISAKAA|ISGEAA,mixed,SAKAA|SGEAA,mixed,ICN/A|ICN/G|IRN/A|IRN/G,mixed,ICN/AK|ICN/GE|IRN/AK|IRN/GE,mixed,ICN/AKA|ICN/GEA|IRN/AKA|IRN/GEA,mixed,ICNI/AKA|ICNI/GEA|IRNI/AKA|IRNI/GEA,mixed,ICNI/AK|ICNI/GE|IRNI/AK|IRNI/GE,mixed,NYSND|NFSND,mixed,ARA,wildtype,RA,wildtype
MM048-D21,CVMNK,wildtype,AIRNIT,mutant,IRNI,mutant,IRN,mutant,ISGEAA,mutant,SGEAA,mutant,IRN/G,mutant,IRN/GE,mutant,IRN/GEA,mutant,IRNI/GEA,mutant,IRNI/GE,mutant,NFSND,mutant,ARA,wildtype,RA,wildtype
MM049-D0,CVMNK,wildtype,AIRNIT,mutant,IRNI,mutant,IRN,mutant,ISGEAA,mutant,SGEAA,mutant,IRN/G,mutant,IRN/GE,mutant,IRN/GEA,mutant,IRNI/GEA,mutant,IRNI/GE,mutant,NFSND,mutant,ARA,wildtype,RA,wildtype
MM049-D21,CVMNK,wildtype,AICNIT|AIRNIT,mixed,ICNI|IRNI,mixed,ICN|IRN,mixed,ISGEAA,mutant,SGEAA,mutant,ICN/G|IRN/G,mixed,ICN/GE|IRN/GE,mixed,ICN/GEA|IRN/GEA,mixed,ICNI/GEA|IRNI/GEA,mixed,ICNI/GE|IRNI/GE,mixed,NFSND,mutant,ARA,wildtype,RA,wildtype
MM050-D0,CVIET,mutant,AIRNIT,mutant,IRNI,mutant,IRN,mutant,ISGEAA,mutant,SGEAA,mutant,IRN/G,mutant,IRN/GE,mutant,IRN/GEA,mutant,IRNI/GEA,mutant,IRNI/GE,mutant,NFSND,mutant,ARA,wildtype,RA,wildtype
MM051-D0,CVIET,mutant,AIRNIT,mutant,IRNI,mutant,IRN,mutant,ISGEAA,mutant,SGEAA,mutant,IRN/G,mutant,IRN/GE,mutant,IRN/GEA,mutant,IRNI/GEA,mutant,IRNI/GE,mutant,NFSND,mutant,ARA,wildtype,RA,wildtype
MM052-D0,CVMNK,wildtype,AIRNIT,mutant,IRNI,mutant,IRN,mutant,ISGEAA,mutant,SGEAA,mutant,IRN/G,mutant,IRN/GE,mutant,IRN/GEA,mutant,IRNI/GEA,mutant,IRNI/GE,mutant,NFSND,mutant,ARA,wildtype,RA,wildtype
MM053-D0,CVMNK,wildtype,AIRNIT,mutant,IRNI,mutant,IRN,mutant,ISGEAA,mutant,SGEAA,mutant,IRN/G,mutant,IRN/GE,mutant,IRN/GEA,mutant,IRNI/GEA,mutant,IRNI/GE,mutant,NFSND,mutant,ARV,mutant,RV,mutant
MM053-D28,CVMNK,wildtype,AIRNIT,mutant,IRNI,mutant,IRN,mutant,ISGEAA,mutant,SGEAA,mutant,IRN/G,mutant,IRN/GE,mutant,IRN/GEA,mutant,IRNI/GEA,mutant,IRNI/GE,mutant,NFSND,mutant,ARA,wildtype,RA,wildtype
MM054-D0,CVMNK,wildtype,AIRNIT,mutant,IRNI,mutant,IRN,mutant,ISAKAA|ISGEAA,mixed,SAKAA|SGEAA,mixed,IRN/A|IRN/G,mixed,IRN/AK|IRN/GE,mixed,IRN/AKA|IRN/GEA,mixed,IRNI/AKA|IRNI/GEA,mixed,IRNI/AK|IRNI/GE,mixed,NFSND,mutant,ARA,wildtype,RA,wildtype
MM055-D0,CVMNK,wildtype,AIRNIT,mutant,IRNI,mutant,IRN,mutant,ISGEAA,mutant,SGEAA,mutant,IRN/G,mutant,IRN/GE,mutant,IRN/GEA,mutant,IRNI/GEA,mutant,IRNI/GE,mutant,-FSND,mutant,A--,NA,-,NA
MM055-D21,CVIET,mutant,AIRNIT,mutant,IRNI,mutant,IRN,mutant,ISGEAA,mutant,SGEAA,mutant,IRN/G,mutant,IRN/GE,mutant,IRN/GEA,mutant,IRNI/GEA,mutant,IRNI/GE,mutant,NFSND,mutant,ARA,wildtype,RA,wildtype
MM056-D0,CVMNK,wildtype,ANCSIT|ANCNIT,mixed,NCSI|NCNI,mixed,NCS|NCN,mixed,ISGEAA,mutant,SGEAA,mutant,NCN/G|NCS/G,mixed,NCN/GE|NCS/GE,mixed,NCN/GEA|NCS/GEA,mixed,NCNI/GEA|NCSI/GEA,mixed,NCNI/GE|NCSI/GE,mixed,-FSND,mutant,A--,NA,-,NA
MM057-D0,CVMNK|CVIET,mixed,AICNIT|AIRNIT,mixed,ICNI|IRNI,mixed,ICN|IRN,mixed,ISGEAA,mutant,SGEAA,mutant,ICN/G|IRN/G,mixed,ICN/GE|IRN/GE,mixed,ICN/GEA|IRN/GEA,mixed,ICNI/GEA|IRNI/GEA,mixed,ICNI/GE|IRNI/GE,mixed,NFSND,mutant,ARA,wildtype,RA,wildtype
MM057-D21,CVMNK,wildtype,AIRNIT,mutant,IRNI,mutant,IRN,mutant,ISGEAA,mutant,SGEAA,mutant,IRN/G,mutant,IRN/GE,mutant,IRN/GEA,mutant,IRNI/GEA,mutant,IRNI/GE,mutant,NFSND,mutant,ARA,wildtype,RA,wildtype
MM058-D0,CVMNK,wildtype,AIRNIT,mutant,IRNI,mutant,IRN,mutant,ISGEAA,mutant,SGEAA,mutant,IRN/G,mutant,IRN/GE,mutant,IRN/GEA,mutant,IRNI/GEA,mutant,IRNI/GE,mutant,NFSND,mutant,ARA,wildtype,RA,wildtype
MM059-D0,CVMNK,wildtype,AIRNIT,mutant,IRNI,mutant,IRN,mutant,ISGEAA,mutant,SGEAA,mutant,IRN/G,mutant,IRN/GE,mutant,IRN/GEA,mutant,IRNI/GEA,mutant,IRNI/GE,mutant,NFSND,mutant,ARA,wildtype,RA,wildtype
MM059-D21,CVMNK,wildtype,AIRNIT,mutant,IRNI,mutant,IRN,mutant,ISGEAA,mutant,SGEAA,mutant,IRN/G,mutant,IRN/GE,mutant,IRN/GEA,mutant,IRNI/GEA,mutant,IRNI/GE,mutant,NFSND,mutant,ARA,wildtype,RA,wildtype
MM060-D0,CVIET,mutant,AIRNIT,mutant,IRNI,mutant,IRN,mutant,ISAKAA,wildtype,SAKAA,wildtype,IRN/A,mutant,IRN/AK,mutant,IRN/AKA,mutant,IRNI/AKA,mutant,IRNI/AK,mutant,NFSND,mutant,ARA,wildtype,RA,wildtype
MM060-D28,CVMNK,wildtype,AIRNIT,mutant,IRNI,mutant,IRN,mutant,ISGEAA,mutant,SGEAA,mutant,IRN/G,mutant,IRN/GE,mutant,IRN/GEA,mutant,IRNI/GEA,mutant,IRNI/GE,mutant,NFSND,mutant,ARA,wildtype,RA,wildtype
MM061-D0,CVMNK,wildtype,AICNIT|AIRNIT,mixed,ICNI|IRNI,mixed,ICN|IRN,mixed,ISGEAA,mutant,SGEAA,mutant,ICN/G|IRN/G,mixed,ICN/GE|IRN/GE,mixed,ICN/GEA|IRN/GEA,mixed,ICNI/GEA|IRNI/GEA,mixed,ICNI/GE|IRNI/GE,mixed,NFSND,mutant,ARA,wildtype,RA,wildtype
MM061-D28,CVMNK,wildtype,AIRNIT,mutant,IRNI,mutant,IRN,mutant,ISGEAA,mutant,SGEAA,mutant,IRN/G,mutant,IRN/GE,mutant,IRN/GEA,mutant,IRNI/GEA,mutant,IRNI/GE,mutant,NFSND,mutant,ARA,wildtype,RA,wildtype
MM062-D0,CVIET,mutant,AIRNIT,mutant,IRNI,mutant,IRN,mutant,ISGEAA,mutant,SGEAA,mutant,IRN/G,mutant,IRN/GE,mutant,IRN/GEA,mutant,IRNI/GEA,mutant,IRNI/GE,mutant,NFSND,mutant,ARA,wildtype,RA,wildtype
MM063-D0,CVMNK,wildtype,AIRNIT,mutant,IRNI,mutant,IRN,mutant,ISGEAA,mutant,SGEAA,mutant,IRN/G,mutant,IRN/GE,mutant,IRN/GEA,mutant,IRNI/GEA,mutant,IRNI/GE,mutant,NFSND,mutant,ARA,wildtype,RA,wildtype
MM064-D0,CVMNK,wildtype,AICNIT|AIRNIT,mixed,ICNI|IRNI,mixed,ICN|IRN,mixed,ISGEAA,mutant,SGEAA,mutant,ICN/G|IRN/G,mixed,ICN/GE|IRN/GE,mixed,ICN/GEA|IRN/GEA,mixed,ICNI/GEA|IRNI/GEA,mixed,ICNI/GE|IRNI/GE,mixed,NFSND,mutant,ARA,wildtype,RA,wildtype
MM064-D28,CVMNK,wildtype,AICNIT|AIRNIT,mixed,ICNI|IRNI,mixed,ICN|IRN,mixed,ISGEAA,mutant,SGEAA,mutant,ICN/G|IRN/G,mixed,ICN/GE|IRN/GE,mixed,ICN/GEA|IRN/GEA,mixed,ICNI/GEA|IRNI/GEA,mixed,ICNI/GE|IRNI/GE,mixed,NFSND,mutant,ARA,wildtype,RA,wildtype
MM065-D0,CVMNK,wildtype,AIRNIT,mutant,IRNI,mutant,IRN,mutant,ISAKAA,wildtype,SAKAA,wildtype,IRN/A,mutant,IRN/AK,mutant,IRN/AKA,mutant,IRNI/AKA,mutant,IRNI/AK,mutant,NFSND,mutant,ARA,wildtype,RA,wildtype
MM066-D0,CVMNK,wildtype,AIRNIT,mutant,IRNI,mutant,IRN,mutant,ISAKAA,wildtype,SAKAA,wildtype,IRN/A,mutant,IRN/AK,mutant,IRN/AKA,mutant,IRNI/AKA,mutant,IRNI/AK,mutant,NFSND,mutant,ARA,wildtype,RA,wildtype
MM066-D28,CVIET,mutant,AIRNIT,mutant,IRNI,mutant,IRN,mutant,ISGEAA,mutant,SGEAA,mutant,IRN/G,mutant,IRN/GE,mutant,IRN/GEA,mutant,IRNI/GEA,mutant,IRNI/GE,mutant,NFSND,mutant,ARA,wildtype,RA,wildtype
MM067-D0,CVMNK,wildtype,AIRNIT,mutant,IRNI,mutant,IRN,mutant,ISGEAA,mutant,SGEAA,mutant,IRN/G,mutant,IRN/GE,mutant,IRN/GEA,mutant,IRNI/GEA,mutant,IRNI/GE,mutant,NFSND,mutant,ARA,wildtype,RA,wildtype
MM068-D0,CVMNK,wildtype,AIRNIT,mutant,IRNI,mutant,IRN,mutant,ISGEAA,mutant,SGEAA,mutant,IRN/G,mutant,IRN/GE,mutant,IRN/GEA,mutant,IRNI/GEA,mutant,IRNI/GE,mutant,NFSND,mutant,ARA,wildtype,RA,wildtype
MM069-D0,CVMNK,wildtype,AIRNIT,mutant,IRNI,mutant,IRN,mutant,ISGEAA,mutant,SGEAA,mutant,IRN/G,mutant,IRN/GE,mutant,IRN/GEA,mutant,IRNI/GEA,mutant,IRNI/GE,mutant,NFSND,mutant,ARA,wildtype,RA,wildtype
MM070-D0,CVMNK|CVIET,mixed,AIRNIT,mutant,IRNI,mutant,IRN,mutant,ISGEAA,mutant,SGEAA,mutant,IRN/G,mutant,IRN/GE,mutant,IRN/GEA,mutant,IRNI/GEA,mutant,IRNI/GE,mutant,NFSND,mutant,ARA,wildtype,RA,wildtype
MM071-D0,CVMNK,wildtype,AIRNIT,mutant,IRNI,mutant,IRN,mutant,ISGEAA,mutant,SGEAA,mutant,IRN/G,mutant,IRN/GE,mutant,IRN/GEA,mutant,IRNI/GEA,mutant,IRNI/GE,mutant,NFSND,mutant,ARA,wildtype,RA,wildtype
MM071-D14,CVMNK,wildtype,AICNIT,mutant,ICNI,mutant,ICN,mutant,ISGEAA,mutant,SGEAA,mutant,ICN/G,mutant,ICN/GE,mutant,ICN/GEA,mutant,ICNI/GEA,mutant,ICNI/GE,mutant,NFSND,mutant,ARA,wildtype,RA,wildtype
MM072-D0,CVMNK,wildtype,AIRNIT,mutant,IRNI,mutant,IRN,mutant,ISGEAA,mutant,SGEAA,mutant,IRN/G,mutant,IRN/GE,mutant,IRN/GEA,mutant,IRNI/GEA,mutant,IRNI/GE,mutant,NFSND,mutant,ARA,wildtype,RA,wildtype
MM073-D0,CVMNK,wildtype,AIRNIT,mutant,IRNI,mutant,IRN,mutant,ISAKAA,wildtype,SAKAA,wildtype,IRN/A,mutant,IRN/AK,mutant,IRN/AKA,mutant,IRNI/AKA,mutant,IRNI/AK,mutant,NFSND,mutant,ARA,wildtype,RA,wildtype
MM073-D21,CVMNK,wildtype,AICNIT,mutant,ICNI,mutant,ICN,mutant,ISAKAA,wildtype,SAKAA,wildtype,ICN/A,mutant,ICN/AK,mutant,ICN/AKA,mutant,ICNI/AKA,mutant,ICNI/AK,mutant,NFSND,mutant,ARA,wildtype,RA,wildtype
MM074-D0,CVMNK,wildtype,AIRNIT,mutant,IRNI,mutant,IRN,mutant,ISGKAA,mutant,SGKAA,mutant,IRN/G,mutant,IRN/GK,mutant,IRN/GKA,mutant,IRNI/GKA,mutant,IRNI/GK,mutant,NFSND,mutant,ARV,mutant,RV,mutant
MM075-D0,CVMNK,wildtype,AICNIT,mutant,ICNI,mutant,ICN,mutant,ISGEAA,mutant,SGEAA,mutant,ICN/G,mutant,ICN/GE,mutant,ICN/GEA,mutant,ICNI/GEA,mutant,ICNI/GE,mutant,NFSND,mutant,ARA,wildtype,RA,wildtype
MM076-D0,CVIET,mutant,AIRNIT,mutant,IRNI,mutant,IRN,mutant,ISGEAA,mutant,SGEAA,mutant,IRN/G,mutant,IRN/GE,mutant,IRN/GEA,mutant,IRNI/GEA,mutant,IRNI/GE,mutant,NFSND,mutant,ARA,wildtype,RA,wildtype
MM077-D0,CVMNK,wildtype,AIRNIT,mutant,IRNI,mutant,IRN,mutant,ISGEAA,mutant,SGEAA,mutant,IRN/G,mutant,IRN/GE,mutant,IRN/GEA,mutant,IRNI/GEA,mutant,IRNI/GE,mutant,NFSND,mutant,ARA,wildtype,RA,wildtype
MM077-D21,CVMNK,wildtype,AIRNIT,mutant,IRNI,mutant,IRN,mutant,ISGEAA,mutant,SGEAA,mutant,IRN/G,mutant,IRN/GE,mutant,IRN/GEA,mutant,IRNI/GEA,mutant,IRNI/GE,mutant,NFSND,mutant,ARA,wildtype,RA,wildtype
MM078-D0,CVIET,mutant,AIRNIT,mutant,IRNI,mutant,IRN,mutant,ISGEAA,mutant,SGEAA,mutant,IRN/G,mutant,IRN/GE,mutant,IRN/GEA,mutant,IRNI/GEA,mutant,IRNI/GE,mutant,NFSND,mutant,ARA,wildtype,RA,wildtype
MM079-D0,CVMNK,wildtype,AICSIT|ANRNIT,mixed,ICSI|NRNI,mixed,ICS|NRN,mixed,ISGEAA,mutant,SGEAA,mutant,ICS/G|NRN/G,mixed,ICS/GE|NRN/GE,mixed,ICS/GEA|NRN/GEA,mixed,ICSI/GEA|NRNI/GEA,mixed,ICSI/GE|NRNI/GE,mixed,NFSND,mutant,ARA,wildtype,RA,wildtype
MM080-D0,CVMNK,wildtype,AICNIT,mutant,ICNI,mutant,ICN,mutant,ISGEAA,mutant,SGEAA,mutant,ICN/G,mutant,ICN/GE,mutant,ICN/GEA,mutant,ICNI/GEA,mutant,ICNI/GE,mutant,NFSND,mutant,ARA,wildtype,RA,wildtype
MM081-D0,CVIET,mutant,AIRNIT,mutant,IRNI,mutant,IRN,mutant,ISGEAA,mutant,SGEAA,mutant,IRN/G,mutant,IRN/GE,mutant,IRN/GEA,mutant,IRNI/GEA,mutant,IRNI/GE,mutant,NFSND,mutant,ARA,wildtype,RA,wildtype
MM082-D0,CVMNK,wildtype,AIRNIT,mutant,IRNI,mutant,IRN,mutant,ISAKAA,wildtype,SAKAA,wildtype,IRN/A,mutant,IRN/AK,mutant,IRN/AKA,mutant,IRNI/AKA,mutant,IRNI/AK,mutant,NFSND,mutant,ARA,wildtype,RA,wildtype
MM082-Unsch,CVMNK|CVIET,mixed,AICNIT|AIRNIT,mixed,ICNI|IRNI,mixed,ICN|IRN,mixed,ISGEAA,mutant,SGEAA,mutant,ICN/G|IRN/G,mixed,ICN/GE|IRN/GE,mixed,ICN/GEA|IRN/GEA,mixed,ICNI/GEA|IRNI/GEA,mixed,ICNI/GE|IRNI/GE,mixed,NFSND,mutant,ARA,wildtype,RA,wildtype
MM083-D0,CVIET,mutant,AIRNIT,mutant,IRNI,mutant,IRN,mutant,ISGEAA,mutant,SGEAA,mutant,IRN/G,mutant,IRN/GE,mutant,IRN/GEA,mutant,IRNI/GEA,mutant,IRNI/GE,mutant,NFSND,mutant,ARA,wildtype,RA,wildtype
MM084-D0,CVMNK|CVIET,mixed,AICNIT|AIRNIT,mixed,ICNI|IRNI,mixed,ICN|IRN,mixed,ISGEAA,mutant,SGEAA,mutant,ICN/G|IRN/G,mixed,ICN/GE|IRN/GE,mixed,ICN/GEA|IRN/GEA,mixed,ICNI/GEA|IRNI/GEA,mixed,ICNI/GE|IRNI/GE,mixed,NFSND,mutant,ARA,wildtype,RA,wildtype
MM085-D0,CVMNK,wildtype,AIRNIT,mutant,IRNI,mutant,IRN,mutant,ISGEAA,mutant,SGEAA,mutant,IRN/G,mutant,IRN/GE,mutant,IRN/GEA,mutant,IRNI/GEA,mutant,IRNI/GE,mutant,NFSND,mutant,ARA,wildtype,RA,wildtype
MM085-D14,CVMNK,wildtype,AIRNIT,mutant,IRNI,mutant,IRN,mutant,ISGEAA,mutant,SGEAA,mutant,IRN/G,mutant,IRN/GE,mutant,IRN/GEA,mutant,IRNI/GEA,mutant,IRNI/GE,mutant,NFSND,mutant,ARA,wildtype,RA,wildtype
MM086-D0,CVIET,mutant,AICNIT,mutant,ICNI,mutant,ICN,mutant,ISGEAA,mutant,SGEAA,mutant,ICN/G,mutant,ICN/GE,mutant,ICN/GEA,mutant,ICNI/GEA,mutant,ICNI/GE,mutant,NFSND,mutant,ARA,wildtype,RA,wildtype
MM086-D21,CVMNK,wildtype,AIRNIT,mutant,IRNI,mutant,IRN,mutant,ISGEAA,mutant,SGEAA,mutant,IRN/G,mutant,IRN/GE,mutant,IRN/GEA,mutant,IRNI/GEA,mutant,IRNI/GE,mutant,NFSND,mutant,ARA,wildtype,RA,wildtype
MM087-D0,CVMNK,wildtype,AIRNIT,mutant,IRNI,mutant,IRN,mutant,ISAKAA|ISGEAA,mixed,SAKAA|SGEAA,mixed,IRN/A|IRN/G,mixed,IRN/AK|IRN/GE,mixed,IRN/AKA|IRN/GEA,mixed,IRNI/AKA|IRNI/GEA,mixed,IRNI/AK|IRNI/GE,mixed,NFSND,mutant,ARA,wildtype,RA,wildtype
MM088-D0,CVMNK,wildtype,AIRNIT,mutant,IRNI,mutant,IRN,mutant,ISAKAA|ISGEAA,mixed,SAKAA|SGEAA,mixed,IRN/A|IRN/G,mixed,IRN/AK|IRN/GE,mixed,IRN/AKA|IRN/GEA,mixed,IRNI/AKA|IRNI/GEA,mixed,IRNI/AK|IRNI/GE,mixed,NFSND,mutant,ARA,wildtype,RA,wildtype
