SampleID,Pfcrt,Pfcrt_status,Pfdhfr(sextuple),Pfdhfr_status(sextuple),Pfdhfr(quadruple),Pfdhfr_status(quadruple),Pfdhfr(triple),Pfdhfr_status(triple),Pfdhps(sextuple),Pfdhps_status(sextuple),Pfdhps(quintuple),Pfdhps_status(quintuple),Pfdhfr_dhps(quadruple),Pfdhfr_dhps_status(quadruple),Pfdhfr_dhps(quintuple),Pfdhfr_dhps_status(quintuple),Pfdhfr_dhps(sextuple),Pfdhfr_dhps_status(sextuple),Pfdhfr_dhps(septuple),Pfdhfr_dhps_status(septuple),Pfdhfr_dhps(sextuple)1,Pfdhfr_dhps_status(sextuple)1,Pfk13.x,Pfk13_status.x,Pfk13_622_675,Pfk13_status_622_675,Pfmdr1,Pfmdr1_status
AA001-D0,CVIET,mutant,AIRNIT,mutant,IRNI,mutant,IRN,mutant,ISGEAA,mutant,SGEAA,mutant,IRN/G,mutant,IRN/GE,mutant,IRN/GEA,mutant,IRNI/GEA,mutant,IRNI/GE,mutant,ARA,wildtype,RA,wildtype,NFSND,mutant
AA003-D0,CVIET,mutant,AICNIT,mutant,ICNI,mutant,ICN,mutant,ISAKAA,wildtype,SAKAA,wildtype,ICN/A,mutant,ICN/AK,mutant,ICN/AKA,mutant,ICNI/AKA,mutant,ICNI/AK,mutant,ARA,wildtype,RA,wildtype,NFSND,mutant
AA004-D0,CVIET,mutant,AIRNIT,mutant,IRNI,mutant,IRN,mutant,ISAKAA,wildtype,SAKAA,wildtype,IRN/A,mutant,IRN/AK,mutant,IRN/AKA,mutant,IRNI/AKA,mutant,IRNI/AK,mutant,ARA,wildtype,RA,wildtype,NFSND,mutant
AA005-D0,CVMNK,wildtype,AIRNIT,mutant,IRNI,mutant,IRN,mutant,ISAKAA,wildtype,SAKAA,wildtype,IRN/A,mutant,IRN/AK,mutant,IRN/AKA,mutant,IRNI/AKA,mutant,IRNI/AK,mutant,ARA,wildtype,RA,wildtype,NFSND,mutant
AA006-D0,CVIET,mutant,AICNIT,mutant,ICNI,mutant,ICN,mutant,ISGEAA,mutant,SGEAA,mutant,ICN/G,mutant,ICN/GE,mutant,ICN/GEA,mutant,ICNI/GEA,mutant,ICNI/GE,mutant,ARA,wildtype,RA,wildtype,NFSND,mutant
AA007-D0,CVIET,mutant,AICNIT,mutant,ICNI,mutant,ICN,mutant,ISGEAA,mutant,SGEAA,mutant,ICN/G,mutant,ICN/GE,mutant,ICN/GEA,mutant,ICNI/GEA,mutant,ICNI/GE,mutant,ARA,wildtype,RA,wildtype,NFSND,mutant
AA008-D0,CVMNK,wildtype,AICNIT,mutant,ICNI,mutant,ICN,mutant,ISAKAA,wildtype,SAKAA,wildtype,ICN/A,mutant,ICN/AK,mutant,ICN/AKA,mutant,ICNI/AKA,mutant,ICNI/AK,mutant,ARA,wildtype,RA,wildtype,NFSND,mutant
AA009-D0,CVIET,mutant,AICNIT,mutant,ICNI,mutant,ICN,mutant,ISGEAA,mutant,SGEAA,mutant,ICN/G,mutant,ICN/GE,mutant,ICN/GEA,mutant,ICNI/GEA,mutant,ICNI/GE,mutant,ARA,wildtype,RA,wildtype,NFSND,mutant
AA010-D0,CVMNK,wildtype,AICNIT|AIRNIT,mixed,ICNI|IRNI,mixed,ICN|IRN,mixed,ISAKAA,wildtype,SAKAA,wildtype,ICN/A|IRN/A,mixed,ICN/AK|IRN/AK,mixed,ICN/AKA|IRN/AKA,mixed,ICNI/AKA|IRNI/AKA,mixed,ICNI/AK|IRNI/AK,mixed,ARA,wildtype,RA,wildtype,NFSND,mutant
AA011-D0,CVIET,mutant,AICNIT,mutant,ICNI,mutant,ICN,mutant,ISAKAA,wildtype,SAKAA,wildtype,ICN/A,mutant,ICN/AK,mutant,ICN/AKA,mutant,ICNI/AKA,mutant,ICNI/AK,mutant,AIA,mutant,IA,mutant,NFSND,mutant
AA012-D0,CVIET,mutant,AICNIT|AIRNIT,mixed,ICNI|IRNI,mixed,ICN|IRN,mixed,ISAKAA,wildtype,SAKAA,wildtype,ICN/A|IRN/A,mixed,ICN/AK|IRN/AK,mixed,ICN/AKA|IRN/AKA,mixed,ICNI/AKA|IRNI/AKA,mixed,ICNI/AK|IRNI/AK,mixed,ARA,wildtype,RA,wildtype,NFSND,mutant
AA013-D0,CVIET,mutant,AICNIT,mutant,ICNI,mutant,ICN,mutant,ISAKAA,wildtype,SAKAA,wildtype,ICN/A,mutant,ICN/AK,mutant,ICN/AKA,mutant,ICNI/AKA,mutant,ICNI/AK,mutant,ARA,wildtype,RA,wildtype,NFSND,mutant
AA014-D0,CVMNK,wildtype,AICNIT,mutant,ICNI,mutant,ICN,mutant,ISAKAA,wildtype,SAKAA,wildtype,ICN/A,mutant,ICN/AK,mutant,ICN/AKA,mutant,ICNI/AKA,mutant,ICNI/AK,mutant,ARA,wildtype,RA,wildtype,NFSND,mutant
AA015-D0,CVIET,mutant,AICNIT,mutant,ICNI,mutant,ICN,mutant,ISAKAA,wildtype,SAKAA,wildtype,ICN/A,mutant,ICN/AK,mutant,ICN/AKA,mutant,ICNI/AKA,mutant,ICNI/AK,mutant,ARA,wildtype,RA,wildtype,NFSND,mutant
AA016-D0,CVMNK,wildtype,AICNIT,mutant,ICNI,mutant,ICN,mutant,ISAKAA,wildtype,SAKAA,wildtype,ICN/A,mutant,ICN/AK,mutant,ICN/AKA,mutant,ICNI/AKA,mutant,ICNI/AK,mutant,ARA,wildtype,RA,wildtype,NFSND,mutant
AA018-D0,CVMNK,wildtype,AIRNIT,mutant,IRNI,mutant,IRN,mutant,ISAKAA,wildtype,SAKAA,wildtype,IRN/A,mutant,IRN/AK,mutant,IRN/AKA,mutant,IRNI/AKA,mutant,IRNI/AK,mutant,ARA,wildtype,RA,wildtype,NFSND,mutant
AA019-D0,CVIET,mutant,AIRNIT,mutant,IRNI,mutant,IRN,mutant,ISAKAA,wildtype,SAKAA,wildtype,IRN/A,mutant,IRN/AK,mutant,IRN/AKA,mutant,IRNI/AKA,mutant,IRNI/AK,mutant,ARA,wildtype,RA,wildtype,NFSND,mutant
AA020-D0,CVMNK,wildtype,AIRNIT,mutant,IRNI,mutant,IRN,mutant,ISAKAA,wildtype,SAKAA,wildtype,IRN/A,mutant,IRN/AK,mutant,IRN/AKA,mutant,IRNI/AKA,mutant,IRNI/AK,mutant,ARA,wildtype,RA,wildtype,NFSND,mutant
AA021-D0,CVIET,mutant,AICNIT,mutant,ICNI,mutant,ICN,mutant,ISAKAA,wildtype,SAKAA,wildtype,ICN/A,mutant,ICN/AK,mutant,ICN/AKA,mutant,ICNI/AKA,mutant,ICNI/AK,mutant,AIA,mutant,IA,mutant,NFSND,mutant
AA022-D0,CVMNK,wildtype,AIRNIT,mutant,IRNI,mutant,IRN,mutant,ISAKAA,wildtype,SAKAA,wildtype,IRN/A,mutant,IRN/AK,mutant,IRN/AKA,mutant,IRNI/AKA,mutant,IRNI/AK,mutant,ARA,wildtype,RA,wildtype,NFSND,mutant
AA023-D0,CVIET,mutant,AICNIT,mutant,ICNI,mutant,ICN,mutant,ISGEAA,mutant,SGEAA,mutant,ICN/G,mutant,ICN/GE,mutant,ICN/GEA,mutant,ICNI/GEA,mutant,ICNI/GE,mutant,ARA,wildtype,RA,wildtype,NFSND,mutant
AA024-D0,CVIET,mutant,ANRNIT,mutant,NRNI,mutant,NRN,mutant,ISAKAA,wildtype,SAKAA,wildtype,NRN/A,mutant,NRN/AK,mutant,NRN/AKA,mutant,NRNI/AKA,mutant,NRNI/AK,mutant,AIA,mutant,IA,mutant,NFSND,mutant
AA025-D0,CVMNK,wildtype,AIRNIT,mutant,IRNI,mutant,IRN,mutant,ISAKAA,wildtype,SAKAA,wildtype,IRN/A,mutant,IRN/AK,mutant,IRN/AKA,mutant,IRNI/AKA,mutant,IRNI/AK,mutant,ARA,wildtype,RA,wildtype,NFSND,mutant
AA026-D0,CVMNK,wildtype,AICNIT,mutant,ICNI,mutant,ICN,mutant,ISAKAA,wildtype,SAKAA,wildtype,ICN/A,mutant,ICN/AK,mutant,ICN/AKA,mutant,ICNI/AKA,mutant,ICNI/AK,mutant,ARA|AIA,mixed,RA|IA,mixed,NFSND,mutant
AA027-D0,CVMNK,wildtype,AICNIT,mutant,ICNI,mutant,ICN,mutant,ISAKAA,wildtype,SAKAA,wildtype,ICN/A,mutant,ICN/AK,mutant,ICN/AKA,mutant,ICNI/AKA,mutant,ICNI/AK,mutant,ARA,wildtype,RA,wildtype,NFSND,mutant
AA028-D0,CVMNK|CVIET,mixed,AICNIT,mutant,ICNI,mutant,ICN,mutant,ISAKAA,wildtype,SAKAA,wildtype,ICN/A,mutant,ICN/AK,mutant,ICN/AKA,mutant,ICNI/AKA,mutant,ICNI/AK,mutant,ARA|AIA,mixed,RA|IA,mixed,NFSND,mutant
AA029-D0,CVMNK|CVIET,mixed,AICNIT,mutant,ICNI,mutant,ICN,mutant,ISAKAA,wildtype,SAKAA,wildtype,ICN/A,mutant,ICN/AK,mutant,ICN/AKA,mutant,ICNI/AKA,mutant,ICNI/AK,mutant,ARA|AIA,mixed,RA|IA,mixed,NFSND,mutant
AA030-D0,CVIET,mutant,AICNIT,mutant,ICNI,mutant,ICN,mutant,ISAKAA|ISGEAA,mixed,SAKAA|SGEAA,mixed,ICN/A|ICN/G,mixed,ICN/AK|ICN/GE,mixed,ICN/AKA|ICN/GEA,mixed,ICNI/AKA|ICNI/GEA,mixed,ICNI/AK|ICNI/GE,mixed,ARA,wildtype,RA,wildtype,NFSND,mutant
AA031-D0,CVIET,mutant,AICNIT,mutant,ICNI,mutant,ICN,mutant,ISAKAA,wildtype,SAKAA,wildtype,ICN/A,mutant,ICN/AK,mutant,ICN/AKA,mutant,ICNI/AKA,mutant,ICNI/AK,mutant,ARA,wildtype,RA,wildtype,NFSND,mutant
AA032-D0,CVIET,mutant,AICNIT,mutant,ICNI,mutant,ICN,mutant,ISGEAA,mutant,SGEAA,mutant,ICN/G,mutant,ICN/GE,mutant,ICN/GEA,mutant,ICNI/GEA,mutant,ICNI/GE,mutant,ARA,wildtype,RA,wildtype,NFSND,mutant
AA033-D0,CVMNK,wildtype,AICNIT,mutant,ICNI,mutant,ICN,mutant,ISAKAA,wildtype,SAKAA,wildtype,ICN/A,mutant,ICN/AK,mutant,ICN/AKA,mutant,ICNI/AKA,mutant,ICNI/AK,mutant,ARA,wildtype,RA,wildtype,NFSND,mutant
AA034-D0,CVIET,mutant,AICNIT,mutant,ICNI,mutant,ICN,mutant,ISAKAA,wildtype,SAKAA,wildtype,ICN/A,mutant,ICN/AK,mutant,ICN/AKA,mutant,ICNI/AKA,mutant,ICNI/AK,mutant,ARA,wildtype,RA,wildtype,NFSND,mutant
AA034-Unsch,CVIET,mutant,AICNIT,mutant,ICNI,mutant,ICN,mutant,ISAKAA,wildtype,SAKAA,wildtype,ICN/A,mutant,ICN/AK,mutant,ICN/AKA,mutant,ICNI/AKA,mutant,ICNI/AK,mutant,ARA,wildtype,RA,wildtype,NFSND,mutant
AA036-D0,CVMNK|CVIET,mixed,AICNIT,mutant,ICNI,mutant,ICN,mutant,ISAKAA,wildtype,SAKAA,wildtype,ICN/A,mutant,ICN/AK,mutant,ICN/AKA,mutant,ICNI/AKA,mutant,ICNI/AK,mutant,ARA|AIA,mixed,RA|IA,mixed,NFSND,mutant
AA037-D0,CVIET,mutant,AICNIT,mutant,ICNI,mutant,ICN,mutant,ISAKAA,wildtype,SAKAA,wildtype,ICN/A,mutant,ICN/AK,mutant,ICN/AKA,mutant,ICNI/AKA,mutant,ICNI/AK,mutant,AIA,mutant,IA,mutant,NFSND,mutant
AA038-D0,CVIET,mutant,AICNIT|AIRNIT,mixed,ICNI|IRNI,mixed,ICN|IRN,mixed,ISAKAA,wildtype,SAKAA,wildtype,ICN/A|IRN/A,mixed,ICN/AK|IRN/AK,mixed,ICN/AKA|IRN/AKA,mixed,ICNI/AKA|IRNI/AKA,mixed,ICNI/AK|IRNI/AK,mixed,ARA|AIA,mixed,RA|IA,mixed,NFSND,mutant
AA039-D0,CVIET,mutant,AIRNIT,mutant,IRNI,mutant,IRN,mutant,ISGEAA,mutant,SGEAA,mutant,IRN/G,mutant,IRN/GE,mutant,IRN/GEA,mutant,IRNI/GEA,mutant,IRNI/GE,mutant,AIA,mutant,IA,mutant,NFSND,mutant
AA040-D0,CVIET,mutant,AICNIT,mutant,ICNI,mutant,ICN,mutant,ISGEAA,mutant,SGEAA,mutant,ICN/G,mutant,ICN/GE,mutant,ICN/GEA,mutant,ICNI/GEA,mutant,ICNI/GE,mutant,ARA,wildtype,RA,wildtype,NFSND,mutant
AA041-D0,CVMNK|CVIET,mixed,AICNIT|AIRNIT,mixed,ICNI|IRNI,mixed,ICN|IRN,mixed,ISAKAA|ISGEAA,mixed,SAKAA|SGEAA,mixed,ICN/A|ICN/G|IRN/A|IRN/G,mixed,ICN/AK|ICN/GE|IRN/AK|IRN/GE,mixed,ICN/AKA|ICN/GEA|IRN/AKA|IRN/GEA,mixed,ICNI/AKA|ICNI/GEA|IRNI/AKA|IRNI/GEA,mixed,ICNI/AK|ICNI/GE|IRNI/AK|IRNI/GE,mixed,ARA|AIA,mixed,RA|IA,mixed,NFSND,mutant
AA042-D0,CVMNK,wildtype,AIRNIT,mutant,IRNI,mutant,IRN,mutant,ISAKAA,wildtype,SAKAA,wildtype,IRN/A,mutant,IRN/AK,mutant,IRN/AKA,mutant,IRNI/AKA,mutant,IRNI/AK,mutant,ARA,wildtype,RA,wildtype,NFSND,mutant
AA043-D0,CVIET,mutant,AICNIT,mutant,ICNI,mutant,ICN,mutant,ISGEAA,mutant,SGEAA,mutant,ICN/G,mutant,ICN/GE,mutant,ICN/GEA,mutant,ICNI/GEA,mutant,ICNI/GE,mutant,A--,NA,-,NA,-FSND,mutant
AA044-D0,CVMNK,wildtype,AICNIT,mutant,ICNI,mutant,ICN,mutant,ISAKAA,wildtype,SAKAA,wildtype,ICN/A,mutant,ICN/AK,mutant,ICN/AKA,mutant,ICNI/AKA,mutant,ICNI/AK,mutant,ARA,wildtype,RA,wildtype,NFSND,mutant
AA045-D0,CVMNK,wildtype,AICNIT,mutant,ICNI,mutant,ICN,mutant,ISAKAA,wildtype,SAKAA,wildtype,ICN/A,mutant,ICN/AK,mutant,ICN/AKA,mutant,ICNI/AKA,mutant,ICNI/AK,mutant,ARA,wildtype,RA,wildtype,NFSND,mutant
AA046-D0,CVIET,mutant,AICNIT,mutant,ICNI,mutant,ICN,mutant,ISGEAA,mutant,SGEAA,mutant,ICN/G,mutant,ICN/GE,mutant,ICN/GEA,mutant,ICNI/GEA,mutant,ICNI/GE,mutant,AIA,mutant,IA,mutant,NFSND,mutant
AA047-D0,CVIET,mutant,AICNIT,mutant,ICNI,mutant,ICN,mutant,ISGEAA,mutant,SGEAA,mutant,ICN/G,mutant,ICN/GE,mutant,ICN/GEA,mutant,ICNI/GEA,mutant,ICNI/GE,mutant,ARA,wildtype,RA,wildtype,NFSND,mutant
AA048-D0,CVIET,mutant,AICNIT,mutant,ICNI,mutant,ICN,mutant,ISGEAA,mutant,SGEAA,mutant,ICN/G,mutant,ICN/GE,mutant,ICN/GEA,mutant,ICNI/GEA,mutant,ICNI/GE,mutant,ARA,wildtype,RA,wildtype,NFSND,mutant
AA049-D0,CVIET,mutant,AICNIT,mutant,ICNI,mutant,ICN,mutant,ISAKAA|ISGEAA,mixed,SAKAA|SGEAA,mixed,ICN/A|ICN/G,mixed,ICN/AK|ICN/GE,mixed,ICN/AKA|ICN/GEA,mixed,ICNI/AKA|ICNI/GEA,mixed,ICNI/AK|ICNI/GE,mixed,ARA|AIA,mixed,RA|IA,mixed,NFSND,mutant
AA051-D0,CVIET,mutant,AIRNIT,mutant,IRNI,mutant,IRN,mutant,ISAKAA,wildtype,SAKAA,wildtype,IRN/A,mutant,IRN/AK,mutant,IRN/AKA,mutant,IRNI/AKA,mutant,IRNI/AK,mutant,AIA,mutant,IA,mutant,NFSND,mutant
AA052-D0,CVMNK,wildtype,AICNIT,mutant,ICNI,mutant,ICN,mutant,ISAKAA,wildtype,SAKAA,wildtype,ICN/A,mutant,ICN/AK,mutant,ICN/AKA,mutant,ICNI/AKA,mutant,ICNI/AK,mutant,ARA,wildtype,RA,wildtype,NFSND,mutant
AA053-D0,CVMNK,wildtype,AICNIT,mutant,ICNI,mutant,ICN,mutant,ISAKAA,wildtype,SAKAA,wildtype,ICN/A,mutant,ICN/AK,mutant,ICN/AKA,mutant,ICNI/AKA,mutant,ICNI/AK,mutant,ARA,wildtype,RA,wildtype,NFSND,mutant
AA054-D0,CVIET,mutant,AICNIT,mutant,ICNI,mutant,ICN,mutant,ISGEAA,mutant,SGEAA,mutant,ICN/G,mutant,ICN/GE,mutant,ICN/GEA,mutant,ICNI/GEA,mutant,ICNI/GE,mutant,AIA,mutant,IA,mutant,NFSND,mutant
AA056-D0,CVIET,mutant,AICNIT|AIRNIT,mixed,ICNI|IRNI,mixed,ICN|IRN,mixed,ISAKAA|ISGEAA,mixed,SAKAA|SGEAA,mixed,ICN/A|ICN/G|IRN/A|IRN/G,mixed,ICN/AK|ICN/GE|IRN/AK|IRN/GE,mixed,ICN/AKA|ICN/GEA|IRN/AKA|IRN/GEA,mixed,ICNI/AKA|ICNI/GEA|IRNI/AKA|IRNI/GEA,mixed,ICNI/AK|ICNI/GE|IRNI/AK|IRNI/GE,mixed,ARA|AIA,mixed,RA|IA,mixed,NFSND,mutant
AA057-D0,CVIET,mutant,AICNIT,mutant,ICNI,mutant,ICN,mutant,ISAKAA,wildtype,SAKAA,wildtype,ICN/A,mutant,ICN/AK,mutant,ICN/AKA,mutant,ICNI/AKA,mutant,ICNI/AK,mutant,ARA,wildtype,RA,wildtype,NFSND,mutant
AA058-D0,CVIET,mutant,AICNIT,mutant,ICNI,mutant,ICN,mutant,ISGEAA,mutant,SGEAA,mutant,ICN/G,mutant,ICN/GE,mutant,ICN/GEA,mutant,ICNI/GEA,mutant,ICNI/GE,mutant,ARA,wildtype,RA,wildtype,NFSND,mutant
AA059-D0,CVMNK|CVIET,mixed,AICNIT|ANRNIT,mixed,ICNI|NRNI,mixed,ICN|NRN,mixed,ISAKAA|ISGEAA,mixed,SAKAA|SGEAA,mixed,ICN/A|ICN/G|NRN/A|NRN/G,mixed,ICN/AK|ICN/GE|NRN/AK|NRN/GE,mixed,ICN/AKA|ICN/GEA|NRN/AKA|NRN/GEA,mixed,ICNI/AKA|ICNI/GEA|NRNI/AKA|NRNI/GEA,mixed,ICNI/AK|ICNI/GE|NRNI/AK|NRNI/GE,mixed,ARA,wildtype,RA,wildtype,NFSND,mutant
AA060-D0,CVIET,mutant,AIRNIT,mutant,IRNI,mutant,IRN,mutant,ISAKAA,wildtype,SAKAA,wildtype,IRN/A,mutant,IRN/AK,mutant,IRN/AKA,mutant,IRNI/AKA,mutant,IRNI/AK,mutant,AIA,mutant,IA,mutant,NFSND,mutant
AA061-D0,CVIET,mutant,ANRNIT,mutant,NRNI,mutant,NRN,mutant,ISGEAA,mutant,SGEAA,mutant,NRN/G,mutant,NRN/GE,mutant,NRN/GEA,mutant,NRNI/GEA,mutant,NRNI/GE,mutant,ARA,wildtype,RA,wildtype,NFSND,mutant
AA062-D0,CVMNK,wildtype,AICNIT,mutant,ICNI,mutant,ICN,mutant,ISAKAA,wildtype,SAKAA,wildtype,ICN/A,mutant,ICN/AK,mutant,ICN/AKA,mutant,ICNI/AKA,mutant,ICNI/AK,mutant,ARA,wildtype,RA,wildtype,NFSND,mutant
AA063-D0,CVIET,mutant,AICNIT,mutant,ICNI,mutant,ICN,mutant,ISAKAA,wildtype,SAKAA,wildtype,ICN/A,mutant,ICN/AK,mutant,ICN/AKA,mutant,ICNI/AKA,mutant,ICNI/AK,mutant,ARA,wildtype,RA,wildtype,NFSND,mutant
AA064-D0,CVMNK|CVIET,mixed,AICNIT,mutant,ICNI,mutant,ICN,mutant,ISAKAA,wildtype,SAKAA,wildtype,ICN/A,mutant,ICN/AK,mutant,ICN/AKA,mutant,ICNI/AKA,mutant,ICNI/AK,mutant,ARA,wildtype,RA,wildtype,NFSND,mutant
AA065-D0,CVMNK,wildtype,AICNIT,mutant,ICNI,mutant,ICN,mutant,ISGEAA,mutant,SGEAA,mutant,ICN/G,mutant,ICN/GE,mutant,ICN/GEA,mutant,ICNI/GEA,mutant,ICNI/GE,mutant,ARA,wildtype,RA,wildtype,NFSND,mutant
AA066-D0,CVIET,mutant,AICNIT,mutant,ICNI,mutant,ICN,mutant,ISGEAA,mutant,SGEAA,mutant,ICN/G,mutant,ICN/GE,mutant,ICN/GEA,mutant,ICNI/GEA,mutant,ICNI/GE,mutant,ARA,wildtype,RA,wildtype,NFSND,mutant
AA067-D0,CVMNK,wildtype,AIRNIT,mutant,IRNI,mutant,IRN,mutant,ISAKAA,wildtype,SAKAA,wildtype,IRN/A,mutant,IRN/AK,mutant,IRN/AKA,mutant,IRNI/AKA,mutant,IRNI/AK,mutant,ARA,wildtype,RA,wildtype,NFSND,mutant
AA068-D0,CVMNK,wildtype,AICNIT,mutant,ICNI,mutant,ICN,mutant,ISGEAA,mutant,SGEAA,mutant,ICN/G,mutant,ICN/GE,mutant,ICN/GEA,mutant,ICNI/GEA,mutant,ICNI/GE,mutant,ARA,wildtype,RA,wildtype,NFSND,mutant
AA069-D0,CVIET,mutant,AICNIT,mutant,ICNI,mutant,ICN,mutant,ISAKAA,wildtype,SAKAA,wildtype,ICN/A,mutant,ICN/AK,mutant,ICN/AKA,mutant,ICNI/AKA,mutant,ICNI/AK,mutant,AIA,mutant,IA,mutant,NFSND,mutant
AA070-D0,CVMNK,wildtype,AIRNIT,mutant,IRNI,mutant,IRN,mutant,ISAKAA,wildtype,SAKAA,wildtype,IRN/A,mutant,IRN/AK,mutant,IRN/AKA,mutant,IRNI/AKA,mutant,IRNI/AK,mutant,ARA,wildtype,RA,wildtype,NFSND,mutant
AA071-D0,CVMNK|CVIET,mixed,AICNIT|AIRNIT,mixed,ICNI|IRNI,mixed,ICN|IRN,mixed,ISAKAA|ISGEAA,mixed,SAKAA|SGEAA,mixed,ICN/A|ICN/G|IRN/A|IRN/G,mixed,ICN/AK|ICN/GE|IRN/AK|IRN/GE,mixed,ICN/AKA|ICN/GEA|IRN/AKA|IRN/GEA,mixed,ICNI/AKA|ICNI/GEA|IRNI/AKA|IRNI/GEA,mixed,ICNI/AK|ICNI/GE|IRNI/AK|IRNI/GE,mixed,ARA,wildtype,RA,wildtype,NFSND,mutant
AA073-D0,CVIET,mutant,AICNIT,mutant,ICNI,mutant,ICN,mutant,ISGEAA,mutant,SGEAA,mutant,ICN/G,mutant,ICN/GE,mutant,ICN/GEA,mutant,ICNI/GEA,mutant,ICNI/GE,mutant,ARA,wildtype,RA,wildtype,NFSND,mutant
AA076-D0,CVMNK,wildtype,AICNIT,mutant,ICNI,mutant,ICN,mutant,ISAKAA,wildtype,SAKAA,wildtype,ICN/A,mutant,ICN/AK,mutant,ICN/AKA,mutant,ICNI/AKA,mutant,ICNI/AK,mutant,ARA,wildtype,RA,wildtype,NFSND,mutant
AA077-D0,CVMNK,wildtype,AICNIT,mutant,ICNI,mutant,ICN,mutant,ISAKAA,wildtype,SAKAA,wildtype,ICN/A,mutant,ICN/AK,mutant,ICN/AKA,mutant,ICNI/AKA,mutant,ICNI/AK,mutant,ARA|AIA,mixed,RA|IA,mixed,NFSND,mutant
AA078-D0,CVIET,mutant,AICNIT,mutant,ICNI,mutant,ICN,mutant,ISAKAA|ISGEAA,mixed,SAKAA|SGEAA,mixed,ICN/A|ICN/G,mixed,ICN/AK|ICN/GE,mixed,ICN/AKA|ICN/GEA,mixed,ICNI/AKA|ICNI/GEA,mixed,ICNI/AK|ICNI/GE,mixed,ARA|AIA,mixed,RA|IA,mixed,NFSND,mutant
AA080-D0,CVMNK,wildtype,AICNIT,mutant,ICNI,mutant,ICN,mutant,ISAKAA,wildtype,SAKAA,wildtype,ICN/A,mutant,ICN/AK,mutant,ICN/AKA,mutant,ICNI/AKA,mutant,ICNI/AK,mutant,ARA,wildtype,RA,wildtype,NFSND,mutant
AA081-D0,CVMNK,wildtype,AICNIT,mutant,ICNI,mutant,ICN,mutant,ISAKAA,wildtype,SAKAA,wildtype,ICN/A,mutant,ICN/AK,mutant,ICN/AKA,mutant,ICNI/AKA,mutant,ICNI/AK,mutant,ARA,wildtype,RA,wildtype,NFSND,mutant
AA081-D28,CVMNK|CVIET,mixed,AICNIT,mutant,ICNI,mutant,ICN,mutant,ISAKAA,wildtype,SAKAA,wildtype,ICN/A,mutant,ICN/AK,mutant,ICN/AKA,mutant,ICNI/AKA,mutant,ICNI/AK,mutant,ARA|AIA,mixed,RA|IA,mixed,NFSND,mutant
AA082-D0,CVIET,mutant,AIRNIT,mutant,IRNI,mutant,IRN,mutant,ISGEAA,mutant,SGEAA,mutant,IRN/G,mutant,IRN/GE,mutant,IRN/GEA,mutant,IRNI/GEA,mutant,IRNI/GE,mutant,AIA,mutant,IA,mutant,NFSND,mutant
AA083-D0,CVIET,mutant,ANRNIT,mutant,NRNI,mutant,NRN,mutant,ISAKAA,wildtype,SAKAA,wildtype,NRN/A,mutant,NRN/AK,mutant,NRN/AKA,mutant,NRNI/AKA,mutant,NRNI/AK,mutant,AIA,mutant,IA,mutant,NFSND,mutant
AA084-D0,CVIET,mutant,AICNIT,mutant,ICNI,mutant,ICN,mutant,ISAKAA,wildtype,SAKAA,wildtype,ICN/A,mutant,ICN/AK,mutant,ICN/AKA,mutant,ICNI/AKA,mutant,ICNI/AK,mutant,ARA,wildtype,RA,wildtype,NFSND,mutant
AA085-D0,CVIET,mutant,AICNIT,mutant,ICNI,mutant,ICN,mutant,ISAKAA,wildtype,SAKAA,wildtype,ICN/A,mutant,ICN/AK,mutant,ICN/AKA,mutant,ICNI/AKA,mutant,ICNI/AK,mutant,ARA,wildtype,RA,wildtype,NFSND,mutant
AA086-D0,CVIET,mutant,AICNIT,mutant,ICNI,mutant,ICN,mutant,ISAKAA,wildtype,SAKAA,wildtype,ICN/A,mutant,ICN/AK,mutant,ICN/AKA,mutant,ICNI/AKA,mutant,ICNI/AK,mutant,AIA,mutant,IA,mutant,NFSND,mutant
AA088-D0,CVIET,mutant,AICNIT,mutant,ICNI,mutant,ICN,mutant,ISAKAA,wildtype,SAKAA,wildtype,ICN/A,mutant,ICN/AK,mutant,ICN/AKA,mutant,ICNI/AKA,mutant,ICNI/AK,mutant,AIA,mutant,IA,mutant,NFSND,mutant
AA089-D0,CVMNK,wildtype,AIRNIT,mutant,IRNI,mutant,IRN,mutant,ISAKAA,wildtype,SAKAA,wildtype,IRN/A,mutant,IRN/AK,mutant,IRN/AKA,mutant,IRNI/AKA,mutant,IRNI/AK,mutant,ARA,wildtype,RA,wildtype,NFSND,mutant
AA090-D0,CVMNK,wildtype,AIRNIT,mutant,IRNI,mutant,IRN,mutant,ISAKAA,wildtype,SAKAA,wildtype,IRN/A,mutant,IRN/AK,mutant,IRN/AKA,mutant,IRNI/AKA,mutant,IRNI/AK,mutant,ARA,wildtype,RA,wildtype,NFSND,mutant
AA091-D0,CVIET,mutant,AIRNIT,mutant,IRNI,mutant,IRN,mutant,ISGEAA,mutant,SGEAA,mutant,IRN/G,mutant,IRN/GE,mutant,IRN/GEA,mutant,IRNI/GEA,mutant,IRNI/GE,mutant,AIA,mutant,IA,mutant,NFSND,mutant
AA092-D0,CVMNK,wildtype,AIRNIT,mutant,IRNI,mutant,IRN,mutant,ISAKAA,wildtype,SAKAA,wildtype,IRN/A,mutant,IRN/AK,mutant,IRN/AKA,mutant,IRNI/AKA,mutant,IRNI/AK,mutant,ARA,wildtype,RA,wildtype,NFSND,mutant
AA093-D0,CVIET,mutant,AIRNIT,mutant,IRNI,mutant,IRN,mutant,ISGEAA,mutant,SGEAA,mutant,IRN/G,mutant,IRN/GE,mutant,IRN/GEA,mutant,IRNI/GEA,mutant,IRNI/GE,mutant,AIA,mutant,IA,mutant,NFSND,mutant
AA094-D0,CVMNK,wildtype,AICNIT,mutant,ICNI,mutant,ICN,mutant,ISAKAA,wildtype,SAKAA,wildtype,ICN/A,mutant,ICN/AK,mutant,ICN/AKA,mutant,ICNI/AKA,mutant,ICNI/AK,mutant,ARA,wildtype,RA,wildtype,NFSND,mutant
AA095-D0,CVIET,mutant,AIRNIT,mutant,IRNI,mutant,IRN,mutant,ISAKAA,wildtype,SAKAA,wildtype,IRN/A,mutant,IRN/AK,mutant,IRN/AKA,mutant,IRNI/AKA,mutant,IRNI/AK,mutant,AIA,mutant,IA,mutant,NFSND,mutant
AA096-D0,CVMNK,wildtype,AIRNIT,mutant,IRNI,mutant,IRN,mutant,ISAKAA,wildtype,SAKAA,wildtype,IRN/A,mutant,IRN/AK,mutant,IRN/AKA,mutant,IRNI/AKA,mutant,IRNI/AK,mutant,ARA,wildtype,RA,wildtype,NFSND,mutant
AA097-D0,CVIET,mutant,AIRNIT,mutant,IRNI,mutant,IRN,mutant,ISGEAA,mutant,SGEAA,mutant,IRN/G,mutant,IRN/GE,mutant,IRN/GEA,mutant,IRNI/GEA,mutant,IRNI/GE,mutant,ARA,wildtype,RA,wildtype,NFSND,mutant
AA098-D0,CVMNK,wildtype,AICNIT,mutant,ICNI,mutant,ICN,mutant,ISAKAA,wildtype,SAKAA,wildtype,ICN/A,mutant,ICN/AK,mutant,ICN/AKA,mutant,ICNI/AKA,mutant,ICNI/AK,mutant,ARA,wildtype,RA,wildtype,NFSND,mutant
AA099-D0,CVMNK,wildtype,AIRNI-,mutant,IRNI,mutant,IRN,mutant,ISAKA-,NA,SAKA-,NA,IRN/A,mutant,IRN/AK,mutant,IRN/AKA,mutant,IRNI/AKA,mutant,IRNI/AK,mutant,ARA,wildtype,RA,wildtype,NFSND,mutant
AA100-D0,CVMNK,wildtype,AIRNIT,mutant,IRNI,mutant,IRN,mutant,ISAKAA,wildtype,SAKAA,wildtype,IRN/A,mutant,IRN/AK,mutant,IRN/AKA,mutant,IRNI/AKA,mutant,IRNI/AK,mutant,ARA,wildtype,RA,wildtype,NFSND,mutant
AC001-D0,CVMNK,wildtype,AICNI-|AIRNI-,mixed,ICNI|IRNI,mixed,ICN|IRN,mixed,ISGEAA,mutant,SGEAA,mutant,ICN/G|IRN/G,mixed,ICN/GE|IRN/GE,mixed,ICN/GEA|IRN/GEA,mixed,ICNI/GEA|IRNI/GEA,mixed,ICNI/GE|IRNI/GE,mixed,ARA,wildtype,RA,wildtype,NFSND,mutant
AC002-D0,CVMNK,wildtype,AICNIT,mutant,ICNI,mutant,ICN,mutant,ISGEAA,mutant,SGEAA,mutant,ICN/G,mutant,ICN/GE,mutant,ICN/GEA,mutant,ICNI/GEA,mutant,ICNI/GE,mutant,ARA,wildtype,RA,wildtype,NYSND,wildtype
AC003-D0,CVMNK,wildtype,AICNIT,mutant,ICNI,mutant,ICN,mutant,ISGEAA,mutant,SGEAA,mutant,ICN/G,mutant,ICN/GE,mutant,ICN/GEA,mutant,ICNI/GEA,mutant,ICNI/GE,mutant,ARA,wildtype,RA,wildtype,NYSND,wildtype
AC004-D0,CVMNK,wildtype,AIRNIT,mutant,IRNI,mutant,IRN,mutant,ISGEAA,mutant,SGEAA,mutant,IRN/G,mutant,IRN/GE,mutant,IRN/GEA,mutant,IRNI/GEA,mutant,IRNI/GE,mutant,ARA,wildtype,RA,wildtype,NFSND,mutant
AC004-D28,CVMNK,wildtype,AIRNIT,mutant,IRNI,mutant,IRN,mutant,ISGEAA,mutant,SGEAA,mutant,IRN/G,mutant,IRN/GE,mutant,IRN/GEA,mutant,IRNI/GEA,mutant,IRNI/GE,mutant,ARA,wildtype,RA,wildtype,NFSND,mutant
AC005-D0,CVMNK,wildtype,AICNIT,mutant,ICNI,mutant,ICN,mutant,ISAKAA,wildtype,SAKAA,wildtype,ICN/A,mutant,ICN/AK,mutant,ICN/AKA,mutant,ICNI/AKA,mutant,ICNI/AK,mutant,ARA,wildtype,RA,wildtype,NFSND,mutant
AC006-D0,CVMNK,wildtype,AIRNIT,mutant,IRNI,mutant,IRN,mutant,ISGEAA,mutant,SGEAA,mutant,IRN/G,mutant,IRN/GE,mutant,IRN/GEA,mutant,IRNI/GEA,mutant,IRNI/GE,mutant,ARA,wildtype,RA,wildtype,NFSND,mutant
AC007-D0,CVMNK,wildtype,AICNIT,mutant,ICNI,mutant,ICN,mutant,ISGEAA,mutant,SGEAA,mutant,ICN/G,mutant,ICN/GE,mutant,ICN/GEA,mutant,ICNI/GEA,mutant,ICNI/GE,mutant,ARA,wildtype,RA,wildtype,NFSND,mutant
AC008-D0,CVMNK,wildtype,AICNIT|AIRNIT,mixed,ICNI|IRNI,mixed,ICN|IRN,mixed,ISAKAA,wildtype,SAKAA,wildtype,ICN/A|IRN/A,mixed,ICN/AK|IRN/AK,mixed,ICN/AKA|IRN/AKA,mixed,ICNI/AKA|IRNI/AKA,mixed,ICNI/AK|IRNI/AK,mixed,ARA,wildtype,RA,wildtype,NYSND,wildtype
AC009-D0,CVMNK,wildtype,ANCSIT,wildtype,NCSI,wildtype,NCS,wildtype,ISAKAA,wildtype,SAKAA,wildtype,NCS/A,wildtype,NCS/AK,wildtype,NCS/AKA,wildtype,NCSI/AKA,wildtype,NCSI/AK,wildtype,ARA,wildtype,RA,wildtype,NFSND,mutant
AC010-D0,CVMNK,wildtype,AIRNIT,mutant,IRNI,mutant,IRN,mutant,ISGEAA,mutant,SGEAA,mutant,IRN/G,mutant,IRN/GE,mutant,IRN/GEA,mutant,IRNI/GEA,mutant,IRNI/GE,mutant,ARA,wildtype,RA,wildtype,NFSND,mutant
AC011-D0,CVMNK,wildtype,AICNIT|AIRNIT,mixed,ICNI|IRNI,mixed,ICN|IRN,mixed,ISGEAA,mutant,SGEAA,mutant,ICN/G|IRN/G,mixed,ICN/GE|IRN/GE,mixed,ICN/GEA|IRN/GEA,mixed,ICNI/GEA|IRNI/GEA,mixed,ICNI/GE|IRNI/GE,mixed,ARA,wildtype,RA,wildtype,NFSND,mutant
AC012-D0,CVMNK,wildtype,AICNIT,mutant,ICNI,mutant,ICN,mutant,ISAKAA|ISGEAA,mixed,SAKAA|SGEAA,mixed,ICN/A|ICN/G,mixed,ICN/AK|ICN/GE,mixed,ICN/AKA|ICN/GEA,mixed,ICNI/AKA|ICNI/GEA,mixed,ICNI/AK|ICNI/GE,mixed,ARA,wildtype,RA,wildtype,NYSND|NFSND,mixed
AC013-D0,CVMNK,wildtype,ANCSIT,wildtype,NCSI,wildtype,NCS,wildtype,ISAKAA,wildtype,SAKAA,wildtype,NCS/A,wildtype,NCS/AK,wildtype,NCS/AKA,wildtype,NCSI/AKA,wildtype,NCSI/AK,wildtype,ARA,wildtype,RA,wildtype,NFSND,mutant
AC014-D0,CVMNK,wildtype,AICNIT,mutant,ICNI,mutant,ICN,mutant,ISGEAA,mutant,SGEAA,mutant,ICN/G,mutant,ICN/GE,mutant,ICN/GEA,mutant,ICNI/GEA,mutant,ICNI/GE,mutant,ARA,wildtype,RA,wildtype,NFSND,mutant
AC015-D0,CVMNK,wildtype,AIRNIT,mutant,IRNI,mutant,IRN,mutant,ISAKAA,wildtype,SAKAA,wildtype,IRN/A,mutant,IRN/AK,mutant,IRN/AKA,mutant,IRNI/AKA,mutant,IRNI/AK,mutant,ARA,wildtype,RA,wildtype,NFSND,mutant
AC015-D28,CVMNK,wildtype,AICNIT,mutant,ICNI,mutant,ICN,mutant,ISAKAA,wildtype,SAKAA,wildtype,ICN/A,mutant,ICN/AK,mutant,ICN/AKA,mutant,ICNI/AKA,mutant,ICNI/AK,mutant,ARA,wildtype,RA,wildtype,NYSND,wildtype
AC016-D0,CVMNK,wildtype,AIRNIT|ANRNIT,mixed,IRNI|NRNI,mixed,IRN|NRN,mixed,ISAKAA,wildtype,SAKAA,wildtype,IRN/A|NRN/A,mixed,IRN/AK|NRN/AK,mixed,IRN/AKA|NRN/AKA,mixed,IRNI/AKA|NRNI/AKA,mixed,IRNI/AK|NRNI/AK,mixed,ARA,wildtype,RA,wildtype,NFSND,mutant
AC017-D0,CVMNK,wildtype,AIRNIT,mutant,IRNI,mutant,IRN,mutant,ICAKAA,mutant,CAKAA,mutant,IRN/A,mutant,IRN/AK,mutant,IRN/AKA,mutant,IRNI/AKA,mutant,IRNI/AK,mutant,ARA,wildtype,RA,wildtype,NFSND,mutant
AC018-D0,CVMNK,wildtype,AICNIT,mutant,ICNI,mutant,ICN,mutant,ISAKAA,wildtype,SAKAA,wildtype,ICN/A,mutant,ICN/AK,mutant,ICN/AKA,mutant,ICNI/AKA,mutant,ICNI/AK,mutant,ARA,wildtype,RA,wildtype,NYSND,wildtype
AC019-D0,CVMNK,wildtype,AICNIT,mutant,ICNI,mutant,ICN,mutant,ISAKAA,wildtype,SAKAA,wildtype,ICN/A,mutant,ICN/AK,mutant,ICN/AKA,mutant,ICNI/AKA,mutant,ICNI/AK,mutant,ARA,wildtype,RA,wildtype,NFSND,mutant
AC020-D0,CVMNK,wildtype,AICNIT|AIRNIT,mixed,ICNI|IRNI,mixed,ICN|IRN,mixed,ISAKAA,wildtype,SAKAA,wildtype,ICN/A|IRN/A,mixed,ICN/AK|IRN/AK,mixed,ICN/AKA|IRN/AKA,mixed,ICNI/AKA|IRNI/AKA,mixed,ICNI/AK|IRNI/AK,mixed,ARA,wildtype,RA,wildtype,NFSND,mutant
AC021-D0,CVMNK,wildtype,AICNIT,mutant,ICNI,mutant,ICN,mutant,ISAKAA,wildtype,SAKAA,wildtype,ICN/A,mutant,ICN/AK,mutant,ICN/AKA,mutant,ICNI/AKA,mutant,ICNI/AK,mutant,ARA,wildtype,RA,wildtype,NFSND,mutant
AC022-D0,CVMNK,wildtype,AIRNIT,mutant,IRNI,mutant,IRN,mutant,ISGEGA,mutant,SGEGA,mutant,IRN/G,mutant,IRN/GE,mutant,IRN/GEG,mutant,IRNI/GEG,mutant,IRNI/GE,mutant,ARA,wildtype,RA,wildtype,NFSND,mutant
AC022-D21,CVMNK,wildtype,AIRNIT,mutant,IRNI,mutant,IRN,mutant,ISGEAA,mutant,SGEAA,mutant,IRN/G,mutant,IRN/GE,mutant,IRN/GEA,mutant,IRNI/GEA,mutant,IRNI/GE,mutant,ARA,wildtype,RA,wildtype,NFSND,mutant
AC023-D0,CVMNK,wildtype,AICNIT,mutant,ICNI,mutant,ICN,mutant,ISAKAA,wildtype,SAKAA,wildtype,ICN/A,mutant,ICN/AK,mutant,ICN/AKA,mutant,ICNI/AKA,mutant,ICNI/AK,mutant,ARA,wildtype,RA,wildtype,NFSND,mutant
AC024-D0,CVMNK,wildtype,AICNIT,mutant,ICNI,mutant,ICN,mutant,ISAKAA,wildtype,SAKAA,wildtype,ICN/A,mutant,ICN/AK,mutant,ICN/AKA,mutant,ICNI/AKA,mutant,ICNI/AK,mutant,ARA,wildtype,RA,wildtype,NFSND,mutant
AC025-D0,CVMNK,wildtype,AIRNIT,mutant,IRNI,mutant,IRN,mutant,ISGEAA,mutant,SGEAA,mutant,IRN/G,mutant,IRN/GE,mutant,IRN/GEA,mutant,IRNI/GEA,mutant,IRNI/GE,mutant,ARV,mutant,RV,mutant,NFSND,mutant
AC027-D0,CVMNK,wildtype,AIRNIT,mutant,IRNI,mutant,IRN,mutant,ISAKAA,wildtype,SAKAA,wildtype,IRN/A,mutant,IRN/AK,mutant,IRN/AKA,mutant,IRNI/AKA,mutant,IRNI/AK,mutant,ARA,wildtype,RA,wildtype,NFSND,mutant
AC028-D0,CVMNK,wildtype,AIRNIT,mutant,IRNI,mutant,IRN,mutant,ISGEAA,mutant,SGEAA,mutant,IRN/G,mutant,IRN/GE,mutant,IRN/GEA,mutant,IRNI/GEA,mutant,IRNI/GE,mutant,ARA,wildtype,RA,wildtype,NFSND,mutant
AC028-D21,CVMNK,wildtype,AIRNIT,mutant,IRNI,mutant,IRN,mutant,ISGEAA,mutant,SGEAA,mutant,IRN/G,mutant,IRN/GE,mutant,IRN/GEA,mutant,IRNI/GEA,mutant,IRNI/GE,mutant,ARA,wildtype,RA,wildtype,NFSND,mutant
AC029-D0,CVIET,mutant,AIRNIT,mutant,IRNI,mutant,IRN,mutant,ISGKAA,mutant,SGKAA,mutant,IRN/G,mutant,IRN/GK,mutant,IRN/GKA,mutant,IRNI/GKA,mutant,IRNI/GK,mutant,ARA|AIA,mixed,RA|IA,mixed,NFSND,mutant
AC032-D0,CVMNK,wildtype,AICNIT,mutant,ICNI,mutant,ICN,mutant,ISGEAA,mutant,SGEAA,mutant,ICN/G,mutant,ICN/GE,mutant,ICN/GEA,mutant,ICNI/GEA,mutant,ICNI/GE,mutant,ARA,wildtype,RA,wildtype,NFSND,mutant
AC033-D0,CVMNK|CVIET,mixed,AIRNIT,mutant,IRNI,mutant,IRN,mutant,ISGEAA,mutant,SGEAA,mutant,IRN/G,mutant,IRN/GE,mutant,IRN/GEA,mutant,IRNI/GEA,mutant,IRNI/GE,mutant,ARA,wildtype,RA,wildtype,NFSND,mutant
AC033-D28,CVMNK,wildtype,ANCSIT,wildtype,NCSI,wildtype,NCS,wildtype,ISGEAA,mutant,SGEAA,mutant,NCS/G,mutant,NCS/GE,mutant,NCS/GEA,mutant,NCSI/GEA,mutant,NCSI/GE,mutant,ARA,wildtype,RA,wildtype,NFSND,mutant
AC034-D0,CVMNK,wildtype,AIRNIT,mutant,IRNI,mutant,IRN,mutant,ISAKAA,wildtype,SAKAA,wildtype,IRN/A,mutant,IRN/AK,mutant,IRN/AKA,mutant,IRNI/AKA,mutant,IRNI/AK,mutant,ARA,wildtype,RA,wildtype,NFSND,mutant
AC036-D0,CVMNK,wildtype,AIRNIT,mutant,IRNI,mutant,IRN,mutant,ISAKAA,wildtype,SAKAA,wildtype,IRN/A,mutant,IRN/AK,mutant,IRN/AKA,mutant,IRNI/AKA,mutant,IRNI/AK,mutant,ARA,wildtype,RA,wildtype,NFSND,mutant
AC037-D0,CVMNK,wildtype,AICNIT|AIRNIT,mixed,ICNI|IRNI,mixed,ICN|IRN,mixed,ISAKAA|ISGEAA,mixed,SAKAA|SGEAA,mixed,ICN/A|ICN/G|IRN/A|IRN/G,mixed,ICN/AK|ICN/GE|IRN/AK|IRN/GE,mixed,ICN/AKA|ICN/GEA|IRN/AKA|IRN/GEA,mixed,ICNI/AKA|ICNI/GEA|IRNI/AKA|IRNI/GEA,mixed,ICNI/AK|ICNI/GE|IRNI/AK|IRNI/GE,mixed,ARA,wildtype,RA,wildtype,NFSND,mutant
AC038-D0,CVMNK,wildtype,AIRNIT,mutant,IRNI,mutant,IRN,mutant,ISAKAA,wildtype,SAKAA,wildtype,IRN/A,mutant,IRN/AK,mutant,IRN/AKA,mutant,IRNI/AKA,mutant,IRNI/AK,mutant,ARA,wildtype,RA,wildtype,NYSND,wildtype
AC039-D0,CVMNK,wildtype,AICNIT|AIRNIT,mixed,ICNI|IRNI,mixed,ICN|IRN,mixed,ISAKAA|ISGEAA,mixed,SAKAA|SGEAA,mixed,ICN/A|ICN/G|IRN/A|IRN/G,mixed,ICN/AK|ICN/GE|IRN/AK|IRN/GE,mixed,ICN/AKA|ICN/GEA|IRN/AKA|IRN/GEA,mixed,ICNI/AKA|ICNI/GEA|IRNI/AKA|IRNI/GEA,mixed,ICNI/AK|ICNI/GE|IRNI/AK|IRNI/GE,mixed,ARA,wildtype,RA,wildtype,NFSND,mutant
AC040-D0,CVMNK,wildtype,AIRNIT,mutant,IRNI,mutant,IRN,mutant,ISGEAA,mutant,SGEAA,mutant,IRN/G,mutant,IRN/GE,mutant,IRN/GEA,mutant,IRNI/GEA,mutant,IRNI/GE,mutant,ARA,wildtype,RA,wildtype,NYSND,wildtype
AC041-D0,CVMNK,wildtype,AIRNIT,mutant,IRNI,mutant,IRN,mutant,ICAKAA,mutant,CAKAA,mutant,IRN/A,mutant,IRN/AK,mutant,IRN/AKA,mutant,IRNI/AKA,mutant,IRNI/AK,mutant,ARA,wildtype,RA,wildtype,NFSND,mutant
AC043-D0,CVMNK,wildtype,AICNIT,mutant,ICNI,mutant,ICN,mutant,ISGEAA,mutant,SGEAA,mutant,ICN/G,mutant,ICN/GE,mutant,ICN/GEA,mutant,ICNI/GEA,mutant,ICNI/GE,mutant,ARA,wildtype,RA,wildtype,NFSND,mutant
AC043-D21,CVMNK,wildtype,AICNIT,mutant,ICNI,mutant,ICN,mutant,ISGEAA,mutant,SGEAA,mutant,ICN/G,mutant,ICN/GE,mutant,ICN/GEA,mutant,ICNI/GEA,mutant,ICNI/GE,mutant,ARA,wildtype,RA,wildtype,NFSND,mutant
AC044-D0,CVMNK,wildtype,AIRNIT,mutant,IRNI,mutant,IRN,mutant,ISGEAA,mutant,SGEAA,mutant,IRN/G,mutant,IRN/GE,mutant,IRN/GEA,mutant,IRNI/GEA,mutant,IRNI/GE,mutant,ARA,wildtype,RA,wildtype,NFSND,mutant
AC045-D0,CVMNK,wildtype,AICNIT,mutant,ICNI,mutant,ICN,mutant,ISGEAA,mutant,SGEAA,mutant,ICN/G,mutant,ICN/GE,mutant,ICN/GEA,mutant,ICNI/GEA,mutant,ICNI/GE,mutant,ARA,wildtype,RA,wildtype,NFSND,mutant
AC048-D0,CVMNK,wildtype,ANCSIT,wildtype,NCSI,wildtype,NCS,wildtype,ISGEAA,mutant,SGEAA,mutant,NCS/G,mutant,NCS/GE,mutant,NCS/GEA,mutant,NCSI/GEA,mutant,NCSI/GE,mutant,ARV,mutant,RV,mutant,NFSND,mutant
AC049-D0,CVMNK,wildtype,AIRNIT,mutant,IRNI,mutant,IRN,mutant,ISGEAA,mutant,SGEAA,mutant,IRN/G,mutant,IRN/GE,mutant,IRN/GEA,mutant,IRNI/GEA,mutant,IRNI/GE,mutant,ARA,wildtype,RA,wildtype,NFSND,mutant
AC050-D0,CVMNK|CVIET,mixed,AICSIT|ANCNIT,mixed,ICSI|NCNI,mixed,ICS|NCN,mixed,ISAKAA,wildtype,SAKAA,wildtype,ICS/A|NCN/A,mixed,ICS/AK|NCN/AK,mixed,ICS/AKA|NCN/AKA,mixed,ICSI/AKA|NCNI/AKA,mixed,ICSI/AK|NCNI/AK,mixed,ARA,wildtype,RA,wildtype,NYSND,wildtype
AC051-D0,CVIET,mutant,AIRNIT,mutant,IRNI,mutant,IRN,mutant,ISGEAA,mutant,SGEAA,mutant,IRN/G,mutant,IRN/GE,mutant,IRN/GEA,mutant,IRNI/GEA,mutant,IRNI/GE,mutant,ARA,wildtype,RA,wildtype,NFSND,mutant
AC052-D0,CVMNK,wildtype,AICNIT,mutant,ICNI,mutant,ICN,mutant,ISGEAA,mutant,SGEAA,mutant,ICN/G,mutant,ICN/GE,mutant,ICN/GEA,mutant,ICNI/GEA,mutant,ICNI/GE,mutant,ARA,wildtype,RA,wildtype,NYSND,wildtype
AC053-D0,CVMNK,wildtype,AICNIT,mutant,ICNI,mutant,ICN,mutant,ISGEAA,mutant,SGEAA,mutant,ICN/G,mutant,ICN/GE,mutant,ICN/GEA,mutant,ICNI/GEA,mutant,ICNI/GE,mutant,ARA,wildtype,RA,wildtype,NFSND,mutant
AC054-D0,CVMNK,wildtype,AIRNIT,mutant,IRNI,mutant,IRN,mutant,ISGEAA,mutant,SGEAA,mutant,IRN/G,mutant,IRN/GE,mutant,IRN/GEA,mutant,IRNI/GEA,mutant,IRNI/GE,mutant,ARV,mutant,RV,mutant,NFSND,mutant
AC055-D0,CVMNK,wildtype,AIRNIT,mutant,IRNI,mutant,IRN,mutant,ISAKAA,wildtype,SAKAA,wildtype,IRN/A,mutant,IRN/AK,mutant,IRN/AKA,mutant,IRNI/AKA,mutant,IRNI/AK,mutant,ARA,wildtype,RA,wildtype,NFSND,mutant
AC056-D0,CVMNK,wildtype,AIRNIT,mutant,IRNI,mutant,IRN,mutant,ISAKAA|ISGEAA,mixed,SAKAA|SGEAA,mixed,IRN/A|IRN/G,mixed,IRN/AK|IRN/GE,mixed,IRN/AKA|IRN/GEA,mixed,IRNI/AKA|IRNI/GEA,mixed,IRNI/AK|IRNI/GE,mixed,ARA,wildtype,RA,wildtype,NFSND,mutant
AC056-D21,CVMNK,wildtype,AICNIT,mutant,ICNI,mutant,ICN,mutant,ISGEAA,mutant,SGEAA,mutant,ICN/G,mutant,ICN/GE,mutant,ICN/GEA,mutant,ICNI/GEA,mutant,ICNI/GE,mutant,A--,NA,-,NA,-FSND,mutant
AC057-D0,CVMNK,wildtype,AIRNIT,mutant,IRNI,mutant,IRN,mutant,ISAKAA,wildtype,SAKAA,wildtype,IRN/A,mutant,IRN/AK,mutant,IRN/AKA,mutant,IRNI/AKA,mutant,IRNI/AK,mutant,ARA,wildtype,RA,wildtype,NFSND,mutant
AC058-D0,CVIET,mutant,AIRNIT,mutant,IRNI,mutant,IRN,mutant,ISGEAA,mutant,SGEAA,mutant,IRN/G,mutant,IRN/GE,mutant,IRN/GEA,mutant,IRNI/GEA,mutant,IRNI/GE,mutant,ARA,wildtype,RA,wildtype,NFSND,mutant
AC059-D0,CVMNK,wildtype,AICSI-|ANCNI-,mixed,ICSI|NCNI,mixed,ICS|NCN,mixed,ISAKA-,NA,SAKA-,NA,ICS/A|NCN/A,mixed,ICS/AK|NCN/AK,mixed,ICS/AKA|NCN/AKA,mixed,ICSI/AKA|NCNI/AKA,mixed,ICSI/AK|NCNI/AK,mixed,ARA,wildtype,RA,wildtype,NYSND|NFSND,mixed
AC060-D0,CVMNK,wildtype,AICNIT,mutant,ICNI,mutant,ICN,mutant,ISAKAA,wildtype,SAKAA,wildtype,ICN/A,mutant,ICN/AK,mutant,ICN/AKA,mutant,ICNI/AKA,mutant,ICNI/AK,mutant,ARA,wildtype,RA,wildtype,NFSND,mutant
AC061-D0,CVMNK,wildtype,AIRNIT,mutant,IRNI,mutant,IRN,mutant,ISGEAA,mutant,SGEAA,mutant,IRN/G,mutant,IRN/GE,mutant,IRN/GEA,mutant,IRNI/GEA,mutant,IRNI/GE,mutant,ARA,wildtype,RA,wildtype,NFSND,mutant
AC062-D0,CVIET,mutant,AIRNIT,mutant,IRNI,mutant,IRN,mutant,ISGEAA,mutant,SGEAA,mutant,IRN/G,mutant,IRN/GE,mutant,IRN/GEA,mutant,IRNI/GEA,mutant,IRNI/GE,mutant,ARA,wildtype,RA,wildtype,NFSND,mutant
AC063-D0,CVMNK,wildtype,AIRNIT,mutant,IRNI,mutant,IRN,mutant,ISGEAA,mutant,SGEAA,mutant,IRN/G,mutant,IRN/GE,mutant,IRN/GEA,mutant,IRNI/GEA,mutant,IRNI/GE,mutant,ARA,wildtype,RA,wildtype,NFSND,mutant
AC064-D0,CVMNK,wildtype,AICNIT,mutant,ICNI,mutant,ICN,mutant,ISAKAA,wildtype,SAKAA,wildtype,ICN/A,mutant,ICN/AK,mutant,ICN/AKA,mutant,ICNI/AKA,mutant,ICNI/AK,mutant,ARA,wildtype,RA,wildtype,NFSND,mutant
AC065-D0,CVMNK,wildtype,AIRNIT,mutant,IRNI,mutant,IRN,mutant,ISAKAA,wildtype,SAKAA,wildtype,IRN/A,mutant,IRN/AK,mutant,IRN/AKA,mutant,IRNI/AKA,mutant,IRNI/AK,mutant,ARA,wildtype,RA,wildtype,NFSND,mutant
AC066-D0,CVMNK,wildtype,AICNIT|AIRNIT,mixed,ICNI|IRNI,mixed,ICN|IRN,mixed,ISAKAA|ISGEAA,mixed,SAKAA|SGEAA,mixed,ICN/A|ICN/G|IRN/A|IRN/G,mixed,ICN/AK|ICN/GE|IRN/AK|IRN/GE,mixed,ICN/AKA|ICN/GEA|IRN/AKA|IRN/GEA,mixed,ICNI/AKA|ICNI/GEA|IRNI/AKA|IRNI/GEA,mixed,ICNI/AK|ICNI/GE|IRNI/AK|IRNI/GE,mixed,ARA,wildtype,RA,wildtype,NYSND|NFSND,mixed
AC067-D0,CVMNK,wildtype,AIRNIT,mutant,IRNI,mutant,IRN,mutant,ISGEAA,mutant,SGEAA,mutant,IRN/G,mutant,IRN/GE,mutant,IRN/GEA,mutant,IRNI/GEA,mutant,IRNI/GE,mutant,ARA,wildtype,RA,wildtype,NFSND,mutant
AC069-D0,CVMNK,wildtype,AIRNIT,mutant,IRNI,mutant,IRN,mutant,ISAKAA,wildtype,SAKAA,wildtype,IRN/A,mutant,IRN/AK,mutant,IRN/AKA,mutant,IRNI/AKA,mutant,IRNI/AK,mutant,ARA,wildtype,RA,wildtype,NYSND,wildtype
AC069-D21,CVMNK,wildtype,AIRNIT,mutant,IRNI,mutant,IRN,mutant,ISAKAA,wildtype,SAKAA,wildtype,IRN/A,mutant,IRN/AK,mutant,IRN/AKA,mutant,IRNI/AKA,mutant,IRNI/AK,mutant,ARA,wildtype,RA,wildtype,NYSND,wildtype
AC070-D0,CVMNK,wildtype,ANCSIT,wildtype,NCSI,wildtype,NCS,wildtype,ISAKAA,wildtype,SAKAA,wildtype,NCS/A,wildtype,NCS/AK,wildtype,NCS/AKA,wildtype,NCSI/AKA,wildtype,NCSI/AK,wildtype,ARA,wildtype,RA,wildtype,NFSND,mutant
AC071-D0,CVMNK,wildtype,ANRNIT,mutant,NRNI,mutant,NRN,mutant,ISAKAA,wildtype,SAKAA,wildtype,NRN/A,mutant,NRN/AK,mutant,NRN/AKA,mutant,NRNI/AKA,mutant,NRNI/AK,mutant,ARA,wildtype,RA,wildtype,NFSND,mutant
AC072-D0,CVMNK,wildtype,AICNIT,mutant,ICNI,mutant,ICN,mutant,ISGEAA,mutant,SGEAA,mutant,ICN/G,mutant,ICN/GE,mutant,ICN/GEA,mutant,ICNI/GEA,mutant,ICNI/GE,mutant,ARA,wildtype,RA,wildtype,NFSND,mutant
AC073-D0,CVMNK,wildtype,AICNIT|AIRNIT,mixed,ICNI|IRNI,mixed,ICN|IRN,mixed,ISAKAA|ISGEAA,mixed,SAKAA|SGEAA,mixed,ICN/A|ICN/G|IRN/A|IRN/G,mixed,ICN/AK|ICN/GE|IRN/AK|IRN/GE,mixed,ICN/AKA|ICN/GEA|IRN/AKA|IRN/GEA,mixed,ICNI/AKA|ICNI/GEA|IRNI/AKA|IRNI/GEA,mixed,ICNI/AK|ICNI/GE|IRNI/AK|IRNI/GE,mixed,ARA,wildtype,RA,wildtype,NFSND,mutant
AC074-D0,CVMNK,wildtype,AICNIT|AIRNIT,mixed,ICNI|IRNI,mixed,ICN|IRN,mixed,ISAKAA|ISGEAA,mixed,SAKAA|SGEAA,mixed,ICN/A|ICN/G|IRN/A|IRN/G,mixed,ICN/AK|ICN/GE|IRN/AK|IRN/GE,mixed,ICN/AKA|ICN/GEA|IRN/AKA|IRN/GEA,mixed,ICNI/AKA|ICNI/GEA|IRNI/AKA|IRNI/GEA,mixed,ICNI/AK|ICNI/GE|IRNI/AK|IRNI/GE,mixed,ARA,wildtype,RA,wildtype,NFSND,mutant
AC075-D0,CVMNK,wildtype,ANCSIT,wildtype,NCSI,wildtype,NCS,wildtype,ISAKAA,wildtype,SAKAA,wildtype,NCS/A,wildtype,NCS/AK,wildtype,NCS/AKA,wildtype,NCSI/AKA,wildtype,NCSI/AK,wildtype,ARA,wildtype,RA,wildtype,NFSND,mutant
AC076-D0,CVMNK,wildtype,AICNIT,mutant,ICNI,mutant,ICN,mutant,ISAKAA,wildtype,SAKAA,wildtype,ICN/A,mutant,ICN/AK,mutant,ICN/AKA,mutant,ICNI/AKA,mutant,ICNI/AK,mutant,ARA,wildtype,RA,wildtype,NFSND,mutant
AC077-D0,CVMNK,wildtype,AIRNIT,mutant,IRNI,mutant,IRN,mutant,ISGEAA,mutant,SGEAA,mutant,IRN/G,mutant,IRN/GE,mutant,IRN/GEA,mutant,IRNI/GEA,mutant,IRNI/GE,mutant,ARA,wildtype,RA,wildtype,NFSND,mutant
AC078-D0,CVMNK,wildtype,ANCSIT,wildtype,NCSI,wildtype,NCS,wildtype,ISAKAA,wildtype,SAKAA,wildtype,NCS/A,wildtype,NCS/AK,wildtype,NCS/AKA,wildtype,NCSI/AKA,wildtype,NCSI/AK,wildtype,ARA,wildtype,RA,wildtype,NFSND,mutant
AC079-D0,CVMNK,wildtype,ANCSIT,wildtype,NCSI,wildtype,NCS,wildtype,ISAKAA,wildtype,SAKAA,wildtype,NCS/A,wildtype,NCS/AK,wildtype,NCS/AKA,wildtype,NCSI/AKA,wildtype,NCSI/AK,wildtype,ARV,mutant,RV,mutant,NFSND,mutant
AC080-D0,CVMNK,wildtype,AIRNIT,mutant,IRNI,mutant,IRN,mutant,ISGEAA,mutant,SGEAA,mutant,IRN/G,mutant,IRN/GE,mutant,IRN/GEA,mutant,IRNI/GEA,mutant,IRNI/GE,mutant,ARA,wildtype,RA,wildtype,NYSND,wildtype
AC081-D0,CVMNK,wildtype,AIRNIT,mutant,IRNI,mutant,IRN,mutant,ISAKAA,wildtype,SAKAA,wildtype,IRN/A,mutant,IRN/AK,mutant,IRN/AKA,mutant,IRNI/AKA,mutant,IRNI/AK,mutant,ARA,wildtype,RA,wildtype,NFSND,mutant
AC082-D0,CVMNK,wildtype,AICNIT,mutant,ICNI,mutant,ICN,mutant,ISAKAA,wildtype,SAKAA,wildtype,ICN/A,mutant,ICN/AK,mutant,ICN/AKA,mutant,ICNI/AKA,mutant,ICNI/AK,mutant,ARA,wildtype,RA,wildtype,NFSND,mutant
AC083-D0,CVMNK,wildtype,AICNIT,mutant,ICNI,mutant,ICN,mutant,ISAKAA,wildtype,SAKAA,wildtype,ICN/A,mutant,ICN/AK,mutant,ICN/AKA,mutant,ICNI/AKA,mutant,ICNI/AK,mutant,ARV,mutant,RV,mutant,NFSND,mutant
AC084-D0,CVMNK,wildtype,AICNIT,mutant,ICNI,mutant,ICN,mutant,ISAKAA|ISGEAA,mixed,SAKAA|SGEAA,mixed,ICN/A|ICN/G,mixed,ICN/AK|ICN/GE,mixed,ICN/AKA|ICN/GEA,mixed,ICNI/AKA|ICNI/GEA,mixed,ICNI/AK|ICNI/GE,mixed,ARA,wildtype,RA,wildtype,NFSND,mutant
AC084-D21,CVMNK,wildtype,AICNIT,mutant,ICNI,mutant,ICN,mutant,ISAKAA,wildtype,SAKAA,wildtype,ICN/A,mutant,ICN/AK,mutant,ICN/AKA,mutant,ICNI/AKA,mutant,ICNI/AK,mutant,ARA,wildtype,RA,wildtype,NFSND,mutant
AC085-D0,CVMNK,wildtype,AICNIT,mutant,ICNI,mutant,ICN,mutant,ISAKAA,wildtype,SAKAA,wildtype,ICN/A,mutant,ICN/AK,mutant,ICN/AKA,mutant,ICNI/AKA,mutant,ICNI/AK,mutant,ARV,mutant,RV,mutant,NFSND,mutant
AC086-D0,CVMNK,wildtype,AICSIT|ANRNIT,mixed,ICSI|NRNI,mixed,ICS|NRN,mixed,ISGEAA,mutant,SGEAA,mutant,ICS/G|NRN/G,mixed,ICS/GE|NRN/GE,mixed,ICS/GEA|NRN/GEA,mixed,ICSI/GEA|NRNI/GEA,mixed,ICSI/GE|NRNI/GE,mixed,ARA,wildtype,RA,wildtype,NFSND,mutant
AC087-D0,CVMNK,wildtype,ANCSIT,wildtype,NCSI,wildtype,NCS,wildtype,ISAKAA,wildtype,SAKAA,wildtype,NCS/A,wildtype,NCS/AK,wildtype,NCS/AKA,wildtype,NCSI/AKA,wildtype,NCSI/AK,wildtype,ARA,wildtype,RA,wildtype,NFSND,mutant
AC088-D0,CVMNK,wildtype,AICNIT,mutant,ICNI,mutant,ICN,mutant,ISAKAA|ISGEAA,mixed,SAKAA|SGEAA,mixed,ICN/A|ICN/G,mixed,ICN/AK|ICN/GE,mixed,ICN/AKA|ICN/GEA,mixed,ICNI/AKA|ICNI/GEA,mixed,ICNI/AK|ICNI/GE,mixed,ARV,mutant,RV,mutant,NFSND,mutant
AC089-D0,CVMNK,wildtype,AICNIT,mutant,ICNI,mutant,ICN,mutant,ISGEAA,mutant,SGEAA,mutant,ICN/G,mutant,ICN/GE,mutant,ICN/GEA,mutant,ICNI/GEA,mutant,ICNI/GE,mutant,ARA,wildtype,RA,wildtype,NFSND,mutant
AC090-D0,CVMNK,wildtype,AICNIT,mutant,ICNI,mutant,ICN,mutant,ISAKAA,wildtype,SAKAA,wildtype,ICN/A,mutant,ICN/AK,mutant,ICN/AKA,mutant,ICNI/AKA,mutant,ICNI/AK,mutant,ARA,wildtype,RA,wildtype,NYSND|NFSND,mixed
AC091-D0,CVMNK,wildtype,AIRNIT,mutant,IRNI,mutant,IRN,mutant,ISGEAA,mutant,SGEAA,mutant,IRN/G,mutant,IRN/GE,mutant,IRN/GEA,mutant,IRNI/GEA,mutant,IRNI/GE,mutant,ARA,wildtype,RA,wildtype,NFSND,mutant
AC091-D21,CVMNK,wildtype,AIRNIT,mutant,IRNI,mutant,IRN,mutant,ISGEAA,mutant,SGEAA,mutant,IRN/G,mutant,IRN/GE,mutant,IRN/GEA,mutant,IRNI/GEA,mutant,IRNI/GE,mutant,ARA,wildtype,RA,wildtype,NFSND,mutant
AC092-D0,CVMNK,wildtype,AICNIT,mutant,ICNI,mutant,ICN,mutant,ISAKAA,wildtype,SAKAA,wildtype,ICN/A,mutant,ICN/AK,mutant,ICN/AKA,mutant,ICNI/AKA,mutant,ICNI/AK,mutant,ARA,wildtype,RA,wildtype,NFSND,mutant
AC093-D0,CVMNK,wildtype,AIRNIT,mutant,IRNI,mutant,IRN,mutant,ISGEAA,mutant,SGEAA,mutant,IRN/G,mutant,IRN/GE,mutant,IRN/GEA,mutant,IRNI/GEA,mutant,IRNI/GE,mutant,ARA,wildtype,RA,wildtype,NFSND,mutant
AC094-D0,CVMNK,wildtype,AIRNIT,mutant,IRNI,mutant,IRN,mutant,ISGKAA,mutant,SGKAA,mutant,IRN/G,mutant,IRN/GK,mutant,IRN/GKA,mutant,IRNI/GKA,mutant,IRNI/GK,mutant,ARA,wildtype,RA,wildtype,NFSND,mutant
AC095-D0,CVMNK,wildtype,AICNIT,mutant,ICNI,mutant,ICN,mutant,ISGEAA,mutant,SGEAA,mutant,ICN/G,mutant,ICN/GE,mutant,ICN/GEA,mutant,ICNI/GEA,mutant,ICNI/GE,mutant,ARA,wildtype,RA,wildtype,NFSND,mutant
BA001-D0,CVMNK,wildtype,ANCSIT,wildtype,NCSI,wildtype,NCS,wildtype,ISAKAA,wildtype,SAKAA,wildtype,NCS/A,wildtype,NCS/AK,wildtype,NCS/AKA,wildtype,NCSI/AKA,wildtype,NCSI/AK,wildtype,ARA,wildtype,RA,wildtype,NFSND,mutant
BA002-D0,CVMNK,wildtype,AICNIT|AIRNIT,mixed,ICNI|IRNI,mixed,ICN|IRN,mixed,ISAKAA,wildtype,SAKAA,wildtype,ICN/A|IRN/A,mixed,ICN/AK|IRN/AK,mixed,ICN/AKA|IRN/AKA,mixed,ICNI/AKA|IRNI/AKA,mixed,ICNI/AK|IRNI/AK,mixed,ARA,wildtype,RA,wildtype,NYSND|NFSND,mixed
BA003-D0,CVIET,mutant,AICNIT,mutant,ICNI,mutant,ICN,mutant,ISGEAA,mutant,SGEAA,mutant,ICN/G,mutant,ICN/GE,mutant,ICN/GEA,mutant,ICNI/GEA,mutant,ICNI/GE,mutant,AIA,mutant,IA,mutant,NFSND,mutant
BA004-D0,CVIET,mutant,AIRNIT,mutant,IRNI,mutant,IRN,mutant,ISGEAA,mutant,SGEAA,mutant,IRN/G,mutant,IRN/GE,mutant,IRN/GEA,mutant,IRNI/GEA,mutant,IRNI/GE,mutant,ARA,wildtype,RA,wildtype,NFSND,mutant
BA005-D0,CVMNK,wildtype,AICNIT,mutant,ICNI,mutant,ICN,mutant,ISAKAA,wildtype,SAKAA,wildtype,ICN/A,mutant,ICN/AK,mutant,ICN/AKA,mutant,ICNI/AKA,mutant,ICNI/AK,mutant,ARA,wildtype,RA,wildtype,NFSND,mutant
BA006-D0,CVMNK,wildtype,AICNIT|AIRNIT,mixed,ICNI|IRNI,mixed,ICN|IRN,mixed,ISAKAA,wildtype,SAKAA,wildtype,ICN/A|IRN/A,mixed,ICN/AK|IRN/AK,mixed,ICN/AKA|IRN/AKA,mixed,ICNI/AKA|IRNI/AKA,mixed,ICNI/AK|IRNI/AK,mixed,ARA,wildtype,RA,wildtype,NFSND,mutant
BA007-D0,CVMNK,wildtype,AICNIT,mutant,ICNI,mutant,ICN,mutant,ISGEAA,mutant,SGEAA,mutant,ICN/G,mutant,ICN/GE,mutant,ICN/GEA,mutant,ICNI/GEA,mutant,ICNI/GE,mutant,ARA,wildtype,RA,wildtype,NFSND,mutant
BA008-D0,CVMNK,wildtype,AICSIT|ANCNIT,mixed,ICSI|NCNI,mixed,ICS|NCN,mixed,ISAKAA,wildtype,SAKAA,wildtype,ICS/A|NCN/A,mixed,ICS/AK|NCN/AK,mixed,ICS/AKA|NCN/AKA,mixed,ICSI/AKA|NCNI/AKA,mixed,ICSI/AK|NCNI/AK,mixed,ARA,wildtype,RA,wildtype,NFSND,mutant
BA010-D0,CVIET,mutant,AICNIT|AIRNIT,mixed,ICNI|IRNI,mixed,ICN|IRN,mixed,ISGEAA,mutant,SGEAA,mutant,ICN/G|IRN/G,mixed,ICN/GE|IRN/GE,mixed,ICN/GEA|IRN/GEA,mixed,ICNI/GEA|IRNI/GEA,mixed,ICNI/GE|IRNI/GE,mixed,ARA,wildtype,RA,wildtype,NFSND,mutant
BA011-D0,CVMNK,wildtype,AICSIT|ANCNIT,mixed,ICSI|NCNI,mixed,ICS|NCN,mixed,ISAKAA|ISGEAA,mixed,SAKAA|SGEAA,mixed,ICS/A|ICS/G|NCN/A|NCN/G,mixed,ICS/AK|ICS/GE|NCN/AK|NCN/GE,mixed,ICS/AKA|ICS/GEA|NCN/AKA|NCN/GEA,mixed,ICSI/AKA|ICSI/GEA|NCNI/AKA|NCNI/GEA,mixed,ICSI/AK|ICSI/GE|NCNI/AK|NCNI/GE,mixed,AIA,mutant,IA,mutant,NFSND,mutant
BA012-D0,CVMNK,wildtype,AICNIT,mutant,ICNI,mutant,ICN,mutant,ISAKAA,wildtype,SAKAA,wildtype,ICN/A,mutant,ICN/AK,mutant,ICN/AKA,mutant,ICNI/AKA,mutant,ICNI/AK,mutant,ARA,wildtype,RA,wildtype,NFSND,mutant
BA013-D0,CVIET,mutant,AIRNIT,mutant,IRNI,mutant,IRN,mutant,ISGEAA,mutant,SGEAA,mutant,IRN/G,mutant,IRN/GE,mutant,IRN/GEA,mutant,IRNI/GEA,mutant,IRNI/GE,mutant,AIA,mutant,IA,mutant,NYSND,wildtype
BA014-D0,CVMNK,wildtype,AICNIT|AIRNIT,mixed,ICNI|IRNI,mixed,ICN|IRN,mixed,ISGEAA,mutant,SGEAA,mutant,ICN/G|IRN/G,mixed,ICN/GE|IRN/GE,mixed,ICN/GEA|IRN/GEA,mixed,ICNI/GEA|IRNI/GEA,mixed,ICNI/GE|IRNI/GE,mixed,AIA,mutant,IA,mutant,NFSND,mutant
BA015-D0,CVMNK,wildtype,AICNIT|AIRNIT,mixed,ICNI|IRNI,mixed,ICN|IRN,mixed,ISAKAA|ISGEAA,mixed,SAKAA|SGEAA,mixed,ICN/A|ICN/G|IRN/A|IRN/G,mixed,ICN/AK|ICN/GE|IRN/AK|IRN/GE,mixed,ICN/AKA|ICN/GEA|IRN/AKA|IRN/GEA,mixed,ICNI/AKA|ICNI/GEA|IRNI/AKA|IRNI/GEA,mixed,ICNI/AK|ICNI/GE|IRNI/AK|IRNI/GE,mixed,ARA,wildtype,RA,wildtype,NFSND,mutant
BA016-D0,CVMNK,wildtype,AICNIT,mutant,ICNI,mutant,ICN,mutant,ISAKAA|ISGEAA,mixed,SAKAA|SGEAA,mixed,ICN/A|ICN/G,mixed,ICN/AK|ICN/GE,mixed,ICN/AKA|ICN/GEA,mixed,ICNI/AKA|ICNI/GEA,mixed,ICNI/AK|ICNI/GE,mixed,ARA,wildtype,RA,wildtype,NYSND,wildtype
BA017-D0,CVMNK,wildtype,ANCSIT,wildtype,NCSI,wildtype,NCS,wildtype,ISAKAA,wildtype,SAKAA,wildtype,NCS/A,wildtype,NCS/AK,wildtype,NCS/AKA,wildtype,NCSI/AKA,wildtype,NCSI/AK,wildtype,ARA,wildtype,RA,wildtype,NFSND,mutant
BA018-D0,CVMNK,wildtype,ANCSIT,wildtype,NCSI,wildtype,NCS,wildtype,ISAKAA|ISGEAA,mixed,SAKAA|SGEAA,mixed,NCS/A|NCS/G,mixed,NCS/AK|NCS/GE,mixed,NCS/AKA|NCS/GEA,mixed,NCSI/AKA|NCSI/GEA,mixed,NCSI/AK|NCSI/GE,mixed,ARA,wildtype,RA,wildtype,NFSND,mutant
BA018-D21,CVMNK,wildtype,ANCSIT,wildtype,NCSI,wildtype,NCS,wildtype,ISAKAA,wildtype,SAKAA,wildtype,NCS/A,wildtype,NCS/AK,wildtype,NCS/AKA,wildtype,NCSI/AKA,wildtype,NCSI/AK,wildtype,ARA,wildtype,RA,wildtype,NFSND,mutant
BA019-D0,CVMNK,wildtype,AICSIT|ANCNIT,mixed,ICSI|NCNI,mixed,ICS|NCN,mixed,ISAKAA,wildtype,SAKAA,wildtype,ICS/A|NCN/A,mixed,ICS/AK|NCN/AK,mixed,ICS/AKA|NCN/AKA,mixed,ICSI/AKA|NCNI/AKA,mixed,ICSI/AK|NCNI/AK,mixed,ARA,wildtype,RA,wildtype,NFSND,mutant
BA020-D0,CVMNK|CVIET,mixed,AICNIT|AIRNIT,mixed,ICNI|IRNI,mixed,ICN|IRN,mixed,ISAKAA|ISGEAA,mixed,SAKAA|SGEAA,mixed,ICN/A|ICN/G|IRN/A|IRN/G,mixed,ICN/AK|ICN/GE|IRN/AK|IRN/GE,mixed,ICN/AKA|ICN/GEA|IRN/AKA|IRN/GEA,mixed,ICNI/AKA|ICNI/GEA|IRNI/AKA|IRNI/GEA,mixed,ICNI/AK|ICNI/GE|IRNI/AK|IRNI/GE,mixed,ARA|AIA,mixed,RA|IA,mixed,NFSND,mutant
BA021-D0,CVIET,mutant,AICNIT,mutant,ICNI,mutant,ICN,mutant,ISGEAA,mutant,SGEAA,mutant,ICN/G,mutant,ICN/GE,mutant,ICN/GEA,mutant,ICNI/GEA,mutant,ICNI/GE,mutant,AIA,mutant,IA,mutant,NFSND,mutant
BA022-D0,CVMNK,wildtype,AICNIT,mutant,ICNI,mutant,ICN,mutant,ISAKAA,wildtype,SAKAA,wildtype,ICN/A,mutant,ICN/AK,mutant,ICN/AKA,mutant,ICNI/AKA,mutant,ICNI/AK,mutant,AIA,mutant,IA,mutant,NFSND,mutant
BA023-D0,CVMNK,wildtype,AICSIT|ANCNIT,mixed,ICSI|NCNI,mixed,ICS|NCN,mixed,ISGEGA,mutant,SGEGA,mutant,ICS/G|NCN/G,mixed,ICS/GE|NCN/GE,mixed,ICS/GEG|NCN/GEG,mixed,ICSI/GEG|NCNI/GEG,mixed,ICSI/GE|NCNI/GE,mixed,ARA,wildtype,RA,wildtype,NYSND|NFSND,mixed
BA024-D0,CVMNK,wildtype,AICNIT,mutant,ICNI,mutant,ICN,mutant,ISAKAA,wildtype,SAKAA,wildtype,ICN/A,mutant,ICN/AK,mutant,ICN/AKA,mutant,ICNI/AKA,mutant,ICNI/AK,mutant,ARA,wildtype,RA,wildtype,NFSND,mutant
BA025-D0,CVMNK,wildtype,AICSIT|ANCNIT,mixed,ICSI|NCNI,mixed,ICS|NCN,mixed,ISAKAA|ISGEAA,mixed,SAKAA|SGEAA,mixed,ICS/A|ICS/G|NCN/A|NCN/G,mixed,ICS/AK|ICS/GE|NCN/AK|NCN/GE,mixed,ICS/AKA|ICS/GEA|NCN/AKA|NCN/GEA,mixed,ICSI/AKA|ICSI/GEA|NCNI/AKA|NCNI/GEA,mixed,ICSI/AK|ICSI/GE|NCNI/AK|NCNI/GE,mixed,ARA|AIA,mixed,RA|IA,mixed,NYSND|NFSND,mixed
BA026-D0,CVMNK,wildtype,ANCSIT,wildtype,NCSI,wildtype,NCS,wildtype,ISAKAA,wildtype,SAKAA,wildtype,NCS/A,wildtype,NCS/AK,wildtype,NCS/AKA,wildtype,NCSI/AKA,wildtype,NCSI/AK,wildtype,ARA,wildtype,RA,wildtype,NYSND,wildtype
BA028-D0,CVMNK,wildtype,ANCSIT,wildtype,NCSI,wildtype,NCS,wildtype,ISAKAA,wildtype,SAKAA,wildtype,NCS/A,wildtype,NCS/AK,wildtype,NCS/AKA,wildtype,NCSI/AKA,wildtype,NCSI/AK,wildtype,ARA,wildtype,RA,wildtype,NFSND,mutant
BA029-D0,CVMNK,wildtype,AIRNIT,mutant,IRNI,mutant,IRN,mutant,ISAKAA,wildtype,SAKAA,wildtype,IRN/A,mutant,IRN/AK,mutant,IRN/AKA,mutant,IRNI/AKA,mutant,IRNI/AK,mutant,AIA,mutant,IA,mutant,NFSND,mutant
BA030-D0,CVMNK,wildtype,AIRNIT,mutant,IRNI,mutant,IRN,mutant,ISGEAA,mutant,SGEAA,mutant,IRN/G,mutant,IRN/GE,mutant,IRN/GEA,mutant,IRNI/GEA,mutant,IRNI/GE,mutant,AIA,mutant,IA,mutant,NFSND,mutant
BA031-D0,CVIET,mutant,AIRNIT,mutant,IRNI,mutant,IRN,mutant,ISGEAA,mutant,SGEAA,mutant,IRN/G,mutant,IRN/GE,mutant,IRN/GEA,mutant,IRNI/GEA,mutant,IRNI/GE,mutant,ARA,wildtype,RA,wildtype,NFSND,mutant
BA032-D0,CVMNK,wildtype,AICNIT,mutant,ICNI,mutant,ICN,mutant,ISGEGA,mutant,SGEGA,mutant,ICN/G,mutant,ICN/GE,mutant,ICN/GEG,mutant,ICNI/GEG,mutant,ICNI/GE,mutant,AIA,mutant,IA,mutant,NFSND,mutant
BA033-D0,CVMNK,wildtype,AICNIT,mutant,ICNI,mutant,ICN,mutant,ISAKAA,wildtype,SAKAA,wildtype,ICN/A,mutant,ICN/AK,mutant,ICN/AKA,mutant,ICNI/AKA,mutant,ICNI/AK,mutant,ARA,wildtype,RA,wildtype,NFSND,mutant
BA034-D0,CVIET,mutant,AIRNIT,mutant,IRNI,mutant,IRN,mutant,ISAKAA,wildtype,SAKAA,wildtype,IRN/A,mutant,IRN/AK,mutant,IRN/AKA,mutant,IRNI/AKA,mutant,IRNI/AK,mutant,AIA,mutant,IA,mutant,NYSND,wildtype
BA035-D0,CVMNK,wildtype,ANCSIT,wildtype,NCSI,wildtype,NCS,wildtype,ISAKAA,wildtype,SAKAA,wildtype,NCS/A,wildtype,NCS/AK,wildtype,NCS/AKA,wildtype,NCSI/AKA,wildtype,NCSI/AK,wildtype,ARA,wildtype,RA,wildtype,NFSND,mutant
BA036-D0,CVMNK,wildtype,AIRNIT,mutant,IRNI,mutant,IRN,mutant,ISAKAA|ISGEAA,mixed,SAKAA|SGEAA,mixed,IRN/A|IRN/G,mixed,IRN/AK|IRN/GE,mixed,IRN/AKA|IRN/GEA,mixed,IRNI/AKA|IRNI/GEA,mixed,IRNI/AK|IRNI/GE,mixed,ARA,wildtype,RA,wildtype,NYSND|YFSND,mixed
BA037-D0,CVMNK,wildtype,AICNIT,mutant,ICNI,mutant,ICN,mutant,ISAKAA,wildtype,SAKAA,wildtype,ICN/A,mutant,ICN/AK,mutant,ICN/AKA,mutant,ICNI/AKA,mutant,ICNI/AK,mutant,ARA,wildtype,RA,wildtype,NYSND|NFSND,mixed
BA038-D0,CVMNK,wildtype,AICSIT|ANRNIT,mixed,ICSI|NRNI,mixed,ICS|NRN,mixed,ISAKAA|IAAKAA,mixed,SAKAA|AAKAA,mixed,ICS/A|NRN/A,mixed,ICS/AK|NRN/AK,mixed,ICS/AKA|NRN/AKA,mixed,ICSI/AKA|NRNI/AKA,mixed,ICSI/AK|NRNI/AK,mixed,ARA|AIA,mixed,RA|IA,mixed,NYSND|NFSND,mixed
BA039-D0,CVMNK,wildtype,AICNIT,mutant,ICNI,mutant,ICN,mutant,ISAKAA,wildtype,SAKAA,wildtype,ICN/A,mutant,ICN/AK,mutant,ICN/AKA,mutant,ICNI/AKA,mutant,ICNI/AK,mutant,AIA,mutant,IA,mutant,NFSND,mutant
BA040-D0,CVMNK,wildtype,ANCSIT,wildtype,NCSI,wildtype,NCS,wildtype,ISAKAA,wildtype,SAKAA,wildtype,NCS/A,wildtype,NCS/AK,wildtype,NCS/AKA,wildtype,NCSI/AKA,wildtype,NCSI/AK,wildtype,ARA,wildtype,RA,wildtype,NFSND,mutant
BA041-D0,CVIET,mutant,AICSIT|ANCNIT,mixed,ICSI|NCNI,mixed,ICS|NCN,mixed,ISAKAA|ISGEAA,mixed,SAKAA|SGEAA,mixed,ICS/A|ICS/G|NCN/A|NCN/G,mixed,ICS/AK|ICS/GE|NCN/AK|NCN/GE,mixed,ICS/AKA|ICS/GEA|NCN/AKA|NCN/GEA,mixed,ICSI/AKA|ICSI/GEA|NCNI/AKA|NCNI/GEA,mixed,ICSI/AK|ICSI/GE|NCNI/AK|NCNI/GE,mixed,AIA,mutant,IA,mutant,NFSND,mutant
BA042-D0,CVMNK,wildtype,ANCSIT,wildtype,NCSI,wildtype,NCS,wildtype,ISAKAA,wildtype,SAKAA,wildtype,NCS/A,wildtype,NCS/AK,wildtype,NCS/AKA,wildtype,NCSI/AKA,wildtype,NCSI/AK,wildtype,ARA,wildtype,RA,wildtype,NYSND,wildtype
BA043-D0,CVMNK,wildtype,AICNIT|AIRNIT,mixed,ICNI|IRNI,mixed,ICN|IRN,mixed,ISAKAA|ISGKAA,mixed,SAKAA|SGKAA,mixed,ICN/A|ICN/G|IRN/A|IRN/G,mixed,ICN/AK|ICN/GK|IRN/AK|IRN/GK,mixed,ICN/AKA|ICN/GKA|IRN/AKA|IRN/GKA,mixed,ICNI/AKA|ICNI/GKA|IRNI/AKA|IRNI/GKA,mixed,ICNI/AK|ICNI/GK|IRNI/AK|IRNI/GK,mixed,ARA,wildtype,RA,wildtype,NFSND,mutant
BA044-D0,CVIET,mutant,AIRNIT,mutant,IRNI,mutant,IRN,mutant,ISGEAA,mutant,SGEAA,mutant,IRN/G,mutant,IRN/GE,mutant,IRN/GEA,mutant,IRNI/GEA,mutant,IRNI/GE,mutant,ARA,wildtype,RA,wildtype,NFSND,mutant
BA045-D0,CVMNK,wildtype,AICNIT|AIRNIT,mixed,ICNI|IRNI,mixed,ICN|IRN,mixed,ISAKAA,wildtype,SAKAA,wildtype,ICN/A|IRN/A,mixed,ICN/AK|IRN/AK,mixed,ICN/AKA|IRN/AKA,mixed,ICNI/AKA|IRNI/AKA,mixed,ICNI/AK|IRNI/AK,mixed,ARA,wildtype,RA,wildtype,NFSND,mutant
BA046-D0,CVMNK,wildtype,AICNIT,mutant,ICNI,mutant,ICN,mutant,ISGEAA,mutant,SGEAA,mutant,ICN/G,mutant,ICN/GE,mutant,ICN/GEA,mutant,ICNI/GEA,mutant,ICNI/GE,mutant,ARA,wildtype,RA,wildtype,NFSND,mutant
BA047-D0,CVMNK,wildtype,AIRNIT,mutant,IRNI,mutant,IRN,mutant,ISGEAA,mutant,SGEAA,mutant,IRN/G,mutant,IRN/GE,mutant,IRN/GEA,mutant,IRNI/GEA,mutant,IRNI/GE,mutant,AIA,mutant,IA,mutant,NFSND,mutant
BA048-D0,CVMNK,wildtype,AICNIT,mutant,ICNI,mutant,ICN,mutant,ISAKAA,wildtype,SAKAA,wildtype,ICN/A,mutant,ICN/AK,mutant,ICN/AKA,mutant,ICNI/AKA,mutant,ICNI/AK,mutant,ARA,wildtype,RA,wildtype,YFSND,mutant
BA050-D0,CVIET,mutant,AIRNIT,mutant,IRNI,mutant,IRN,mutant,ISGKAA,mutant,SGKAA,mutant,IRN/G,mutant,IRN/GK,mutant,IRN/GKA,mutant,IRNI/GKA,mutant,IRNI/GK,mutant,AIA,mutant,IA,mutant,NFSND,mutant
BA051-D0,CVMNK,wildtype,AIRNIT,mutant,IRNI,mutant,IRN,mutant,ISGEAA,mutant,SGEAA,mutant,IRN/G,mutant,IRN/GE,mutant,IRN/GEA,mutant,IRNI/GEA,mutant,IRNI/GE,mutant,ARA,wildtype,RA,wildtype,NYSND,wildtype
BA052-D0,CVMNK,wildtype,AICNIT,mutant,ICNI,mutant,ICN,mutant,ISAKAA|ISGEAA,mixed,SAKAA|SGEAA,mixed,ICN/A|ICN/G,mixed,ICN/AK|ICN/GE,mixed,ICN/AKA|ICN/GEA,mixed,ICNI/AKA|ICNI/GEA,mixed,ICNI/AK|ICNI/GE,mixed,AIA,mutant,IA,mutant,NYSND|NFSND,mixed
BA053-D0,CVIET,mutant,AICNIT,mutant,ICNI,mutant,ICN,mutant,ISAKAA,wildtype,SAKAA,wildtype,ICN/A,mutant,ICN/AK,mutant,ICN/AKA,mutant,ICNI/AKA,mutant,ICNI/AK,mutant,AIA,mutant,IA,mutant,NFSND,mutant
BA054-D0,CVMNK|CVIET,mixed,AIRNIT|ANRNIT,mixed,IRNI|NRNI,mixed,IRN|NRN,mixed,ISAKAA|ISGEAA,mixed,SAKAA|SGEAA,mixed,IRN/A|IRN/G|NRN/A|NRN/G,mixed,IRN/AK|IRN/GE|NRN/AK|NRN/GE,mixed,IRN/AKA|IRN/GEA|NRN/AKA|NRN/GEA,mixed,IRNI/AKA|IRNI/GEA|NRNI/AKA|NRNI/GEA,mixed,IRNI/AK|IRNI/GE|NRNI/AK|NRNI/GE,mixed,AIA,mutant,IA,mutant,NFSND,mutant
BA055-D0,CVMNK,wildtype,AICNIT,mutant,ICNI,mutant,ICN,mutant,ISAKAA|ISGKAA,mixed,SAKAA|SGKAA,mixed,ICN/A|ICN/G,mixed,ICN/AK|ICN/GK,mixed,ICN/AKA|ICN/GKA,mixed,ICNI/AKA|ICNI/GKA,mixed,ICNI/AK|ICNI/GK,mixed,ARA,wildtype,RA,wildtype,NFSND,mutant
BA056-D0,CVMNK,wildtype,AICNIT,mutant,ICNI,mutant,ICN,mutant,ISGEAA,mutant,SGEAA,mutant,ICN/G,mutant,ICN/GE,mutant,ICN/GEA,mutant,ICNI/GEA,mutant,ICNI/GE,mutant,ARA,wildtype,RA,wildtype,NFSND,mutant
BA057-D0,CVIET,mutant,AICNIT,mutant,ICNI,mutant,ICN,mutant,ISAKAA,wildtype,SAKAA,wildtype,ICN/A,mutant,ICN/AK,mutant,ICN/AKA,mutant,ICNI/AKA,mutant,ICNI/AK,mutant,AIA,mutant,IA,mutant,NFSND,mutant
BA058-D0,CVMNK,wildtype,AICNIT,mutant,ICNI,mutant,ICN,mutant,IAAKAA,mutant,AAKAA,mutant,ICN/A,mutant,ICN/AK,mutant,ICN/AKA,mutant,ICNI/AKA,mutant,ICNI/AK,mutant,ARA,wildtype,RA,wildtype,NFSND,mutant
BA059-D0,CVMNK,wildtype,AICSIT|ANRNIT,mixed,ICSI|NRNI,mixed,ICS|NRN,mixed,ISAKAA|ISGEAA,mixed,SAKAA|SGEAA,mixed,ICS/A|ICS/G|NRN/A|NRN/G,mixed,ICS/AK|ICS/GE|NRN/AK|NRN/GE,mixed,ICS/AKA|ICS/GEA|NRN/AKA|NRN/GEA,mixed,ICSI/AKA|ICSI/GEA|NRNI/AKA|NRNI/GEA,mixed,ICSI/AK|ICSI/GE|NRNI/AK|NRNI/GE,mixed,ARA,wildtype,RA,wildtype,NFSND,mutant
BA060-D0,CVMNK,wildtype,AICNIT,mutant,ICNI,mutant,ICN,mutant,ISGEAA,mutant,SGEAA,mutant,ICN/G,mutant,ICN/GE,mutant,ICN/GEA,mutant,ICNI/GEA,mutant,ICNI/GE,mutant,AIA,mutant,IA,mutant,NFSND,mutant
BA061-D0,CVMNK,wildtype,AIRNIT,mutant,IRNI,mutant,IRN,mutant,ISAKAA,wildtype,SAKAA,wildtype,IRN/A,mutant,IRN/AK,mutant,IRN/AKA,mutant,IRNI/AKA,mutant,IRNI/AK,mutant,AIA,mutant,IA,mutant,NFSND,mutant
BA062-D0,CVMNK,wildtype,ANCSIT,wildtype,NCSI,wildtype,NCS,wildtype,ISAKAA,wildtype,SAKAA,wildtype,NCS/A,wildtype,NCS/AK,wildtype,NCS/AKA,wildtype,NCSI/AKA,wildtype,NCSI/AK,wildtype,ARA,wildtype,RA,wildtype,NYSND,wildtype
BA063-D0,CVMNK,wildtype,AIRNIT,mutant,IRNI,mutant,IRN,mutant,ISGEAA,mutant,SGEAA,mutant,IRN/G,mutant,IRN/GE,mutant,IRN/GEA,mutant,IRNI/GEA,mutant,IRNI/GE,mutant,ARA,wildtype,RA,wildtype,NFSND,mutant
BA064-D0,CVIET,mutant,AIRNIT,mutant,IRNI,mutant,IRN,mutant,ISGEAA,mutant,SGEAA,mutant,IRN/G,mutant,IRN/GE,mutant,IRN/GEA,mutant,IRNI/GEA,mutant,IRNI/GE,mutant,ARA,wildtype,RA,wildtype,NFSND,mutant
BA065-D0,CVMNK,wildtype,AICNIT,mutant,ICNI,mutant,ICN,mutant,ISAKAA,wildtype,SAKAA,wildtype,ICN/A,mutant,ICN/AK,mutant,ICN/AKA,mutant,ICNI/AKA,mutant,ICNI/AK,mutant,AIA,mutant,IA,mutant,NFSND,mutant
BA066-D0,CVMNK,wildtype,AICNIT,mutant,ICNI,mutant,ICN,mutant,ISGEAA,mutant,SGEAA,mutant,ICN/G,mutant,ICN/GE,mutant,ICN/GEA,mutant,ICNI/GEA,mutant,ICNI/GE,mutant,AIA,mutant,IA,mutant,NFSND,mutant
BA066-D28,CVMNK,wildtype,AICNIT,mutant,ICNI,mutant,ICN,mutant,ISGEAA,mutant,SGEAA,mutant,ICN/G,mutant,ICN/GE,mutant,ICN/GEA,mutant,ICNI/GEA,mutant,ICNI/GE,mutant,AIA,mutant,IA,mutant,NFSND,mutant
BA067-D0,CVMNK,wildtype,AICNIT|AIRNIT,mixed,ICNI|IRNI,mixed,ICN|IRN,mixed,ISGEAA,mutant,SGEAA,mutant,ICN/G|IRN/G,mixed,ICN/GE|IRN/GE,mixed,ICN/GEA|IRN/GEA,mixed,ICNI/GEA|IRNI/GEA,mixed,ICNI/GE|IRNI/GE,mixed,ARA|AIV,mixed,RA|IV,mixed,NFSND,mutant
BA068-D0,CVMNK,wildtype,AICNIT,mutant,ICNI,mutant,ICN,mutant,ISGKAA,mutant,SGKAA,mutant,ICN/G,mutant,ICN/GK,mutant,ICN/GKA,mutant,ICNI/GKA,mutant,ICNI/GK,mutant,ARA,wildtype,RA,wildtype,NFSND,mutant
BA068-D21,CVMNK,wildtype,AICNIT,mutant,ICNI,mutant,ICN,mutant,ISGKAA,mutant,SGKAA,mutant,ICN/G,mutant,ICN/GK,mutant,ICN/GKA,mutant,ICNI/GKA,mutant,ICNI/GK,mutant,ARA,wildtype,RA,wildtype,NFSND,mutant
BA069-D0,CVIET,mutant,AICNIT,mutant,ICNI,mutant,ICN,mutant,ISGEAA,mutant,SGEAA,mutant,ICN/G,mutant,ICN/GE,mutant,ICN/GEA,mutant,ICNI/GEA,mutant,ICNI/GE,mutant,AIA,mutant,IA,mutant,NFSND,mutant
BA070-D0,CVIET,mutant,AICNIT|AIRNIT,mixed,ICNI|IRNI,mixed,ICN|IRN,mixed,ISAKAA|ISGEAA,mixed,SAKAA|SGEAA,mixed,ICN/A|ICN/G|IRN/A|IRN/G,mixed,ICN/AK|ICN/GE|IRN/AK|IRN/GE,mixed,ICN/AKA|ICN/GEA|IRN/AKA|IRN/GEA,mixed,ICNI/AKA|ICNI/GEA|IRNI/AKA|IRNI/GEA,mixed,ICNI/AK|ICNI/GE|IRNI/AK|IRNI/GE,mixed,AIA,mutant,IA,mutant,NYSND|NFSND,mixed
BA071-D0,CVMNK,wildtype,AICNIT,mutant,ICNI,mutant,ICN,mutant,ISAKAA,wildtype,SAKAA,wildtype,ICN/A,mutant,ICN/AK,mutant,ICN/AKA,mutant,ICNI/AKA,mutant,ICNI/AK,mutant,ARA,wildtype,RA,wildtype,NFSND,mutant
BA072-D0,CVIET,mutant,AIRNIT,mutant,IRNI,mutant,IRN,mutant,ISAKAA,wildtype,SAKAA,wildtype,IRN/A,mutant,IRN/AK,mutant,IRN/AKA,mutant,IRNI/AKA,mutant,IRNI/AK,mutant,ARA|AIA,mixed,RA|IA,mixed,NYSND|NFSND,mixed
BA073-D0,CVMNK,wildtype,AIRNIT,mutant,IRNI,mutant,IRN,mutant,ISAKAA,wildtype,SAKAA,wildtype,IRN/A,mutant,IRN/AK,mutant,IRN/AKA,mutant,IRNI/AKA,mutant,IRNI/AK,mutant,ARA,wildtype,RA,wildtype,NFSND,mutant
BA074-D0,CVMNK,wildtype,AICNIT,mutant,ICNI,mutant,ICN,mutant,ISGEAA|ISGEGA,mixed,SGEAA|SGEGA,mixed,ICN/G,mutant,ICN/GE,mutant,ICN/GEA|ICN/GEG,mixed,ICNI/GEA|ICNI/GEG,mixed,ICNI/GE,mutant,ARA,wildtype,RA,wildtype,NYSND,wildtype
BA075-D0,CVMNK,wildtype,AICNIT,mutant,ICNI,mutant,ICN,mutant,ISAKAA,wildtype,SAKAA,wildtype,ICN/A,mutant,ICN/AK,mutant,ICN/AKA,mutant,ICNI/AKA,mutant,ICNI/AK,mutant,AIA,mutant,IA,mutant,NFSND,mutant
BA076-D0,CVMNK,wildtype,AICNIT,mutant,ICNI,mutant,ICN,mutant,ISAKAA,wildtype,SAKAA,wildtype,ICN/A,mutant,ICN/AK,mutant,ICN/AKA,mutant,ICNI/AKA,mutant,ICNI/AK,mutant,AIA,mutant,IA,mutant,NFSND,mutant
BA077-D0,CVMNK,wildtype,AIRNIT,mutant,IRNI,mutant,IRN,mutant,ISAKAA,wildtype,SAKAA,wildtype,IRN/A,mutant,IRN/AK,mutant,IRN/AKA,mutant,IRNI/AKA,mutant,IRNI/AK,mutant,ARA,wildtype,RA,wildtype,NFSND,mutant
BA078-D0,CVIET,mutant,AIRNIT,mutant,IRNI,mutant,IRN,mutant,ISAKAA,wildtype,SAKAA,wildtype,IRN/A,mutant,IRN/AK,mutant,IRN/AKA,mutant,IRNI/AKA,mutant,IRNI/AK,mutant,ARA,wildtype,RA,wildtype,NFSND,mutant
BA079-D0,CVMNK,wildtype,AICNIT|AIRNIT,mixed,ICNI|IRNI,mixed,ICN|IRN,mixed,ISGEAA,mutant,SGEAA,mutant,ICN/G|IRN/G,mixed,ICN/GE|IRN/GE,mixed,ICN/GEA|IRN/GEA,mixed,ICNI/GEA|IRNI/GEA,mixed,ICNI/GE|IRNI/GE,mixed,ARA,wildtype,RA,wildtype,NYSND,wildtype
BA081-D0,CVMNK,wildtype,AICNIT|AIRNIT,mixed,ICNI|IRNI,mixed,ICN|IRN,mixed,ISGEAA,mutant,SGEAA,mutant,ICN/G|IRN/G,mixed,ICN/GE|IRN/GE,mixed,ICN/GEA|IRN/GEA,mixed,ICNI/GEA|IRNI/GEA,mixed,ICNI/GE|IRNI/GE,mixed,ARV,mutant,RV,mutant,NFSND,mutant
BA082-D0,CVMNK,wildtype,AICNIT,mutant,ICNI,mutant,ICN,mutant,ISAKAA,wildtype,SAKAA,wildtype,ICN/A,mutant,ICN/AK,mutant,ICN/AKA,mutant,ICNI/AKA,mutant,ICNI/AK,mutant,ARA,wildtype,RA,wildtype,NFSND,mutant
BA083-D0,CVMNK|CVIET,mixed,AICNIT|AIRNIT,mixed,ICNI|IRNI,mixed,ICN|IRN,mixed,ISAKAA,wildtype,SAKAA,wildtype,ICN/A|IRN/A,mixed,ICN/AK|IRN/AK,mixed,ICN/AKA|IRN/AKA,mixed,ICNI/AKA|IRNI/AKA,mixed,ICNI/AK|IRNI/AK,mixed,ARA|AIA,mixed,RA|IA,mixed,NFSND,mutant
BA084-D0,CVIET,mutant,AIRNIT,mutant,IRNI,mutant,IRN,mutant,ISAKAA,wildtype,SAKAA,wildtype,IRN/A,mutant,IRN/AK,mutant,IRN/AKA,mutant,IRNI/AKA,mutant,IRNI/AK,mutant,AIA,mutant,IA,mutant,NYSND,wildtype
BA085-D0,CVMNK,wildtype,AICNIT,mutant,ICNI,mutant,ICN,mutant,ISAKAA|ISGEAA,mixed,SAKAA|SGEAA,mixed,ICN/A|ICN/G,mixed,ICN/AK|ICN/GE,mixed,ICN/AKA|ICN/GEA,mixed,ICNI/AKA|ICNI/GEA,mixed,ICNI/AK|ICNI/GE,mixed,ARA|AIA,mixed,RA|IA,mixed,NFSND,mutant
BA086-D0,CVIET,mutant,AIRNIT,mutant,IRNI,mutant,IRN,mutant,ISAKAA,wildtype,SAKAA,wildtype,IRN/A,mutant,IRN/AK,mutant,IRN/AKA,mutant,IRNI/AKA,mutant,IRNI/AK,mutant,AIA,mutant,IA,mutant,NYSND,wildtype
BA087-D0,CVMNK,wildtype,ANCSIT,wildtype,NCSI,wildtype,NCS,wildtype,ISAKAA,wildtype,SAKAA,wildtype,NCS/A,wildtype,NCS/AK,wildtype,NCS/AKA,wildtype,NCSI/AKA,wildtype,NCSI/AK,wildtype,ARA,wildtype,RA,wildtype,NYSND,wildtype
BA088-D0,CVIET,mutant,AICNIT,mutant,ICNI,mutant,ICN,mutant,ISAKAA,wildtype,SAKAA,wildtype,ICN/A,mutant,ICN/AK,mutant,ICN/AKA,mutant,ICNI/AKA,mutant,ICNI/AK,mutant,SRA,mutant,RA,wildtype,NFSND,mutant
GM001-D0,CVIET,mutant,AICNIT,mutant,ICNI,mutant,ICN,mutant,ISAKAA,wildtype,SAKAA,wildtype,ICN/A,mutant,ICN/AK,mutant,ICN/AKA,mutant,ICNI/AKA,mutant,ICNI/AK,mutant,AIA,mutant,IA,mutant,NFSND,mutant
GM002-D0,CVIET,mutant,AICNIT,mutant,ICNI,mutant,ICN,mutant,ISGEAA,mutant,SGEAA,mutant,ICN/G,mutant,ICN/GE,mutant,ICN/GEA,mutant,ICNI/GEA,mutant,ICNI/GE,mutant,AIA,mutant,IA,mutant,NFSND,mutant
GM003-D0,CVIET,mutant,AICNIT,mutant,ICNI,mutant,ICN,mutant,ISGEAA,mutant,SGEAA,mutant,ICN/G,mutant,ICN/GE,mutant,ICN/GEA,mutant,ICNI/GEA,mutant,ICNI/GE,mutant,AIA,mutant,IA,mutant,NFSND,mutant
GM004-D0,CVIET,mutant,AIRNIT,mutant,IRNI,mutant,IRN,mutant,ISGEAA,mutant,SGEAA,mutant,IRN/G,mutant,IRN/GE,mutant,IRN/GEA,mutant,IRNI/GEA,mutant,IRNI/GE,mutant,AIA,mutant,IA,mutant,NFSND,mutant
GM005-D0,CVIET,mutant,AIRNIT,mutant,IRNI,mutant,IRN,mutant,ISGEAA,mutant,SGEAA,mutant,IRN/G,mutant,IRN/GE,mutant,IRN/GEA,mutant,IRNI/GEA,mutant,IRNI/GE,mutant,ARA,wildtype,RA,wildtype,NFSND,mutant
GM006-D0,CVIET,mutant,AICNIT,mutant,ICNI,mutant,ICN,mutant,ISGEAA,mutant,SGEAA,mutant,ICN/G,mutant,ICN/GE,mutant,ICN/GEA,mutant,ICNI/GEA,mutant,ICNI/GE,mutant,AIA,mutant,IA,mutant,NFSND,mutant
GM007-D0,CVIET,mutant,AICNIT,mutant,ICNI,mutant,ICN,mutant,ISAKAA,wildtype,SAKAA,wildtype,ICN/A,mutant,ICN/AK,mutant,ICN/AKA,mutant,ICNI/AKA,mutant,ICNI/AK,mutant,ARA,wildtype,RA,wildtype,NFSND,mutant
GM008-D0,CVMNK|CVIET,mixed,AICNIT,mutant,ICNI,mutant,ICN,mutant,ISGEAA,mutant,SGEAA,mutant,ICN/G,mutant,ICN/GE,mutant,ICN/GEA,mutant,ICNI/GEA,mutant,ICNI/GE,mutant,AIA,mutant,IA,mutant,NFSND,mutant
GM009-D0,CVIET,mutant,AICNIT|AIRNIT,mixed,ICNI|IRNI,mixed,ICN|IRN,mixed,ISGEAA,mutant,SGEAA,mutant,ICN/G|IRN/G,mixed,ICN/GE|IRN/GE,mixed,ICN/GEA|IRN/GEA,mixed,ICNI/GEA|IRNI/GEA,mixed,ICNI/GE|IRNI/GE,mixed,ARA|AIA,mixed,RA|IA,mixed,NFSND,mutant
GM010-D0,CVIET,mutant,AICNIT,mutant,ICNI,mutant,ICN,mutant,ISAKAA|ISGEAA,mixed,SAKAA|SGEAA,mixed,ICN/A|ICN/G,mixed,ICN/AK|ICN/GE,mixed,ICN/AKA|ICN/GEA,mixed,ICNI/AKA|ICNI/GEA,mixed,ICNI/AK|ICNI/GE,mixed,AIA,mutant,IA,mutant,NFSND,mutant
GM011-D0,CVIET,mutant,AICNIT,mutant,ICNI,mutant,ICN,mutant,ISGEAA,mutant,SGEAA,mutant,ICN/G,mutant,ICN/GE,mutant,ICN/GEA,mutant,ICNI/GEA,mutant,ICNI/GE,mutant,AIA,mutant,IA,mutant,NFSND,mutant
GM011-D14,CVMNK,wildtype,AICNIT,mutant,ICNI,mutant,ICN,mutant,ISGEAA,mutant,SGEAA,mutant,ICN/G,mutant,ICN/GE,mutant,ICN/GEA,mutant,ICNI/GEA,mutant,ICNI/GE,mutant,AIA,mutant,IA,mutant,NFSND,mutant
GM012-D0,CVIET,mutant,AICNIT,mutant,ICNI,mutant,ICN,mutant,ISGEAA,mutant,SGEAA,mutant,ICN/G,mutant,ICN/GE,mutant,ICN/GEA,mutant,ICNI/GEA,mutant,ICNI/GE,mutant,AIA,mutant,IA,mutant,NFSND,mutant
GM013-D0,CVIET,mutant,AICNIT,mutant,ICNI,mutant,ICN,mutant,ISGEAA,mutant,SGEAA,mutant,ICN/G,mutant,ICN/GE,mutant,ICN/GEA,mutant,ICNI/GEA,mutant,ICNI/GE,mutant,ARA,wildtype,RA,wildtype,NFSND,mutant
GM014-D0,CVIET,mutant,AICNIT,mutant,ICNI,mutant,ICN,mutant,ISGEAA,mutant,SGEAA,mutant,ICN/G,mutant,ICN/GE,mutant,ICN/GEA,mutant,ICNI/GEA,mutant,ICNI/GE,mutant,ARA,wildtype,RA,wildtype,NFSND,mutant
GM015-D0,CVMNK,wildtype,AICNIT,mutant,ICNI,mutant,ICN,mutant,ISGEAA,mutant,SGEAA,mutant,ICN/G,mutant,ICN/GE,mutant,ICN/GEA,mutant,ICNI/GEA,mutant,ICNI/GE,mutant,ARA,wildtype,RA,wildtype,NFSND,mutant
GM016-D0,CVIET,mutant,AICNIT,mutant,ICNI,mutant,ICN,mutant,ISGEAA,mutant,SGEAA,mutant,ICN/G,mutant,ICN/GE,mutant,ICN/GEA,mutant,ICNI/GEA,mutant,ICNI/GE,mutant,ARA,wildtype,RA,wildtype,NFSND,mutant
GM017-D0,CVIET,mutant,AIRNIT,mutant,IRNI,mutant,IRN,mutant,ISGEAA,mutant,SGEAA,mutant,IRN/G,mutant,IRN/GE,mutant,IRN/GEA,mutant,IRNI/GEA,mutant,IRNI/GE,mutant,AIA,mutant,IA,mutant,NFSND,mutant
GM018-D0,CVIET,mutant,AICNIT,mutant,ICNI,mutant,ICN,mutant,ISAKAA,wildtype,SAKAA,wildtype,ICN/A,mutant,ICN/AK,mutant,ICN/AKA,mutant,ICNI/AKA,mutant,ICNI/AK,mutant,ARA,wildtype,RA,wildtype,NFSND,mutant
GM019-D0,CVIET,mutant,AICNIT,mutant,ICNI,mutant,ICN,mutant,ISGEAA,mutant,SGEAA,mutant,ICN/G,mutant,ICN/GE,mutant,ICN/GEA,mutant,ICNI/GEA,mutant,ICNI/GE,mutant,AIA,mutant,IA,mutant,NFSND,mutant
GM020-D0,CVIET,mutant,AICNIT,mutant,ICNI,mutant,ICN,mutant,ISGEAA,mutant,SGEAA,mutant,ICN/G,mutant,ICN/GE,mutant,ICN/GEA,mutant,ICNI/GEA,mutant,ICNI/GE,mutant,ARA,wildtype,RA,wildtype,NFSND,mutant
GM021-D0,CVIET,mutant,AIRNIT,mutant,IRNI,mutant,IRN,mutant,ISGEAA,mutant,SGEAA,mutant,IRN/G,mutant,IRN/GE,mutant,IRN/GEA,mutant,IRNI/GEA,mutant,IRNI/GE,mutant,ARA,wildtype,RA,wildtype,NFSND,mutant
GM022-D0,CVIET,mutant,AICNIT,mutant,ICNI,mutant,ICN,mutant,ISGEAA,mutant,SGEAA,mutant,ICN/G,mutant,ICN/GE,mutant,ICN/GEA,mutant,ICNI/GEA,mutant,ICNI/GE,mutant,ARA,wildtype,RA,wildtype,NFSND,mutant
GM023-D0,CVMNK|CVIET,mixed,AICNIT|AIRNIT,mixed,ICNI|IRNI,mixed,ICN|IRN,mixed,ISGEAA,mutant,SGEAA,mutant,ICN/G|IRN/G,mixed,ICN/GE|IRN/GE,mixed,ICN/GEA|IRN/GEA,mixed,ICNI/GEA|IRNI/GEA,mixed,ICNI/GE|IRNI/GE,mixed,ARA|AIA,mixed,RA|IA,mixed,NFSND,mutant
GM024-D0,CVIET,mutant,AIRNIT,mutant,IRNI,mutant,IRN,mutant,ISAKAA,wildtype,SAKAA,wildtype,IRN/A,mutant,IRN/AK,mutant,IRN/AKA,mutant,IRNI/AKA,mutant,IRNI/AK,mutant,ARA,wildtype,RA,wildtype,NFSND,mutant
GM025-D0,CVMNK,wildtype,AIRNIT,mutant,IRNI,mutant,IRN,mutant,ISAKAA,wildtype,SAKAA,wildtype,IRN/A,mutant,IRN/AK,mutant,IRN/AKA,mutant,IRNI/AKA,mutant,IRNI/AK,mutant,AIA,mutant,IA,mutant,NFSND,mutant
GM026-D0,CVIET,mutant,AIRNIT,mutant,IRNI,mutant,IRN,mutant,ISAKAA,wildtype,SAKAA,wildtype,IRN/A,mutant,IRN/AK,mutant,IRN/AKA,mutant,IRNI/AKA,mutant,IRNI/AK,mutant,ARA,wildtype,RA,wildtype,NFSND,mutant
GM027-D0,CVMNK,wildtype,AICNIT,mutant,ICNI,mutant,ICN,mutant,ISGEAA,mutant,SGEAA,mutant,ICN/G,mutant,ICN/GE,mutant,ICN/GEA,mutant,ICNI/GEA,mutant,ICNI/GE,mutant,AIA,mutant,IA,mutant,NFSND,mutant
GM027-D21,CVMNK,wildtype,AICNIT,mutant,ICNI,mutant,ICN,mutant,ISGEAA,mutant,SGEAA,mutant,ICN/G,mutant,ICN/GE,mutant,ICN/GEA,mutant,ICNI/GEA,mutant,ICNI/GE,mutant,AIA,mutant,IA,mutant,NFSND,mutant
GM028-D0,CVIET,mutant,AICNIT,mutant,ICNI,mutant,ICN,mutant,ISGEAA,mutant,SGEAA,mutant,ICN/G,mutant,ICN/GE,mutant,ICN/GEA,mutant,ICNI/GEA,mutant,ICNI/GE,mutant,AIA,mutant,IA,mutant,NFSND,mutant
GM029-D0,CVMNK,wildtype,AICNIT,mutant,ICNI,mutant,ICN,mutant,ISGEAA,mutant,SGEAA,mutant,ICN/G,mutant,ICN/GE,mutant,ICN/GEA,mutant,ICNI/GEA,mutant,ICNI/GE,mutant,AIA,mutant,IA,mutant,NFSND,mutant
GM030-D0,CVIET,mutant,AICNIT,mutant,ICNI,mutant,ICN,mutant,ISGEAA,mutant,SGEAA,mutant,ICN/G,mutant,ICN/GE,mutant,ICN/GEA,mutant,ICNI/GEA,mutant,ICNI/GE,mutant,ARA,wildtype,RA,wildtype,NFSND,mutant
GM031-D0,CVIET,mutant,AICNIT,mutant,ICNI,mutant,ICN,mutant,ISGEAA,mutant,SGEAA,mutant,ICN/G,mutant,ICN/GE,mutant,ICN/GEA,mutant,ICNI/GEA,mutant,ICNI/GE,mutant,ARA,wildtype,RA,wildtype,NFSND,mutant
GM032-D0,CVMNK,wildtype,AIRNIT,mutant,IRNI,mutant,IRN,mutant,ISGEAA,mutant,SGEAA,mutant,IRN/G,mutant,IRN/GE,mutant,IRN/GEA,mutant,IRNI/GEA,mutant,IRNI/GE,mutant,ARA,wildtype,RA,wildtype,NFSND,mutant
GM033-D0,CVIET,mutant,AICNIT,mutant,ICNI,mutant,ICN,mutant,ISGEAA,mutant,SGEAA,mutant,ICN/G,mutant,ICN/GE,mutant,ICN/GEA,mutant,ICNI/GEA,mutant,ICNI/GE,mutant,AIA,mutant,IA,mutant,NFSND,mutant
GM034-D0,CVIET,mutant,AIRNIT,mutant,IRNI,mutant,IRN,mutant,ISGEAA,mutant,SGEAA,mutant,IRN/G,mutant,IRN/GE,mutant,IRN/GEA,mutant,IRNI/GEA,mutant,IRNI/GE,mutant,ARA,wildtype,RA,wildtype,NFSND,mutant
GM035-D0,CVIET,mutant,AICNIT,mutant,ICNI,mutant,ICN,mutant,ISGEAA,mutant,SGEAA,mutant,ICN/G,mutant,ICN/GE,mutant,ICN/GEA,mutant,ICNI/GEA,mutant,ICNI/GE,mutant,AIA,mutant,IA,mutant,NFSND,mutant
GM036-D0,CVIET,mutant,AICNIT,mutant,ICNI,mutant,ICN,mutant,ISGEAA,mutant,SGEAA,mutant,ICN/G,mutant,ICN/GE,mutant,ICN/GEA,mutant,ICNI/GEA,mutant,ICNI/GE,mutant,AIA,mutant,IA,mutant,NFSND,mutant
GM037-D0,CVIET,mutant,AIRNIT,mutant,IRNI,mutant,IRN,mutant,ISGEGA,mutant,SGEGA,mutant,IRN/G,mutant,IRN/GE,mutant,IRN/GEG,mutant,IRNI/GEG,mutant,IRNI/GE,mutant,ARA,wildtype,RA,wildtype,NFSND,mutant
GM038-D0,CVIET,mutant,AICNIT,mutant,ICNI,mutant,ICN,mutant,ISGEAA,mutant,SGEAA,mutant,ICN/G,mutant,ICN/GE,mutant,ICN/GEA,mutant,ICNI/GEA,mutant,ICNI/GE,mutant,ARA,wildtype,RA,wildtype,NFSND,mutant
GM039-D0,CVIET,mutant,AICNIT,mutant,ICNI,mutant,ICN,mutant,ISGEAA,mutant,SGEAA,mutant,ICN/G,mutant,ICN/GE,mutant,ICN/GEA,mutant,ICNI/GEA,mutant,ICNI/GE,mutant,ARA,wildtype,RA,wildtype,NFSND,mutant
GM040-D0,CVIET,mutant,AICNIT,mutant,ICNI,mutant,ICN,mutant,ISGEAA,mutant,SGEAA,mutant,ICN/G,mutant,ICN/GE,mutant,ICN/GEA,mutant,ICNI/GEA,mutant,ICNI/GE,mutant,AIA,mutant,IA,mutant,NFSND,mutant
GM041-D0,CVMNK|CVIET,mixed,AICNIT,mutant,ICNI,mutant,ICN,mutant,ISAKAA|ISGEAA,mixed,SAKAA|SGEAA,mixed,ICN/A|ICN/G,mixed,ICN/AK|ICN/GE,mixed,ICN/AKA|ICN/GEA,mixed,ICNI/AKA|ICNI/GEA,mixed,ICNI/AK|ICNI/GE,mixed,ARA|AIA,mixed,RA|IA,mixed,NYSND|NFSND,mixed
GM042-D0,CVIET,mutant,AICNIT,mutant,ICNI,mutant,ICN,mutant,ISGEAA,mutant,SGEAA,mutant,ICN/G,mutant,ICN/GE,mutant,ICN/GEA,mutant,ICNI/GEA,mutant,ICNI/GE,mutant,AIA,mutant,IA,mutant,NFSND,mutant
GM043-D0,CVIET,mutant,AIRNIT,mutant,IRNI,mutant,IRN,mutant,ISGEAA,mutant,SGEAA,mutant,IRN/G,mutant,IRN/GE,mutant,IRN/GEA,mutant,IRNI/GEA,mutant,IRNI/GE,mutant,AIA,mutant,IA,mutant,NFSND,mutant
GM044-D0,CVIET,mutant,AICNIT,mutant,ICNI,mutant,ICN,mutant,ISGEAA,mutant,SGEAA,mutant,ICN/G,mutant,ICN/GE,mutant,ICN/GEA,mutant,ICNI/GEA,mutant,ICNI/GE,mutant,AIA,mutant,IA,mutant,NYSND|NFSND,mixed
GM045-D0,CVMNK,wildtype,AICNIT|AIRNIT,mixed,ICNI|IRNI,mixed,ICN|IRN,mixed,ISAKAA|ISGEAA,mixed,SAKAA|SGEAA,mixed,ICN/A|ICN/G|IRN/A|IRN/G,mixed,ICN/AK|ICN/GE|IRN/AK|IRN/GE,mixed,ICN/AKA|ICN/GEA|IRN/AKA|IRN/GEA,mixed,ICNI/AKA|ICNI/GEA|IRNI/AKA|IRNI/GEA,mixed,ICNI/AK|ICNI/GE|IRNI/AK|IRNI/GE,mixed,ARA|AIA,mixed,RA|IA,mixed,NFSND,mutant
GM045-D21,CVMNK,wildtype,AIRNIT,mutant,IRNI,mutant,IRN,mutant,ISGEAA,mutant,SGEAA,mutant,IRN/G,mutant,IRN/GE,mutant,IRN/GEA,mutant,IRNI/GEA,mutant,IRNI/GE,mutant,AIA,mutant,IA,mutant,NFSND,mutant
GM046-D0,CVMNK,wildtype,AICNIT,mutant,ICNI,mutant,ICN,mutant,ISGEAA,mutant,SGEAA,mutant,ICN/G,mutant,ICN/GE,mutant,ICN/GEA,mutant,ICNI/GEA,mutant,ICNI/GE,mutant,AIA,mutant,IA,mutant,NFSND,mutant
GM046-D28,CVMNK,wildtype,AICNIT,mutant,ICNI,mutant,ICN,mutant,ISGEAA,mutant,SGEAA,mutant,ICN/G,mutant,ICN/GE,mutant,ICN/GEA,mutant,ICNI/GEA,mutant,ICNI/GE,mutant,AIA,mutant,IA,mutant,NFSND,mutant
GM047-D0,CVIET,mutant,AICNIT,mutant,ICNI,mutant,ICN,mutant,ISGEAA,mutant,SGEAA,mutant,ICN/G,mutant,ICN/GE,mutant,ICN/GEA,mutant,ICNI/GEA,mutant,ICNI/GE,mutant,ARA,wildtype,RA,wildtype,NFSND,mutant
GM048-D0,CVIET,mutant,AICNIT,mutant,ICNI,mutant,ICN,mutant,ISGEAA,mutant,SGEAA,mutant,ICN/G,mutant,ICN/GE,mutant,ICN/GEA,mutant,ICNI/GEA,mutant,ICNI/GE,mutant,ARA,wildtype,RA,wildtype,NFSND,mutant
GM049-D0,CVMNK,wildtype,AICNIT,mutant,ICNI,mutant,ICN,mutant,ISGEAA,mutant,SGEAA,mutant,ICN/G,mutant,ICN/GE,mutant,ICN/GEA,mutant,ICNI/GEA,mutant,ICNI/GE,mutant,ARA,wildtype,RA,wildtype,NFSND,mutant
GM050-D0,CVIET,mutant,AICNIT,mutant,ICNI,mutant,ICN,mutant,ISGEAA,mutant,SGEAA,mutant,ICN/G,mutant,ICN/GE,mutant,ICN/GEA,mutant,ICNI/GEA,mutant,ICNI/GE,mutant,ARA|AIA,mixed,RA|IA,mixed,NFSND,mutant
GM051-D0,CVIET,mutant,AICNIT,mutant,ICNI,mutant,ICN,mutant,ISGEAA,mutant,SGEAA,mutant,ICN/G,mutant,ICN/GE,mutant,ICN/GEA,mutant,ICNI/GEA,mutant,ICNI/GE,mutant,ARA,wildtype,RA,wildtype,NFSND,mutant
GM052-D0,CVIET,mutant,AICNIT,mutant,ICNI,mutant,ICN,mutant,ISGEAA,mutant,SGEAA,mutant,ICN/G,mutant,ICN/GE,mutant,ICN/GEA,mutant,ICNI/GEA,mutant,ICNI/GE,mutant,AIA,mutant,IA,mutant,NFSND,mutant
GM053-D0,CVIET,mutant,AIRNIT,mutant,IRNI,mutant,IRN,mutant,ISGEAA,mutant,SGEAA,mutant,IRN/G,mutant,IRN/GE,mutant,IRN/GEA,mutant,IRNI/GEA,mutant,IRNI/GE,mutant,AIA,mutant,IA,mutant,NFSND,mutant
GM054-D0,CVIET,mutant,AIRNIT,mutant,IRNI,mutant,IRN,mutant,ISGEAA,mutant,SGEAA,mutant,IRN/G,mutant,IRN/GE,mutant,IRN/GEA,mutant,IRNI/GEA,mutant,IRNI/GE,mutant,ARA,wildtype,RA,wildtype,NFSND,mutant
GM055-D0,CVMNK,wildtype,AICNIT,mutant,ICNI,mutant,ICN,mutant,ISGEAA,mutant,SGEAA,mutant,ICN/G,mutant,ICN/GE,mutant,ICN/GEA,mutant,ICNI/GEA,mutant,ICNI/GE,mutant,AIA,mutant,IA,mutant,NFSND,mutant
GM056-D0,CVIET,mutant,AICNIT,mutant,ICNI,mutant,ICN,mutant,ISGEAA,mutant,SGEAA,mutant,ICN/G,mutant,ICN/GE,mutant,ICN/GEA,mutant,ICNI/GEA,mutant,ICNI/GE,mutant,AIA,mutant,IA,mutant,NFSND,mutant
GM057-D0,CVIET,mutant,AIRNIT,mutant,IRNI,mutant,IRN,mutant,ISGEGA,mutant,SGEGA,mutant,IRN/G,mutant,IRN/GE,mutant,IRN/GEG,mutant,IRNI/GEG,mutant,IRNI/GE,mutant,ARA,wildtype,RA,wildtype,NFSND,mutant
GM058-D0,CVIET,mutant,AIRNIT,mutant,IRNI,mutant,IRN,mutant,ISGEAA,mutant,SGEAA,mutant,IRN/G,mutant,IRN/GE,mutant,IRN/GEA,mutant,IRNI/GEA,mutant,IRNI/GE,mutant,ARA,wildtype,RA,wildtype,NFSND,mutant
GM059-D0,CVIET,mutant,AICNIT,mutant,ICNI,mutant,ICN,mutant,ISGEAA,mutant,SGEAA,mutant,ICN/G,mutant,ICN/GE,mutant,ICN/GEA,mutant,ICNI/GEA,mutant,ICNI/GE,mutant,AIA,mutant,IA,mutant,NFSND,mutant
GM060-D0,CVIET,mutant,AIRNIT,mutant,IRNI,mutant,IRN,mutant,ISGEAA,mutant,SGEAA,mutant,IRN/G,mutant,IRN/GE,mutant,IRN/GEA,mutant,IRNI/GEA,mutant,IRNI/GE,mutant,ARA,wildtype,RA,wildtype,NFSND,mutant
GM061-D0,CVIET,mutant,AICNIT,mutant,ICNI,mutant,ICN,mutant,ISGEAA,mutant,SGEAA,mutant,ICN/G,mutant,ICN/GE,mutant,ICN/GEA,mutant,ICNI/GEA,mutant,ICNI/GE,mutant,AIA,mutant,IA,mutant,NFSND,mutant
GM062-D0,CVIET,mutant,AICNIT,mutant,ICNI,mutant,ICN,mutant,ISGEAA,mutant,SGEAA,mutant,ICN/G,mutant,ICN/GE,mutant,ICN/GEA,mutant,ICNI/GEA,mutant,ICNI/GE,mutant,ARA,wildtype,RA,wildtype,NFSND,mutant
GM063-D0,CVIET,mutant,AICNIT,mutant,ICNI,mutant,ICN,mutant,ISGEAA,mutant,SGEAA,mutant,ICN/G,mutant,ICN/GE,mutant,ICN/GEA,mutant,ICNI/GEA,mutant,ICNI/GE,mutant,ARA|AIA,mixed,RA|IA,mixed,NFSND,mutant
GM063-D21,CVMNK,wildtype,AIRNIT,mutant,IRNI,mutant,IRN,mutant,ISGEAA,mutant,SGEAA,mutant,IRN/G,mutant,IRN/GE,mutant,IRN/GEA,mutant,IRNI/GEA,mutant,IRNI/GE,mutant,ARA,wildtype,RA,wildtype,NFSND,mutant
GM064-D0,CVIET,mutant,AIRNIT,mutant,IRNI,mutant,IRN,mutant,ISGEAA,mutant,SGEAA,mutant,IRN/G,mutant,IRN/GE,mutant,IRN/GEA,mutant,IRNI/GEA,mutant,IRNI/GE,mutant,AIA,mutant,IA,mutant,NFSND,mutant
GM065-D0,CVIET,mutant,AICNIT,mutant,ICNI,mutant,ICN,mutant,ISGEAA,mutant,SGEAA,mutant,ICN/G,mutant,ICN/GE,mutant,ICN/GEA,mutant,ICNI/GEA,mutant,ICNI/GE,mutant,AIA,mutant,IA,mutant,NFSND,mutant
GM066-D0,CVIET,mutant,AIRNIT,mutant,IRNI,mutant,IRN,mutant,ISGEAA,mutant,SGEAA,mutant,IRN/G,mutant,IRN/GE,mutant,IRN/GEA,mutant,IRNI/GEA,mutant,IRNI/GE,mutant,ARA|AIA,mixed,RA|IA,mixed,NFSND,mutant
GM067-D0,CVIET,mutant,AICNIT,mutant,ICNI,mutant,ICN,mutant,ISGEAA,mutant,SGEAA,mutant,ICN/G,mutant,ICN/GE,mutant,ICN/GEA,mutant,ICNI/GEA,mutant,ICNI/GE,mutant,AIA,mutant,IA,mutant,NFSND,mutant
GM068-D0,CVMNK,wildtype,AICNIT,mutant,ICNI,mutant,ICN,mutant,ISGEAA,mutant,SGEAA,mutant,ICN/G,mutant,ICN/GE,mutant,ICN/GEA,mutant,ICNI/GEA,mutant,ICNI/GE,mutant,ARA|AIA,mixed,RA|IA,mixed,NFSND,mutant
GM069-D0,CVIET,mutant,AICNIT,mutant,ICNI,mutant,ICN,mutant,ISGEAA,mutant,SGEAA,mutant,ICN/G,mutant,ICN/GE,mutant,ICN/GEA,mutant,ICNI/GEA,mutant,ICNI/GE,mutant,AIA,mutant,IA,mutant,NFSND,mutant
GM070-D0,CVMNK,wildtype,AICNIT,mutant,ICNI,mutant,ICN,mutant,ISGEAA,mutant,SGEAA,mutant,ICN/G,mutant,ICN/GE,mutant,ICN/GEA,mutant,ICNI/GEA,mutant,ICNI/GE,mutant,ARA,wildtype,RA,wildtype,NFSND,mutant
GM070-D28,CVMNK,wildtype,AICNIT,mutant,ICNI,mutant,ICN,mutant,ISGEAA,mutant,SGEAA,mutant,ICN/G,mutant,ICN/GE,mutant,ICN/GEA,mutant,ICNI/GEA,mutant,ICNI/GE,mutant,ARA,wildtype,RA,wildtype,NFSND,mutant
GM071-D0,CVIET,mutant,AICNIT,mutant,ICNI,mutant,ICN,mutant,ISGEAA,mutant,SGEAA,mutant,ICN/G,mutant,ICN/GE,mutant,ICN/GEA,mutant,ICNI/GEA,mutant,ICNI/GE,mutant,AIA,mutant,IA,mutant,NFSND,mutant
GM072-D0,CVIET,mutant,AICNIT,mutant,ICNI,mutant,ICN,mutant,ISGEAA,mutant,SGEAA,mutant,ICN/G,mutant,ICN/GE,mutant,ICN/GEA,mutant,ICNI/GEA,mutant,ICNI/GE,mutant,ARA,wildtype,RA,wildtype,NFSND,mutant
GM073-D0,CVIET,mutant,AICNIT,mutant,ICNI,mutant,ICN,mutant,ISGEAA,mutant,SGEAA,mutant,ICN/G,mutant,ICN/GE,mutant,ICN/GEA,mutant,ICNI/GEA,mutant,ICNI/GE,mutant,AIA,mutant,IA,mutant,NFSND,mutant
GM074-D0,CVIET,mutant,AICNIT,mutant,ICNI,mutant,ICN,mutant,ISGEAA,mutant,SGEAA,mutant,ICN/G,mutant,ICN/GE,mutant,ICN/GEA,mutant,ICNI/GEA,mutant,ICNI/GE,mutant,ARA|AIA,mixed,RA|IA,mixed,NFSND,mutant
GM075-D0,CVIET,mutant,AICNIT,mutant,ICNI,mutant,ICN,mutant,ISGEAA,mutant,SGEAA,mutant,ICN/G,mutant,ICN/GE,mutant,ICN/GEA,mutant,ICNI/GEA,mutant,ICNI/GE,mutant,ARA,wildtype,RA,wildtype,NFSND,mutant
GM076-D0,CVMNK,wildtype,AICNIT,mutant,ICNI,mutant,ICN,mutant,ISGEAA,mutant,SGEAA,mutant,ICN/G,mutant,ICN/GE,mutant,ICN/GEA,mutant,ICNI/GEA,mutant,ICNI/GE,mutant,ARA|AIA,mixed,RA|IA,mixed,NFSND,mutant
GM076-D21,CVMNK,wildtype,AICNIT,mutant,ICNI,mutant,ICN,mutant,ISGEAA,mutant,SGEAA,mutant,ICN/G,mutant,ICN/GE,mutant,ICN/GEA,mutant,ICNI/GEA,mutant,ICNI/GE,mutant,AIA,mutant,IA,mutant,NFSND,mutant
GM077-D0,CVIET,mutant,AICNIT,mutant,ICNI,mutant,ICN,mutant,ISGEAA,mutant,SGEAA,mutant,ICN/G,mutant,ICN/GE,mutant,ICN/GEA,mutant,ICNI/GEA,mutant,ICNI/GE,mutant,AIA,mutant,IA,mutant,NFSND,mutant
GM078-D0,CVMNK|CVIET,mixed,AICNIT,mutant,ICNI,mutant,ICN,mutant,ISGEAA,mutant,SGEAA,mutant,ICN/G,mutant,ICN/GE,mutant,ICN/GEA,mutant,ICNI/GEA,mutant,ICNI/GE,mutant,ARA,wildtype,RA,wildtype,NFSND,mutant
GM079-D0,CVIET,mutant,AIRNIT,mutant,IRNI,mutant,IRN,mutant,ISGEAA,mutant,SGEAA,mutant,IRN/G,mutant,IRN/GE,mutant,IRN/GEA,mutant,IRNI/GEA,mutant,IRNI/GE,mutant,AIA,mutant,IA,mutant,NFSND,mutant
GM080-D0,CVIET,mutant,AICNIT,mutant,ICNI,mutant,ICN,mutant,ISGEAA,mutant,SGEAA,mutant,ICN/G,mutant,ICN/GE,mutant,ICN/GEA,mutant,ICNI/GEA,mutant,ICNI/GE,mutant,ARA,wildtype,RA,wildtype,NFSND,mutant
GM081-D0,CVIET,mutant,AIRNIT,mutant,IRNI,mutant,IRN,mutant,ISAKAA|ISGEAA,mixed,SAKAA|SGEAA,mixed,IRN/A|IRN/G,mixed,IRN/AK|IRN/GE,mixed,IRN/AKA|IRN/GEA,mixed,IRNI/AKA|IRNI/GEA,mixed,IRNI/AK|IRNI/GE,mixed,ARA|AIA,mixed,RA|IA,mixed,NFSND,mutant
GM082-D0,CVIET,mutant,AICNIT,mutant,ICNI,mutant,ICN,mutant,ISGEAA,mutant,SGEAA,mutant,ICN/G,mutant,ICN/GE,mutant,ICN/GEA,mutant,ICNI/GEA,mutant,ICNI/GE,mutant,ARA,wildtype,RA,wildtype,NFSND,mutant
GM082-D21,CVIET,mutant,AICNIT,mutant,ICNI,mutant,ICN,mutant,ISAKAA,wildtype,SAKAA,wildtype,ICN/A,mutant,ICN/AK,mutant,ICN/AKA,mutant,ICNI/AKA,mutant,ICNI/AK,mutant,ARA,wildtype,RA,wildtype,NFSND,mutant
GM083-D0,CVMNK|CVIET,mixed,AIRNIT,mutant,IRNI,mutant,IRN,mutant,IFGEAS|ISGEAA,mixed,FGEAS|SGEAA,mixed,IRN/G,mutant,IRN/GE,mutant,IRN/GEA,mutant,IRNI/GEA,mutant,IRNI/GE,mutant,ARA|AIA,mixed,RA|IA,mixed,NYSND|FYSND|YFSND,mixed
GM084-D0,CVIET,mutant,AICNIT|AIRNIT,mixed,ICNI|IRNI,mixed,ICN|IRN,mixed,ISGEAA,mutant,SGEAA,mutant,ICN/G|IRN/G,mixed,ICN/GE|IRN/GE,mixed,ICN/GEA|IRN/GEA,mixed,ICNI/GEA|IRNI/GEA,mixed,ICNI/GE|IRNI/GE,mixed,AIA,mutant,IA,mutant,NFSND,mutant
GM085-D0,CVMNK,wildtype,AIRNIT,mutant,IRNI,mutant,IRN,mutant,ISGEAA,mutant,SGEAA,mutant,IRN/G,mutant,IRN/GE,mutant,IRN/GEA,mutant,IRNI/GEA,mutant,IRNI/GE,mutant,AIA,mutant,IA,mutant,NFSND,mutant
GM086-D0,CVIET,mutant,AICNIT,mutant,ICNI,mutant,ICN,mutant,ISGEAA,mutant,SGEAA,mutant,ICN/G,mutant,ICN/GE,mutant,ICN/GEA,mutant,ICNI/GEA,mutant,ICNI/GE,mutant,ARA,wildtype,RA,wildtype,NFSND,mutant
GM087-D0,CVMNK,wildtype,AIRNIT,mutant,IRNI,mutant,IRN,mutant,ISGEAA,mutant,SGEAA,mutant,IRN/G,mutant,IRN/GE,mutant,IRN/GEA,mutant,IRNI/GEA,mutant,IRNI/GE,mutant,ARA,wildtype,RA,wildtype,NFSND,mutant
GM088-D0,CVIET,mutant,AIRNIT,mutant,IRNI,mutant,IRN,mutant,ISAKAA,wildtype,SAKAA,wildtype,IRN/A,mutant,IRN/AK,mutant,IRN/AKA,mutant,IRNI/AKA,mutant,IRNI/AK,mutant,ARA,wildtype,RA,wildtype,NFSND,mutant
GM089-D0,CVMNK|CVIET,mixed,AICNIT,mutant,ICNI,mutant,ICN,mutant,ISGEAA,mutant,SGEAA,mutant,ICN/G,mutant,ICN/GE,mutant,ICN/GEA,mutant,ICNI/GEA,mutant,ICNI/GE,mutant,ARA|AIA,mixed,RA|IA,mixed,NFSND,mutant
MM001-D0,CVIET,mutant,AIRNIT,mutant,IRNI,mutant,IRN,mutant,ISGEAA,mutant,SGEAA,mutant,IRN/G,mutant,IRN/GE,mutant,IRN/GEA,mutant,IRNI/GEA,mutant,IRNI/GE,mutant,ARA,wildtype,RA,wildtype,NFSND,mutant
MM002-D0,CVMNK,wildtype,ANCSIT,wildtype,NCSI,wildtype,NCS,wildtype,ISGEAA,mutant,SGEAA,mutant,NCS/G,mutant,NCS/GE,mutant,NCS/GEA,mutant,NCSI/GEA,mutant,NCSI/GE,mutant,ARA,wildtype,RA,wildtype,NFSND,mutant
MM004-D0,CVIET,mutant,AIRNIT,mutant,IRNI,mutant,IRN,mutant,ISGEAA,mutant,SGEAA,mutant,IRN/G,mutant,IRN/GE,mutant,IRN/GEA,mutant,IRNI/GEA,mutant,IRNI/GE,mutant,ARA,wildtype,RA,wildtype,NFSND,mutant
MM005-D0,CVMNK,wildtype,AICNIT|AIRNIT,mixed,ICNI|IRNI,mixed,ICN|IRN,mixed,ISAKAA|ISGEAA,mixed,SAKAA|SGEAA,mixed,ICN/A|ICN/G|IRN/A|IRN/G,mixed,ICN/AK|ICN/GE|IRN/AK|IRN/GE,mixed,ICN/AKA|ICN/GEA|IRN/AKA|IRN/GEA,mixed,ICNI/AKA|ICNI/GEA|IRNI/AKA|IRNI/GEA,mixed,ICNI/AK|ICNI/GE|IRNI/AK|IRNI/GE,mixed,ARA,wildtype,RA,wildtype,NFSND,mutant
MM006-D0,CVMNK,wildtype,AICNIT|AIRNIT,mixed,ICNI|IRNI,mixed,ICN|IRN,mixed,ISGEAA,mutant,SGEAA,mutant,ICN/G|IRN/G,mixed,ICN/GE|IRN/GE,mixed,ICN/GEA|IRN/GEA,mixed,ICNI/GEA|IRNI/GEA,mixed,ICNI/GE|IRNI/GE,mixed,ARA,wildtype,RA,wildtype,NYSND|NFSND,mixed
MM007-D0,CVIET,mutant,AICNIT|AIRNIT,mixed,ICNI|IRNI,mixed,ICN|IRN,mixed,ISAKAA|ISGEAA,mixed,SAKAA|SGEAA,mixed,ICN/A|ICN/G|IRN/A|IRN/G,mixed,ICN/AK|ICN/GE|IRN/AK|IRN/GE,mixed,ICN/AKA|ICN/GEA|IRN/AKA|IRN/GEA,mixed,ICNI/AKA|ICNI/GEA|IRNI/AKA|IRNI/GEA,mixed,ICNI/AK|ICNI/GE|IRNI/AK|IRNI/GE,mixed,ARA,wildtype,RA,wildtype,NFSND,mutant
MM007-D21,CVIET,mutant,AIRNIT,mutant,IRNI,mutant,IRN,mutant,ISG-AA,mutant,SG-AA,mutant,IRN/G,mutant,IRN/G-,mutant,IRN/G-A,mutant,IRNI/G-A,mutant,IRNI/G-,mutant,A--,NA,-,NA,-FSND,mutant
MM008-D0,CVMNK,wildtype,AIRNIT,mutant,IRNI,mutant,IRN,mutant,ISGEAA,mutant,SGEAA,mutant,IRN/G,mutant,IRN/GE,mutant,IRN/GEA,mutant,IRNI/GEA,mutant,IRNI/GE,mutant,ARA,wildtype,RA,wildtype,NFSND,mutant
MM008-D21,CVMNK,wildtype,AIRNIT,mutant,IRNI,mutant,IRN,mutant,ISGEAA,mutant,SGEAA,mutant,IRN/G,mutant,IRN/GE,mutant,IRN/GEA,mutant,IRNI/GEA,mutant,IRNI/GE,mutant,ARA,wildtype,RA,wildtype,NFSND,mutant
MM009-D0,CVMNK,wildtype,AIRNIT,mutant,IRNI,mutant,IRN,mutant,ISGEAA,mutant,SGEAA,mutant,IRN/G,mutant,IRN/GE,mutant,IRN/GEA,mutant,IRNI/GEA,mutant,IRNI/GE,mutant,ARA,wildtype,RA,wildtype,NFSND,mutant
MM010-D0,CVMNK,wildtype,AICNIT,mutant,ICNI,mutant,ICN,mutant,ISGEAA,mutant,SGEAA,mutant,ICN/G,mutant,ICN/GE,mutant,ICN/GEA,mutant,ICNI/GEA,mutant,ICNI/GE,mutant,ARA,wildtype,RA,wildtype,NFSND,mutant
MM011-D0,CVIET,mutant,AIRNIT,mutant,IRNI,mutant,IRN,mutant,ISGEAA,mutant,SGEAA,mutant,IRN/G,mutant,IRN/GE,mutant,IRN/GEA,mutant,IRNI/GEA,mutant,IRNI/GE,mutant,ARA,wildtype,RA,wildtype,NFSND,mutant
MM013-D0,CVMNK,wildtype,AICNIT,mutant,ICNI,mutant,ICN,mutant,ISGEAA,mutant,SGEAA,mutant,ICN/G,mutant,ICN/GE,mutant,ICN/GEA,mutant,ICNI/GEA,mutant,ICNI/GE,mutant,ARA,wildtype,RA,wildtype,NFSND,mutant
MM013-D21,CVMNK,wildtype,AICNIT,mutant,ICNI,mutant,ICN,mutant,ISGEAA,mutant,SGEAA,mutant,ICN/G,mutant,ICN/GE,mutant,ICN/GEA,mutant,ICNI/GEA,mutant,ICNI/GE,mutant,ARA,wildtype,RA,wildtype,NFSND,mutant
MM014-D0,CVMNK,wildtype,AIRNIT,mutant,IRNI,mutant,IRN,mutant,ISGEAA,mutant,SGEAA,mutant,IRN/G,mutant,IRN/GE,mutant,IRN/GEA,mutant,IRNI/GEA,mutant,IRNI/GE,mutant,ARA,wildtype,RA,wildtype,NFSND,mutant
MM015-D0,CVMNK,wildtype,AICNIT,mutant,ICNI,mutant,ICN,mutant,ISGEAA,mutant,SGEAA,mutant,ICN/G,mutant,ICN/GE,mutant,ICN/GEA,mutant,ICNI/GEA,mutant,ICNI/GE,mutant,ARA,wildtype,RA,wildtype,NFSND,mutant
MM016-D0,CVMNK,wildtype,AIRNIT,mutant,IRNI,mutant,IRN,mutant,ISGEAA,mutant,SGEAA,mutant,IRN/G,mutant,IRN/GE,mutant,IRN/GEA,mutant,IRNI/GEA,mutant,IRNI/GE,mutant,ARA,wildtype,RA,wildtype,NFSND,mutant
MM018-D0,CVMNK,wildtype,AICNIT|AIRNIT,mixed,ICNI|IRNI,mixed,ICN|IRN,mixed,ISGEAA,mutant,SGEAA,mutant,ICN/G|IRN/G,mixed,ICN/GE|IRN/GE,mixed,ICN/GEA|IRN/GEA,mixed,ICNI/GEA|IRNI/GEA,mixed,ICNI/GE|IRNI/GE,mixed,ARA,wildtype,RA,wildtype,NFSND,mutant
MM019-D0,CVMNK,wildtype,AIRNIT,mutant,IRNI,mutant,IRN,mutant,ISGEAA,mutant,SGEAA,mutant,IRN/G,mutant,IRN/GE,mutant,IRN/GEA,mutant,IRNI/GEA,mutant,IRNI/GE,mutant,ARA,wildtype,RA,wildtype,NFSND,mutant
MM020-D0,CVMNK,wildtype,AICNIT,mutant,ICNI,mutant,ICN,mutant,ISGEAA,mutant,SGEAA,mutant,ICN/G,mutant,ICN/GE,mutant,ICN/GEA,mutant,ICNI/GEA,mutant,ICNI/GE,mutant,ARA,wildtype,RA,wildtype,NFSND,mutant
MM021-D0,CVMNK,wildtype,AIRNIT,mutant,IRNI,mutant,IRN,mutant,ISGEAA,mutant,SGEAA,mutant,IRN/G,mutant,IRN/GE,mutant,IRN/GEA,mutant,IRNI/GEA,mutant,IRNI/GE,mutant,ARA,wildtype,RA,wildtype,NFSND,mutant
MM022-D0,CVMNK,wildtype,AIRNIT,mutant,IRNI,mutant,IRN,mutant,ISGEAA,mutant,SGEAA,mutant,IRN/G,mutant,IRN/GE,mutant,IRN/GEA,mutant,IRNI/GEA,mutant,IRNI/GE,mutant,ARA,wildtype,RA,wildtype,NFSND,mutant
MM023-D0,CVMNK,wildtype,AIRNIT,mutant,IRNI,mutant,IRN,mutant,ISGEAA,mutant,SGEAA,mutant,IRN/G,mutant,IRN/GE,mutant,IRN/GEA,mutant,IRNI/GEA,mutant,IRNI/GE,mutant,ARA,wildtype,RA,wildtype,NFSND,mutant
MM024-D0,CVMNK|CVIET,mixed,AIRNIT,mutant,IRNI,mutant,IRN,mutant,ISGEAA,mutant,SGEAA,mutant,IRN/G,mutant,IRN/GE,mutant,IRN/GEA,mutant,IRNI/GEA,mutant,IRNI/GE,mutant,ARA,wildtype,RA,wildtype,NFSND,mutant
MM024-D28,CVMNK,wildtype,AIRNIT,mutant,IRNI,mutant,IRN,mutant,ISGEAA,mutant,SGEAA,mutant,IRN/G,mutant,IRN/GE,mutant,IRN/GEA,mutant,IRNI/GEA,mutant,IRNI/GE,mutant,ARA,wildtype,RA,wildtype,NFSND,mutant
MM025-D0,CVMNK,wildtype,AICNIT|AIRNIT,mixed,ICNI|IRNI,mixed,ICN|IRN,mixed,ISGEAA,mutant,SGEAA,mutant,ICN/G|IRN/G,mixed,ICN/GE|IRN/GE,mixed,ICN/GEA|IRN/GEA,mixed,ICNI/GEA|IRNI/GEA,mixed,ICNI/GE|IRNI/GE,mixed,ARA,wildtype,RA,wildtype,NFSND,mutant
MM026-D0,CVIET,mutant,AIRNIT,mutant,IRNI,mutant,IRN,mutant,ISGEAA,mutant,SGEAA,mutant,IRN/G,mutant,IRN/GE,mutant,IRN/GEA,mutant,IRNI/GEA,mutant,IRNI/GE,mutant,ARA,wildtype,RA,wildtype,NFSND,mutant
MM027-D0,CVIET,mutant,AICNIT,mutant,ICNI,mutant,ICN,mutant,ISGEAA,mutant,SGEAA,mutant,ICN/G,mutant,ICN/GE,mutant,ICN/GEA,mutant,ICNI/GEA,mutant,ICNI/GE,mutant,ARA,wildtype,RA,wildtype,NFSND,mutant
MM028-D0,CVMNK|CVIET,mixed,AICSIT|ANCNIT,mixed,ICSI|NCNI,mixed,ICS|NCN,mixed,ISGEAA,mutant,SGEAA,mutant,ICS/G|NCN/G,mixed,ICS/GE|NCN/GE,mixed,ICS/GEA|NCN/GEA,mixed,ICSI/GEA|NCNI/GEA,mixed,ICSI/GE|NCNI/GE,mixed,ARA,wildtype,RA,wildtype,NFSND,mutant
MM029-D0,CVIET,mutant,AIRNIT,mutant,IRNI,mutant,IRN,mutant,ISGEAA,mutant,SGEAA,mutant,IRN/G,mutant,IRN/GE,mutant,IRN/GEA,mutant,IRNI/GEA,mutant,IRNI/GE,mutant,ARA,wildtype,RA,wildtype,NFSND,mutant
MM030-D0,CVMNK,wildtype,AICNIT|AIRNIT,mixed,ICNI|IRNI,mixed,ICN|IRN,mixed,ISGEAA,mutant,SGEAA,mutant,ICN/G|IRN/G,mixed,ICN/GE|IRN/GE,mixed,ICN/GEA|IRN/GEA,mixed,ICNI/GEA|IRNI/GEA,mixed,ICNI/GE|IRNI/GE,mixed,ARA,wildtype,RA,wildtype,NFSND,mutant
MM030-D28,CVMNK,wildtype,AICNIT,mutant,ICNI,mutant,ICN,mutant,ISGEAA,mutant,SGEAA,mutant,ICN/G,mutant,ICN/GE,mutant,ICN/GEA,mutant,ICNI/GEA,mutant,ICNI/GE,mutant,ARA,wildtype,RA,wildtype,NFSND,mutant
MM031-D0,CVMNK,wildtype,AIRNIT,mutant,IRNI,mutant,IRN,mutant,ISGEAA,mutant,SGEAA,mutant,IRN/G,mutant,IRN/GE,mutant,IRN/GEA,mutant,IRNI/GEA,mutant,IRNI/GE,mutant,ARA,wildtype,RA,wildtype,NFSND,mutant
MM032-D0,CVMNK,wildtype,AIRNIT,mutant,IRNI,mutant,IRN,mutant,ISGEAA,mutant,SGEAA,mutant,IRN/G,mutant,IRN/GE,mutant,IRN/GEA,mutant,IRNI/GEA,mutant,IRNI/GE,mutant,ARA,wildtype,RA,wildtype,NFSND,mutant
MM033-D0,CVMNK,wildtype,AIRNIT,mutant,IRNI,mutant,IRN,mutant,ISGEAA,mutant,SGEAA,mutant,IRN/G,mutant,IRN/GE,mutant,IRN/GEA,mutant,IRNI/GEA,mutant,IRNI/GE,mutant,ARA,wildtype,RA,wildtype,NFSND,mutant
MM033-D21,CVMNK,wildtype,AIRNIT,mutant,IRNI,mutant,IRN,mutant,ISGEAA,mutant,SGEAA,mutant,IRN/G,mutant,IRN/GE,mutant,IRN/GEA,mutant,IRNI/GEA,mutant,IRNI/GE,mutant,ARA,wildtype,RA,wildtype,NFSND,mutant
MM034-D0,CVMNK,wildtype,AIRNIT,mutant,IRNI,mutant,IRN,mutant,ISGEAA,mutant,SGEAA,mutant,IRN/G,mutant,IRN/GE,mutant,IRN/GEA,mutant,IRNI/GEA,mutant,IRNI/GE,mutant,ARA,wildtype,RA,wildtype,NFSND,mutant
MM035-D0,CVIET,mutant,AIRNIT,mutant,IRNI,mutant,IRN,mutant,ISGEAA,mutant,SGEAA,mutant,IRN/G,mutant,IRN/GE,mutant,IRN/GEA,mutant,IRNI/GEA,mutant,IRNI/GE,mutant,ARA,wildtype,RA,wildtype,NFSND,mutant
MM036-D0,CVIET,mutant,AIRNIT,mutant,IRNI,mutant,IRN,mutant,ISGEAA,mutant,SGEAA,mutant,IRN/G,mutant,IRN/GE,mutant,IRN/GEA,mutant,IRNI/GEA,mutant,IRNI/GE,mutant,ARA,wildtype,RA,wildtype,NFSND,mutant
MM037-D0,CVMNK,wildtype,AIRNIT,mutant,IRNI,mutant,IRN,mutant,ISGEAA,mutant,SGEAA,mutant,IRN/G,mutant,IRN/GE,mutant,IRN/GEA,mutant,IRNI/GEA,mutant,IRNI/GE,mutant,ARA,wildtype,RA,wildtype,NFSND,mutant
MM037-D21,CVMNK,wildtype,AIRNIT,mutant,IRNI,mutant,IRN,mutant,ISAKAA|ISGEAA,mixed,SAKAA|SGEAA,mixed,IRN/A|IRN/G,mixed,IRN/AK|IRN/GE,mixed,IRN/AKA|IRN/GEA,mixed,IRNI/AKA|IRNI/GEA,mixed,IRNI/AK|IRNI/GE,mixed,ARA,wildtype,RA,wildtype,NFSND,mutant
MM039-D0,CVMNK,wildtype,AICSIT|ANRNIT,mixed,ICSI|NRNI,mixed,ICS|NRN,mixed,ISAKAA|ISGEAA,mixed,SAKAA|SGEAA,mixed,ICS/A|ICS/G|NRN/A|NRN/G,mixed,ICS/AK|ICS/GE|NRN/AK|NRN/GE,mixed,ICS/AKA|ICS/GEA|NRN/AKA|NRN/GEA,mixed,ICSI/AKA|ICSI/GEA|NRNI/AKA|NRNI/GEA,mixed,ICSI/AK|ICSI/GE|NRNI/AK|NRNI/GE,mixed,ARA,wildtype,RA,wildtype,NFSND,mutant
MM041-D0,CVMNK,wildtype,AICNIT|AIRNIT,mixed,ICNI|IRNI,mixed,ICN|IRN,mixed,ISGEAA,mutant,SGEAA,mutant,ICN/G|IRN/G,mixed,ICN/GE|IRN/GE,mixed,ICN/GEA|IRN/GEA,mixed,ICNI/GEA|IRNI/GEA,mixed,ICNI/GE|IRNI/GE,mixed,ARA,wildtype,RA,wildtype,NFSND,mutant
MM042-D0,CVMNK,wildtype,AIRNIT,mutant,IRNI,mutant,IRN,mutant,ISGEAA,mutant,SGEAA,mutant,IRN/G,mutant,IRN/GE,mutant,IRN/GEA,mutant,IRNI/GEA,mutant,IRNI/GE,mutant,ARA,wildtype,RA,wildtype,NFSND,mutant
MM043-D0,CVMNK,wildtype,AIRNIT,mutant,IRNI,mutant,IRN,mutant,ISGEAA,mutant,SGEAA,mutant,IRN/G,mutant,IRN/GE,mutant,IRN/GEA,mutant,IRNI/GEA,mutant,IRNI/GE,mutant,ARA,wildtype,RA,wildtype,NFSND,mutant
MM044-D0,CVIET,mutant,AIRNIT,mutant,IRNI,mutant,IRN,mutant,ISGEAA,mutant,SGEAA,mutant,IRN/G,mutant,IRN/GE,mutant,IRN/GEA,mutant,IRNI/GEA,mutant,IRNI/GE,mutant,ARA,wildtype,RA,wildtype,NFSND,mutant
MM044-D21,CVMNK|CVIET,mixed,AICSIT|ANRNIT,mixed,ICSI|NRNI,mixed,ICS|NRN,mixed,ISAKAA|ISGEAA,mixed,SAKAA|SGEAA,mixed,ICS/A|ICS/G|NRN/A|NRN/G,mixed,ICS/AK|ICS/GE|NRN/AK|NRN/GE,mixed,ICS/AKA|ICS/GEA|NRN/AKA|NRN/GEA,mixed,ICSI/AKA|ICSI/GEA|NRNI/AKA|NRNI/GEA,mixed,ICSI/AK|ICSI/GE|NRNI/AK|NRNI/GE,mixed,ARA,wildtype,RA,wildtype,NFSND,mutant
MM045-D0,CVIET,mutant,AICNIT|AIRNIT,mixed,ICNI|IRNI,mixed,ICN|IRN,mixed,ISGEAA,mutant,SGEAA,mutant,ICN/G|IRN/G,mixed,ICN/GE|IRN/GE,mixed,ICN/GEA|IRN/GEA,mixed,ICNI/GEA|IRNI/GEA,mixed,ICNI/GE|IRNI/GE,mixed,ARA,wildtype,RA,wildtype,NFSND,mutant
MM045-D28,CVIET,mutant,AIRNIT,mutant,IRNI,mutant,IRN,mutant,ISGEAA,mutant,SGEAA,mutant,IRN/G,mutant,IRN/GE,mutant,IRN/GEA,mutant,IRNI/GEA,mutant,IRNI/GE,mutant,ARA,wildtype,RA,wildtype,NFSND,mutant
MM046-D0,CVIET,mutant,AICNIT,mutant,ICNI,mutant,ICN,mutant,ISGEAA,mutant,SGEAA,mutant,ICN/G,mutant,ICN/GE,mutant,ICN/GEA,mutant,ICNI/GEA,mutant,ICNI/GE,mutant,ARA,wildtype,RA,wildtype,NFSND,mutant
MM047-D0,CVMNK,wildtype,AIRNIT,mutant,IRNI,mutant,IRN,mutant,ISGEAA,mutant,SGEAA,mutant,IRN/G,mutant,IRN/GE,mutant,IRN/GEA,mutant,IRNI/GEA,mutant,IRNI/GE,mutant,ARA,wildtype,RA,wildtype,NFSND,mutant
MM047-D21,CVMNK,wildtype,AIRNIT,mutant,IRNI,mutant,IRN,mutant,ISGEAA,mutant,SGEAA,mutant,IRN/G,mutant,IRN/GE,mutant,IRN/GEA,mutant,IRNI/GEA,mutant,IRNI/GE,mutant,ARA,wildtype,RA,wildtype,NFSND,mutant
MM048-D0,CVMNK|CVIET,mixed,AICNIT|AIRNIT,mixed,ICNI|IRNI,mixed,ICN|IRN,mixed,ISAKAA|ISGEAA,mixed,SAKAA|SGEAA,mixed,ICN/A|ICN/G|IRN/A|IRN/G,mixed,ICN/AK|ICN/GE|IRN/AK|IRN/GE,mixed,ICN/AKA|ICN/GEA|IRN/AKA|IRN/GEA,mixed,ICNI/AKA|ICNI/GEA|IRNI/AKA|IRNI/GEA,mixed,ICNI/AK|ICNI/GE|IRNI/AK|IRNI/GE,mixed,ARA,wildtype,RA,wildtype,NYSND|NFSND,mixed
MM048-D21,CVMNK,wildtype,AIRNIT,mutant,IRNI,mutant,IRN,mutant,ISGEAA,mutant,SGEAA,mutant,IRN/G,mutant,IRN/GE,mutant,IRN/GEA,mutant,IRNI/GEA,mutant,IRNI/GE,mutant,ARA,wildtype,RA,wildtype,NFSND,mutant
MM049-D0,CVMNK,wildtype,AIRNIT,mutant,IRNI,mutant,IRN,mutant,ISGEAA,mutant,SGEAA,mutant,IRN/G,mutant,IRN/GE,mutant,IRN/GEA,mutant,IRNI/GEA,mutant,IRNI/GE,mutant,ARA,wildtype,RA,wildtype,NFSND,mutant
MM049-D21,CVMNK,wildtype,AICNIT|AIRNIT,mixed,ICNI|IRNI,mixed,ICN|IRN,mixed,ISGEAA,mutant,SGEAA,mutant,ICN/G|IRN/G,mixed,ICN/GE|IRN/GE,mixed,ICN/GEA|IRN/GEA,mixed,ICNI/GEA|IRNI/GEA,mixed,ICNI/GE|IRNI/GE,mixed,ARA,wildtype,RA,wildtype,NFSND,mutant
MM050-D0,CVIET,mutant,AIRNIT,mutant,IRNI,mutant,IRN,mutant,ISGEAA,mutant,SGEAA,mutant,IRN/G,mutant,IRN/GE,mutant,IRN/GEA,mutant,IRNI/GEA,mutant,IRNI/GE,mutant,ARA,wildtype,RA,wildtype,NFSND,mutant
MM051-D0,CVIET,mutant,AIRNIT,mutant,IRNI,mutant,IRN,mutant,ISGEAA,mutant,SGEAA,mutant,IRN/G,mutant,IRN/GE,mutant,IRN/GEA,mutant,IRNI/GEA,mutant,IRNI/GE,mutant,ARA,wildtype,RA,wildtype,NFSND,mutant
MM052-D0,CVMNK,wildtype,AIRNIT,mutant,IRNI,mutant,IRN,mutant,ISGEAA,mutant,SGEAA,mutant,IRN/G,mutant,IRN/GE,mutant,IRN/GEA,mutant,IRNI/GEA,mutant,IRNI/GE,mutant,ARA,wildtype,RA,wildtype,NFSND,mutant
MM053-D0,CVMNK,wildtype,AIRNIT,mutant,IRNI,mutant,IRN,mutant,ISGEAA,mutant,SGEAA,mutant,IRN/G,mutant,IRN/GE,mutant,IRN/GEA,mutant,IRNI/GEA,mutant,IRNI/GE,mutant,ARV,mutant,RV,mutant,NFSND,mutant
MM053-D28,CVMNK,wildtype,AIRNIT,mutant,IRNI,mutant,IRN,mutant,ISGEAA,mutant,SGEAA,mutant,IRN/G,mutant,IRN/GE,mutant,IRN/GEA,mutant,IRNI/GEA,mutant,IRNI/GE,mutant,ARA,wildtype,RA,wildtype,NFSND,mutant
MM054-D0,CVMNK,wildtype,AIRNIT,mutant,IRNI,mutant,IRN,mutant,ISAKAA|ISGEAA,mixed,SAKAA|SGEAA,mixed,IRN/A|IRN/G,mixed,IRN/AK|IRN/GE,mixed,IRN/AKA|IRN/GEA,mixed,IRNI/AKA|IRNI/GEA,mixed,IRNI/AK|IRNI/GE,mixed,ARA,wildtype,RA,wildtype,NFSND,mutant
MM055-D0,CVMNK,wildtype,AIRNIT,mutant,IRNI,mutant,IRN,mutant,ISGEAA,mutant,SGEAA,mutant,IRN/G,mutant,IRN/GE,mutant,IRN/GEA,mutant,IRNI/GEA,mutant,IRNI/GE,mutant,A--,NA,-,NA,-FSND,mutant
MM055-D21,CVIET,mutant,AIRNIT,mutant,IRNI,mutant,IRN,mutant,ISGEAA,mutant,SGEAA,mutant,IRN/G,mutant,IRN/GE,mutant,IRN/GEA,mutant,IRNI/GEA,mutant,IRNI/GE,mutant,ARA,wildtype,RA,wildtype,NFSND,mutant
MM056-D0,CVMNK,wildtype,ANCSIT|ANCNIT,mixed,NCSI|NCNI,mixed,NCS|NCN,mixed,ISGEAA,mutant,SGEAA,mutant,NCN/G|NCS/G,mixed,NCN/GE|NCS/GE,mixed,NCN/GEA|NCS/GEA,mixed,NCNI/GEA|NCSI/GEA,mixed,NCNI/GE|NCSI/GE,mixed,A--,NA,-,NA,-FSND,mutant
MM057-D0,CVMNK|CVIET,mixed,AICNIT|AIRNIT,mixed,ICNI|IRNI,mixed,ICN|IRN,mixed,ISGEAA,mutant,SGEAA,mutant,ICN/G|IRN/G,mixed,ICN/GE|IRN/GE,mixed,ICN/GEA|IRN/GEA,mixed,ICNI/GEA|IRNI/GEA,mixed,ICNI/GE|IRNI/GE,mixed,ARA,wildtype,RA,wildtype,NFSND,mutant
MM057-D21,CVMNK,wildtype,AIRNIT,mutant,IRNI,mutant,IRN,mutant,ISGEAA,mutant,SGEAA,mutant,IRN/G,mutant,IRN/GE,mutant,IRN/GEA,mutant,IRNI/GEA,mutant,IRNI/GE,mutant,ARA,wildtype,RA,wildtype,NFSND,mutant
MM058-D0,CVMNK,wildtype,AIRNIT,mutant,IRNI,mutant,IRN,mutant,ISGEAA,mutant,SGEAA,mutant,IRN/G,mutant,IRN/GE,mutant,IRN/GEA,mutant,IRNI/GEA,mutant,IRNI/GE,mutant,ARA,wildtype,RA,wildtype,NFSND,mutant
MM059-D0,CVMNK,wildtype,AIRNIT,mutant,IRNI,mutant,IRN,mutant,ISGEAA,mutant,SGEAA,mutant,IRN/G,mutant,IRN/GE,mutant,IRN/GEA,mutant,IRNI/GEA,mutant,IRNI/GE,mutant,ARA,wildtype,RA,wildtype,NFSND,mutant
MM059-D21,CVMNK,wildtype,AIRNIT,mutant,IRNI,mutant,IRN,mutant,ISGEAA,mutant,SGEAA,mutant,IRN/G,mutant,IRN/GE,mutant,IRN/GEA,mutant,IRNI/GEA,mutant,IRNI/GE,mutant,ARA,wildtype,RA,wildtype,NFSND,mutant
MM060-D0,CVIET,mutant,AIRNIT,mutant,IRNI,mutant,IRN,mutant,ISAKAA,wildtype,SAKAA,wildtype,IRN/A,mutant,IRN/AK,mutant,IRN/AKA,mutant,IRNI/AKA,mutant,IRNI/AK,mutant,ARA,wildtype,RA,wildtype,NFSND,mutant
MM060-D28,CVMNK,wildtype,AIRNIT,mutant,IRNI,mutant,IRN,mutant,ISGEAA,mutant,SGEAA,mutant,IRN/G,mutant,IRN/GE,mutant,IRN/GEA,mutant,IRNI/GEA,mutant,IRNI/GE,mutant,ARA,wildtype,RA,wildtype,NFSND,mutant
MM061-D0,CVMNK,wildtype,AICNIT|AIRNIT,mixed,ICNI|IRNI,mixed,ICN|IRN,mixed,ISGEAA,mutant,SGEAA,mutant,ICN/G|IRN/G,mixed,ICN/GE|IRN/GE,mixed,ICN/GEA|IRN/GEA,mixed,ICNI/GEA|IRNI/GEA,mixed,ICNI/GE|IRNI/GE,mixed,ARA,wildtype,RA,wildtype,NFSND,mutant
MM061-D28,CVMNK,wildtype,AIRNIT,mutant,IRNI,mutant,IRN,mutant,ISGEAA,mutant,SGEAA,mutant,IRN/G,mutant,IRN/GE,mutant,IRN/GEA,mutant,IRNI/GEA,mutant,IRNI/GE,mutant,ARA,wildtype,RA,wildtype,NFSND,mutant
MM062-D0,CVIET,mutant,AIRNIT,mutant,IRNI,mutant,IRN,mutant,ISGEAA,mutant,SGEAA,mutant,IRN/G,mutant,IRN/GE,mutant,IRN/GEA,mutant,IRNI/GEA,mutant,IRNI/GE,mutant,ARA,wildtype,RA,wildtype,NFSND,mutant
MM063-D0,CVMNK,wildtype,AIRNIT,mutant,IRNI,mutant,IRN,mutant,ISGEAA,mutant,SGEAA,mutant,IRN/G,mutant,IRN/GE,mutant,IRN/GEA,mutant,IRNI/GEA,mutant,IRNI/GE,mutant,ARA,wildtype,RA,wildtype,NFSND,mutant
MM064-D0,CVMNK,wildtype,AICNIT|AIRNIT,mixed,ICNI|IRNI,mixed,ICN|IRN,mixed,ISGEAA,mutant,SGEAA,mutant,ICN/G|IRN/G,mixed,ICN/GE|IRN/GE,mixed,ICN/GEA|IRN/GEA,mixed,ICNI/GEA|IRNI/GEA,mixed,ICNI/GE|IRNI/GE,mixed,ARA,wildtype,RA,wildtype,NFSND,mutant
MM064-D28,CVMNK,wildtype,AICNIT|AIRNIT,mixed,ICNI|IRNI,mixed,ICN|IRN,mixed,ISGEAA,mutant,SGEAA,mutant,ICN/G|IRN/G,mixed,ICN/GE|IRN/GE,mixed,ICN/GEA|IRN/GEA,mixed,ICNI/GEA|IRNI/GEA,mixed,ICNI/GE|IRNI/GE,mixed,ARA,wildtype,RA,wildtype,NFSND,mutant
MM065-D0,CVMNK,wildtype,AIRNIT,mutant,IRNI,mutant,IRN,mutant,ISAKAA,wildtype,SAKAA,wildtype,IRN/A,mutant,IRN/AK,mutant,IRN/AKA,mutant,IRNI/AKA,mutant,IRNI/AK,mutant,ARA,wildtype,RA,wildtype,NFSND,mutant
MM066-D0,CVMNK,wildtype,AIRNIT,mutant,IRNI,mutant,IRN,mutant,ISAKAA,wildtype,SAKAA,wildtype,IRN/A,mutant,IRN/AK,mutant,IRN/AKA,mutant,IRNI/AKA,mutant,IRNI/AK,mutant,ARA,wildtype,RA,wildtype,NFSND,mutant
MM066-D28,CVIET,mutant,AIRNIT,mutant,IRNI,mutant,IRN,mutant,ISGEAA,mutant,SGEAA,mutant,IRN/G,mutant,IRN/GE,mutant,IRN/GEA,mutant,IRNI/GEA,mutant,IRNI/GE,mutant,ARA,wildtype,RA,wildtype,NFSND,mutant
MM067-D0,CVMNK,wildtype,AIRNIT,mutant,IRNI,mutant,IRN,mutant,ISGEAA,mutant,SGEAA,mutant,IRN/G,mutant,IRN/GE,mutant,IRN/GEA,mutant,IRNI/GEA,mutant,IRNI/GE,mutant,ARA,wildtype,RA,wildtype,NFSND,mutant
MM068-D0,CVMNK,wildtype,AIRNIT,mutant,IRNI,mutant,IRN,mutant,ISGEAA,mutant,SGEAA,mutant,IRN/G,mutant,IRN/GE,mutant,IRN/GEA,mutant,IRNI/GEA,mutant,IRNI/GE,mutant,ARA,wildtype,RA,wildtype,NFSND,mutant
MM069-D0,CVMNK,wildtype,AIRNIT,mutant,IRNI,mutant,IRN,mutant,ISGEAA,mutant,SGEAA,mutant,IRN/G,mutant,IRN/GE,mutant,IRN/GEA,mutant,IRNI/GEA,mutant,IRNI/GE,mutant,ARA,wildtype,RA,wildtype,NFSND,mutant
MM070-D0,CVMNK|CVIET,mixed,AIRNIT,mutant,IRNI,mutant,IRN,mutant,ISGEAA,mutant,SGEAA,mutant,IRN/G,mutant,IRN/GE,mutant,IRN/GEA,mutant,IRNI/GEA,mutant,IRNI/GE,mutant,ARA,wildtype,RA,wildtype,NFSND,mutant
MM071-D0,CVMNK,wildtype,AIRNIT,mutant,IRNI,mutant,IRN,mutant,ISGEAA,mutant,SGEAA,mutant,IRN/G,mutant,IRN/GE,mutant,IRN/GEA,mutant,IRNI/GEA,mutant,IRNI/GE,mutant,ARA,wildtype,RA,wildtype,NFSND,mutant
MM071-D14,CVMNK,wildtype,AICNIT,mutant,ICNI,mutant,ICN,mutant,ISGEAA,mutant,SGEAA,mutant,ICN/G,mutant,ICN/GE,mutant,ICN/GEA,mutant,ICNI/GEA,mutant,ICNI/GE,mutant,ARA,wildtype,RA,wildtype,NFSND,mutant
MM072-D0,CVMNK,wildtype,AIRNIT,mutant,IRNI,mutant,IRN,mutant,ISGEAA,mutant,SGEAA,mutant,IRN/G,mutant,IRN/GE,mutant,IRN/GEA,mutant,IRNI/GEA,mutant,IRNI/GE,mutant,ARA,wildtype,RA,wildtype,NFSND,mutant
MM073-D0,CVMNK,wildtype,AIRNIT,mutant,IRNI,mutant,IRN,mutant,ISAKAA,wildtype,SAKAA,wildtype,IRN/A,mutant,IRN/AK,mutant,IRN/AKA,mutant,IRNI/AKA,mutant,IRNI/AK,mutant,ARA,wildtype,RA,wildtype,NFSND,mutant
MM073-D21,CVMNK,wildtype,AICNIT,mutant,ICNI,mutant,ICN,mutant,ISAKAA,wildtype,SAKAA,wildtype,ICN/A,mutant,ICN/AK,mutant,ICN/AKA,mutant,ICNI/AKA,mutant,ICNI/AK,mutant,ARA,wildtype,RA,wildtype,NFSND,mutant
MM074-D0,CVMNK,wildtype,AIRNIT,mutant,IRNI,mutant,IRN,mutant,ISGKAA,mutant,SGKAA,mutant,IRN/G,mutant,IRN/GK,mutant,IRN/GKA,mutant,IRNI/GKA,mutant,IRNI/GK,mutant,ARV,mutant,RV,mutant,NFSND,mutant
MM075-D0,CVMNK,wildtype,AICNIT,mutant,ICNI,mutant,ICN,mutant,ISGEAA,mutant,SGEAA,mutant,ICN/G,mutant,ICN/GE,mutant,ICN/GEA,mutant,ICNI/GEA,mutant,ICNI/GE,mutant,ARA,wildtype,RA,wildtype,NFSND,mutant
MM076-D0,CVIET,mutant,AIRNIT,mutant,IRNI,mutant,IRN,mutant,ISGEAA,mutant,SGEAA,mutant,IRN/G,mutant,IRN/GE,mutant,IRN/GEA,mutant,IRNI/GEA,mutant,IRNI/GE,mutant,ARA,wildtype,RA,wildtype,NFSND,mutant
MM077-D0,CVMNK,wildtype,AIRNIT,mutant,IRNI,mutant,IRN,mutant,ISGEAA,mutant,SGEAA,mutant,IRN/G,mutant,IRN/GE,mutant,IRN/GEA,mutant,IRNI/GEA,mutant,IRNI/GE,mutant,ARA,wildtype,RA,wildtype,NFSND,mutant
MM077-D21,CVMNK,wildtype,AIRNIT,mutant,IRNI,mutant,IRN,mutant,ISGEAA,mutant,SGEAA,mutant,IRN/G,mutant,IRN/GE,mutant,IRN/GEA,mutant,IRNI/GEA,mutant,IRNI/GE,mutant,ARA,wildtype,RA,wildtype,NFSND,mutant
MM078-D0,CVIET,mutant,AIRNIT,mutant,IRNI,mutant,IRN,mutant,ISGEAA,mutant,SGEAA,mutant,IRN/G,mutant,IRN/GE,mutant,IRN/GEA,mutant,IRNI/GEA,mutant,IRNI/GE,mutant,ARA,wildtype,RA,wildtype,NFSND,mutant
MM079-D0,CVMNK,wildtype,AICSIT|ANRNIT,mixed,ICSI|NRNI,mixed,ICS|NRN,mixed,ISGEAA,mutant,SGEAA,mutant,ICS/G|NRN/G,mixed,ICS/GE|NRN/GE,mixed,ICS/GEA|NRN/GEA,mixed,ICSI/GEA|NRNI/GEA,mixed,ICSI/GE|NRNI/GE,mixed,ARA,wildtype,RA,wildtype,NFSND,mutant
MM080-D0,CVMNK,wildtype,AICNIT,mutant,ICNI,mutant,ICN,mutant,ISGEAA,mutant,SGEAA,mutant,ICN/G,mutant,ICN/GE,mutant,ICN/GEA,mutant,ICNI/GEA,mutant,ICNI/GE,mutant,ARA,wildtype,RA,wildtype,NFSND,mutant
MM081-D0,CVIET,mutant,AIRNIT,mutant,IRNI,mutant,IRN,mutant,ISGEAA,mutant,SGEAA,mutant,IRN/G,mutant,IRN/GE,mutant,IRN/GEA,mutant,IRNI/GEA,mutant,IRNI/GE,mutant,ARA,wildtype,RA,wildtype,NFSND,mutant
MM082-D0,CVMNK,wildtype,AIRNIT,mutant,IRNI,mutant,IRN,mutant,ISAKAA,wildtype,SAKAA,wildtype,IRN/A,mutant,IRN/AK,mutant,IRN/AKA,mutant,IRNI/AKA,mutant,IRNI/AK,mutant,ARA,wildtype,RA,wildtype,NFSND,mutant
MM082-Unsch,CVMNK|CVIET,mixed,AICNIT|AIRNIT,mixed,ICNI|IRNI,mixed,ICN|IRN,mixed,ISGEAA,mutant,SGEAA,mutant,ICN/G|IRN/G,mixed,ICN/GE|IRN/GE,mixed,ICN/GEA|IRN/GEA,mixed,ICNI/GEA|IRNI/GEA,mixed,ICNI/GE|IRNI/GE,mixed,ARA,wildtype,RA,wildtype,NFSND,mutant
MM083-D0,CVIET,mutant,AIRNIT,mutant,IRNI,mutant,IRN,mutant,ISGEAA,mutant,SGEAA,mutant,IRN/G,mutant,IRN/GE,mutant,IRN/GEA,mutant,IRNI/GEA,mutant,IRNI/GE,mutant,ARA,wildtype,RA,wildtype,NFSND,mutant
MM084-D0,CVMNK|CVIET,mixed,AICNIT|AIRNIT,mixed,ICNI|IRNI,mixed,ICN|IRN,mixed,ISGEAA,mutant,SGEAA,mutant,ICN/G|IRN/G,mixed,ICN/GE|IRN/GE,mixed,ICN/GEA|IRN/GEA,mixed,ICNI/GEA|IRNI/GEA,mixed,ICNI/GE|IRNI/GE,mixed,ARA,wildtype,RA,wildtype,NFSND,mutant
MM085-D0,CVMNK,wildtype,AIRNIT,mutant,IRNI,mutant,IRN,mutant,ISGEAA,mutant,SGEAA,mutant,IRN/G,mutant,IRN/GE,mutant,IRN/GEA,mutant,IRNI/GEA,mutant,IRNI/GE,mutant,ARA,wildtype,RA,wildtype,NFSND,mutant
MM085-D14,CVMNK,wildtype,AIRNIT,mutant,IRNI,mutant,IRN,mutant,ISGEAA,mutant,SGEAA,mutant,IRN/G,mutant,IRN/GE,mutant,IRN/GEA,mutant,IRNI/GEA,mutant,IRNI/GE,mutant,ARA,wildtype,RA,wildtype,NFSND,mutant
MM086-D0,CVIET,mutant,AICNIT,mutant,ICNI,mutant,ICN,mutant,ISGEAA,mutant,SGEAA,mutant,ICN/G,mutant,ICN/GE,mutant,ICN/GEA,mutant,ICNI/GEA,mutant,ICNI/GE,mutant,ARA,wildtype,RA,wildtype,NFSND,mutant
MM086-D21,CVMNK,wildtype,AIRNIT,mutant,IRNI,mutant,IRN,mutant,ISGEAA,mutant,SGEAA,mutant,IRN/G,mutant,IRN/GE,mutant,IRN/GEA,mutant,IRNI/GEA,mutant,IRNI/GE,mutant,ARA,wildtype,RA,wildtype,NFSND,mutant
MM087-D0,CVMNK,wildtype,AIRNIT,mutant,IRNI,mutant,IRN,mutant,ISAKAA|ISGEAA,mixed,SAKAA|SGEAA,mixed,IRN/A|IRN/G,mixed,IRN/AK|IRN/GE,mixed,IRN/AKA|IRN/GEA,mixed,IRNI/AKA|IRNI/GEA,mixed,IRNI/AK|IRNI/GE,mixed,ARA,wildtype,RA,wildtype,NFSND,mutant
MM088-D0,CVMNK,wildtype,AIRNIT,mutant,IRNI,mutant,IRN,mutant,ISAKAA|ISGEAA,mixed,SAKAA|SGEAA,mixed,IRN/A|IRN/G,mixed,IRN/AK|IRN/GE,mixed,IRN/AKA|IRN/GEA,mixed,IRNI/AKA|IRNI/GEA,mixed,IRNI/AK|IRNI/GE,mixed,ARA,wildtype,RA,wildtype,NFSND,mutant
