"SampleID","haplotype","Type","gene","SITE","Day","lat","lon"
"AA001-D0","CVIET","Mutant","Pfcrt","Asayita",0,11.570272615681317,41.436477959346526
"AA003-D0","CVIET","Mutant","Pfcrt","Asayita",0,11.570272615681317,41.436477959346526
"AA004-D0","CVIET","Mutant","Pfcrt","Asayita",0,11.570272615681317,41.436477959346526
"AA005-D0","CVMNK","Wildtype","Pfcrt","Asayita",0,11.570272615681317,41.436477959346526
"AA006-D0","CVIET","Mutant","Pfcrt","Asayita",0,11.570272615681317,41.436477959346526
"AA007-D0","CVIET","Mutant","Pfcrt","Asayita",0,11.570272615681317,41.436477959346526
"AA008-D0","CVMNK","Wildtype","Pfcrt","Asayita",0,11.570272615681317,41.436477959346526
"AA009-D0","CVIET","Mutant","Pfcrt","Asayita",0,11.570272615681317,41.436477959346526
"AA010-D0","CVMNK","Wildtype","Pfcrt","Asayita",0,11.570272615681317,41.436477959346526
"AA011-D0","CVIET","Mutant","Pfcrt","Asayita",0,11.570272615681317,41.436477959346526
"AA012-D0","CVIET","Mutant","Pfcrt","Asayita",0,11.570272615681317,41.436477959346526
"AA013-D0","CVIET","Mutant","Pfcrt","Asayita",0,11.570272615681317,41.436477959346526
"AA014-D0","CVMNK","Wildtype","Pfcrt","Asayita",0,11.570272615681317,41.436477959346526
"AA015-D0","CVIET","Mutant","Pfcrt","Asayita",0,11.570272615681317,41.436477959346526
"AA016-D0","CVMNK","Wildtype","Pfcrt","Asayita",0,11.570272615681317,41.436477959346526
"AA018-D0","CVMNK","Wildtype","Pfcrt","Asayita",0,11.570272615681317,41.436477959346526
"AA019-D0","CVIET","Mutant","Pfcrt","Asayita",0,11.570272615681317,41.436477959346526
"AA020-D0","CVMNK","Wildtype","Pfcrt","Asayita",0,11.570272615681317,41.436477959346526
"AA021-D0","CVIET","Mutant","Pfcrt","Asayita",0,11.570272615681317,41.436477959346526
"AA022-D0","CVMNK","Wildtype","Pfcrt","Asayita",0,11.570272615681317,41.436477959346526
"AA023-D0","CVIET","Mutant","Pfcrt","Asayita",0,11.570272615681317,41.436477959346526
"AA024-D0","CVIET","Mutant","Pfcrt","Asayita",0,11.570272615681317,41.436477959346526
"AA025-D0","CVMNK","Wildtype","Pfcrt","Asayita",0,11.570272615681317,41.436477959346526
"AA026-D0","CVMNK","Wildtype","Pfcrt","Asayita",0,11.570272615681317,41.436477959346526
"AA027-D0","CVMNK","Wildtype","Pfcrt","Asayita",0,11.570272615681317,41.436477959346526
"AA030-D0","CVIET","Mutant","Pfcrt","Asayita",0,11.570272615681317,41.436477959346526
"AA031-D0","CVIET","Mutant","Pfcrt","Asayita",0,11.570272615681317,41.436477959346526
"AA032-D0","CVIET","Mutant","Pfcrt","Asayita",0,11.570272615681317,41.436477959346526
"AA033-D0","CVMNK","Wildtype","Pfcrt","Asayita",0,11.570272615681317,41.436477959346526
"AA034-D0","CVIET","Mutant","Pfcrt","Asayita",0,11.570272615681317,41.436477959346526
"AA034-Unsch","CVIET","Mutant","Pfcrt","Asayita",26,11.570272615681317,41.436477959346526
"AA037-D0","CVIET","Mutant","Pfcrt","Asayita",0,11.570272615681317,41.436477959346526
"AA038-D0","CVIET","Mutant","Pfcrt","Asayita",0,11.570272615681317,41.436477959346526
"AA039-D0","CVIET","Mutant","Pfcrt","Asayita",0,11.570272615681317,41.436477959346526
"AA040-D0","CVIET","Mutant","Pfcrt","Asayita",0,11.570272615681317,41.436477959346526
"AA042-D0","CVMNK","Wildtype","Pfcrt","Asayita",0,11.570272615681317,41.436477959346526
"AA043-D0","CVIET","Mutant","Pfcrt","Asayita",0,11.570272615681317,41.436477959346526
"AA044-D0","CVMNK","Wildtype","Pfcrt","Asayita",0,11.570272615681317,41.436477959346526
"AA045-D0","CVMNK","Wildtype","Pfcrt","Asayita",0,11.570272615681317,41.436477959346526
"AA046-D0","CVIET","Mutant","Pfcrt","Asayita",0,11.570272615681317,41.436477959346526
"AA047-D0","CVIET","Mutant","Pfcrt","Asayita",0,11.570272615681317,41.436477959346526
"AA048-D0","CVIET","Mutant","Pfcrt","Asayita",0,11.570272615681317,41.436477959346526
"AA049-D0","CVIET","Mutant","Pfcrt","Asayita",0,11.570272615681317,41.436477959346526
"AA051-D0","CVIET","Mutant","Pfcrt","Asayita",0,11.570272615681317,41.436477959346526
"AA052-D0","CVMNK","Wildtype","Pfcrt","Asayita",0,11.570272615681317,41.436477959346526
"AA053-D0","CVMNK","Wildtype","Pfcrt","Asayita",0,11.570272615681317,41.436477959346526
"AA054-D0","CVIET","Mutant","Pfcrt","Asayita",0,11.570272615681317,41.436477959346526
"AA056-D0","CVIET","Mutant","Pfcrt","Asayita",0,11.570272615681317,41.436477959346526
"AA057-D0","CVIET","Mutant","Pfcrt","Asayita",0,11.570272615681317,41.436477959346526
"AA058-D0","CVIET","Mutant","Pfcrt","Asayita",0,11.570272615681317,41.436477959346526
"AA060-D0","CVIET","Mutant","Pfcrt","Asayita",0,11.570272615681317,41.436477959346526
"AA061-D0","CVIET","Mutant","Pfcrt","Asayita",0,11.570272615681317,41.436477959346526
"AA062-D0","CVMNK","Wildtype","Pfcrt","Asayita",0,11.570272615681317,41.436477959346526
"AA063-D0","CVIET","Mutant","Pfcrt","Asayita",0,11.570272615681317,41.436477959346526
"AA065-D0","CVMNK","Wildtype","Pfcrt","Asayita",0,11.570272615681317,41.436477959346526
"AA066-D0","CVIET","Mutant","Pfcrt","Asayita",0,11.570272615681317,41.436477959346526
"AA067-D0","CVMNK","Wildtype","Pfcrt","Asayita",0,11.570272615681317,41.436477959346526
"AA068-D0","CVMNK","Wildtype","Pfcrt","Asayita",0,11.570272615681317,41.436477959346526
"AA069-D0","CVIET","Mutant","Pfcrt","Asayita",0,11.570272615681317,41.436477959346526
"AA070-D0","CVMNK","Wildtype","Pfcrt","Asayita",0,11.570272615681317,41.436477959346526
"AA073-D0","CVIET","Mutant","Pfcrt","Asayita",0,11.570272615681317,41.436477959346526
"AA076-D0","CVMNK","Wildtype","Pfcrt","Asayita",0,11.570272615681317,41.436477959346526
"AA077-D0","CVMNK","Wildtype","Pfcrt","Asayita",0,11.570272615681317,41.436477959346526
"AA078-D0","CVIET","Mutant","Pfcrt","Asayita",0,11.570272615681317,41.436477959346526
"AA080-D0","CVMNK","Wildtype","Pfcrt","Asayita",0,11.570272615681317,41.436477959346526
"AA081-D0","CVMNK","Wildtype","Pfcrt","Asayita",0,11.570272615681317,41.436477959346526
"AA082-D0","CVIET","Mutant","Pfcrt","Asayita",0,11.570272615681317,41.436477959346526
"AA083-D0","CVIET","Mutant","Pfcrt","Asayita",0,11.570272615681317,41.436477959346526
"AA084-D0","CVIET","Mutant","Pfcrt","Asayita",0,11.570272615681317,41.436477959346526
"AA085-D0","CVIET","Mutant","Pfcrt","Asayita",0,11.570272615681317,41.436477959346526
"AA086-D0","CVIET","Mutant","Pfcrt","Asayita",0,11.570272615681317,41.436477959346526
"AA088-D0","CVIET","Mutant","Pfcrt","Asayita",0,11.570272615681317,41.436477959346526
"AA089-D0","CVMNK","Wildtype","Pfcrt","Asayita",0,11.570272615681317,41.436477959346526
"AA090-D0","CVMNK","Wildtype","Pfcrt","Asayita",0,11.570272615681317,41.436477959346526
"AA091-D0","CVIET","Mutant","Pfcrt","Asayita",0,11.570272615681317,41.436477959346526
"AA092-D0","CVMNK","Wildtype","Pfcrt","Asayita",0,11.570272615681317,41.436477959346526
"AA093-D0","CVIET","Mutant","Pfcrt","Asayita",0,11.570272615681317,41.436477959346526
"AA094-D0","CVMNK","Wildtype","Pfcrt","Asayita",0,11.570272615681317,41.436477959346526
"AA095-D0","CVIET","Mutant","Pfcrt","Asayita",0,11.570272615681317,41.436477959346526
"AA096-D0","CVMNK","Wildtype","Pfcrt","Asayita",0,11.570272615681317,41.436477959346526
"AA097-D0","CVIET","Mutant","Pfcrt","Asayita",0,11.570272615681317,41.436477959346526
"AA098-D0","CVMNK","Wildtype","Pfcrt","Asayita",0,11.570272615681317,41.436477959346526
"AA099-D0","CVMNK","Wildtype","Pfcrt","Asayita",0,11.570272615681317,41.436477959346526
"AA100-D0","CVMNK","Wildtype","Pfcrt","Asayita",0,11.570272615681317,41.436477959346526
"AC001-D0","CVMNK","Wildtype","Pfcrt","Abobo",0,7.896964718451194,34.53983558814461
"AC002-D0","CVMNK","Wildtype","Pfcrt","Abobo",0,7.896964718451194,34.53983558814461
"AC003-D0","CVMNK","Wildtype","Pfcrt","Abobo",0,7.896964718451194,34.53983558814461
"AC004-D0","CVMNK","Wildtype","Pfcrt","Abobo",0,7.896964718451194,34.53983558814461
"AC004-D28","CVMNK","Wildtype","Pfcrt","Abobo",28,7.896964718451194,34.53983558814461
"AC005-D0","CVMNK","Wildtype","Pfcrt","Abobo",0,7.896964718451194,34.53983558814461
"AC006-D0","CVMNK","Wildtype","Pfcrt","Abobo",0,7.896964718451194,34.53983558814461
"AC007-D0","CVMNK","Wildtype","Pfcrt","Abobo",0,7.896964718451194,34.53983558814461
"AC008-D0","CVMNK","Wildtype","Pfcrt","Abobo",0,7.896964718451194,34.53983558814461
"AC009-D0","CVMNK","Wildtype","Pfcrt","Abobo",0,7.896964718451194,34.53983558814461
"AC010-D0","CVMNK","Wildtype","Pfcrt","Abobo",0,7.896964718451194,34.53983558814461
"AC011-D0","CVMNK","Wildtype","Pfcrt","Abobo",0,7.896964718451194,34.53983558814461
"AC012-D0","CVMNK","Wildtype","Pfcrt","Abobo",0,7.896964718451194,34.53983558814461
"AC013-D0","CVMNK","Wildtype","Pfcrt","Abobo",0,7.896964718451194,34.53983558814461
"AC014-D0","CVMNK","Wildtype","Pfcrt","Abobo",0,7.896964718451194,34.53983558814461
"AC015-D0","CVMNK","Wildtype","Pfcrt","Abobo",0,7.896964718451194,34.53983558814461
"AC015-D28","CVMNK","Wildtype","Pfcrt","Abobo",28,7.896964718451194,34.53983558814461
"AC016-D0","CVMNK","Wildtype","Pfcrt","Abobo",0,7.896964718451194,34.53983558814461
"AC017-D0","CVMNK","Wildtype","Pfcrt","Abobo",0,7.896964718451194,34.53983558814461
"AC018-D0","CVMNK","Wildtype","Pfcrt","Abobo",0,7.896964718451194,34.53983558814461
"AC019-D0","CVMNK","Wildtype","Pfcrt","Abobo",0,7.896964718451194,34.53983558814461
"AC020-D0","CVMNK","Wildtype","Pfcrt","Abobo",0,7.896964718451194,34.53983558814461
"AC021-D0","CVMNK","Wildtype","Pfcrt","Abobo",0,7.896964718451194,34.53983558814461
"AC022-D0","CVMNK","Wildtype","Pfcrt","Abobo",0,7.896964718451194,34.53983558814461
"AC022-D21","CVMNK","Wildtype","Pfcrt","Abobo",21,7.896964718451194,34.53983558814461
"AC023-D0","CVMNK","Wildtype","Pfcrt","Abobo",0,7.896964718451194,34.53983558814461
"AC024-D0","CVMNK","Wildtype","Pfcrt","Abobo",0,7.896964718451194,34.53983558814461
"AC025-D0","CVMNK","Wildtype","Pfcrt","Abobo",0,7.896964718451194,34.53983558814461
"AC027-D0","CVMNK","Wildtype","Pfcrt","Abobo",0,7.896964718451194,34.53983558814461
"AC028-D0","CVMNK","Wildtype","Pfcrt","Abobo",0,7.896964718451194,34.53983558814461
"AC028-D21","CVMNK","Wildtype","Pfcrt","Abobo",21,7.896964718451194,34.53983558814461
"AC029-D0","CVIET","Mutant","Pfcrt","Abobo",0,7.896964718451194,34.53983558814461
"AC032-D0","CVMNK","Wildtype","Pfcrt","Abobo",0,7.896964718451194,34.53983558814461
"AC033-D28","CVMNK","Wildtype","Pfcrt","Abobo",28,7.896964718451194,34.53983558814461
"AC034-D0","CVMNK","Wildtype","Pfcrt","Abobo",0,7.896964718451194,34.53983558814461
"AC036-D0","CVMNK","Wildtype","Pfcrt","Abobo",0,7.896964718451194,34.53983558814461
"AC037-D0","CVMNK","Wildtype","Pfcrt","Abobo",0,7.896964718451194,34.53983558814461
"AC038-D0","CVMNK","Wildtype","Pfcrt","Abobo",0,7.896964718451194,34.53983558814461
"AC039-D0","CVMNK","Wildtype","Pfcrt","Abobo",0,7.896964718451194,34.53983558814461
"AC040-D0","CVMNK","Wildtype","Pfcrt","Abobo",0,7.896964718451194,34.53983558814461
"AC041-D0","CVMNK","Wildtype","Pfcrt","Abobo",0,7.896964718451194,34.53983558814461
"AC043-D0","CVMNK","Wildtype","Pfcrt","Abobo",0,7.896964718451194,34.53983558814461
"AC043-D21","CVMNK","Wildtype","Pfcrt","Abobo",21,7.896964718451194,34.53983558814461
"AC044-D0","CVMNK","Wildtype","Pfcrt","Abobo",0,7.896964718451194,34.53983558814461
"AC045-D0","CVMNK","Wildtype","Pfcrt","Abobo",0,7.896964718451194,34.53983558814461
"AC048-D0","CVMNK","Wildtype","Pfcrt","Abobo",0,7.896964718451194,34.53983558814461
"AC049-D0","CVMNK","Wildtype","Pfcrt","Abobo",0,7.896964718451194,34.53983558814461
"AC051-D0","CVIET","Mutant","Pfcrt","Abobo",0,7.896964718451194,34.53983558814461
"AC052-D0","CVMNK","Wildtype","Pfcrt","Abobo",0,7.896964718451194,34.53983558814461
"AC053-D0","CVMNK","Wildtype","Pfcrt","Abobo",0,7.896964718451194,34.53983558814461
"AC054-D0","CVMNK","Wildtype","Pfcrt","Abobo",0,7.896964718451194,34.53983558814461
"AC055-D0","CVMNK","Wildtype","Pfcrt","Abobo",0,7.896964718451194,34.53983558814461
"AC056-D0","CVMNK","Wildtype","Pfcrt","Abobo",0,7.896964718451194,34.53983558814461
"AC056-D21","CVMNK","Wildtype","Pfcrt","Abobo",21,7.896964718451194,34.53983558814461
"AC057-D0","CVMNK","Wildtype","Pfcrt","Abobo",0,7.896964718451194,34.53983558814461
"AC058-D0","CVIET","Mutant","Pfcrt","Abobo",0,7.896964718451194,34.53983558814461
"AC059-D0","CVMNK","Wildtype","Pfcrt","Abobo",0,7.896964718451194,34.53983558814461
"AC060-D0","CVMNK","Wildtype","Pfcrt","Abobo",0,7.896964718451194,34.53983558814461
"AC061-D0","CVMNK","Wildtype","Pfcrt","Abobo",0,7.896964718451194,34.53983558814461
"AC062-D0","CVIET","Mutant","Pfcrt","Abobo",0,7.896964718451194,34.53983558814461
"AC063-D0","CVMNK","Wildtype","Pfcrt","Abobo",0,7.896964718451194,34.53983558814461
"AC064-D0","CVMNK","Wildtype","Pfcrt","Abobo",0,7.896964718451194,34.53983558814461
"AC065-D0","CVMNK","Wildtype","Pfcrt","Abobo",0,7.896964718451194,34.53983558814461
"AC066-D0","CVMNK","Wildtype","Pfcrt","Abobo",0,7.896964718451194,34.53983558814461
"AC067-D0","CVMNK","Wildtype","Pfcrt","Abobo",0,7.896964718451194,34.53983558814461
"AC069-D0","CVMNK","Wildtype","Pfcrt","Abobo",0,7.896964718451194,34.53983558814461
"AC069-D21","CVMNK","Wildtype","Pfcrt","Abobo",21,7.896964718451194,34.53983558814461
"AC070-D0","CVMNK","Wildtype","Pfcrt","Abobo",0,7.896964718451194,34.53983558814461
"AC071-D0","CVMNK","Wildtype","Pfcrt","Abobo",0,7.896964718451194,34.53983558814461
"AC072-D0","CVMNK","Wildtype","Pfcrt","Abobo",0,7.896964718451194,34.53983558814461
"AC073-D0","CVMNK","Wildtype","Pfcrt","Abobo",0,7.896964718451194,34.53983558814461
"AC074-D0","CVMNK","Wildtype","Pfcrt","Abobo",0,7.896964718451194,34.53983558814461
"AC075-D0","CVMNK","Wildtype","Pfcrt","Abobo",0,7.896964718451194,34.53983558814461
"AC076-D0","CVMNK","Wildtype","Pfcrt","Abobo",0,7.896964718451194,34.53983558814461
"AC077-D0","CVMNK","Wildtype","Pfcrt","Abobo",0,7.896964718451194,34.53983558814461
"AC078-D0","CVMNK","Wildtype","Pfcrt","Abobo",0,7.896964718451194,34.53983558814461
"AC079-D0","CVMNK","Wildtype","Pfcrt","Abobo",0,7.896964718451194,34.53983558814461
"AC080-D0","CVMNK","Wildtype","Pfcrt","Abobo",0,7.896964718451194,34.53983558814461
"AC081-D0","CVMNK","Wildtype","Pfcrt","Abobo",0,7.896964718451194,34.53983558814461
"AC082-D0","CVMNK","Wildtype","Pfcrt","Abobo",0,7.896964718451194,34.53983558814461
"AC083-D0","CVMNK","Wildtype","Pfcrt","Abobo",0,7.896964718451194,34.53983558814461
"AC084-D0","CVMNK","Wildtype","Pfcrt","Abobo",0,7.896964718451194,34.53983558814461
"AC084-D21","CVMNK","Wildtype","Pfcrt","Abobo",21,7.896964718451194,34.53983558814461
"AC085-D0","CVMNK","Wildtype","Pfcrt","Abobo",0,7.896964718451194,34.53983558814461
"AC086-D0","CVMNK","Wildtype","Pfcrt","Abobo",0,7.896964718451194,34.53983558814461
"AC087-D0","CVMNK","Wildtype","Pfcrt","Abobo",0,7.896964718451194,34.53983558814461
"AC088-D0","CVMNK","Wildtype","Pfcrt","Abobo",0,7.896964718451194,34.53983558814461
"AC089-D0","CVMNK","Wildtype","Pfcrt","Abobo",0,7.896964718451194,34.53983558814461
"AC090-D0","CVMNK","Wildtype","Pfcrt","Abobo",0,7.896964718451194,34.53983558814461
"AC091-D0","CVMNK","Wildtype","Pfcrt","Abobo",0,7.896964718451194,34.53983558814461
"AC091-D21","CVMNK","Wildtype","Pfcrt","Abobo",21,7.896964718451194,34.53983558814461
"AC092-D0","CVMNK","Wildtype","Pfcrt","Abobo",0,7.896964718451194,34.53983558814461
"AC093-D0","CVMNK","Wildtype","Pfcrt","Abobo",0,7.896964718451194,34.53983558814461
"AC094-D0","CVMNK","Wildtype","Pfcrt","Abobo",0,7.896964718451194,34.53983558814461
"AC095-D0","CVMNK","Wildtype","Pfcrt","Abobo",0,7.896964718451194,34.53983558814461
"BA001-D0","CVMNK","Wildtype","Pfcrt","Asosa",0,10.06348813323589,34.54016271428651
"BA002-D0","CVMNK","Wildtype","Pfcrt","Asosa",0,10.06348813323589,34.54016271428651
"BA003-D0","CVIET","Mutant","Pfcrt","Asosa",0,10.06348813323589,34.54016271428651
"BA004-D0","CVIET","Mutant","Pfcrt","Asosa",0,10.06348813323589,34.54016271428651
"BA005-D0","CVMNK","Wildtype","Pfcrt","Asosa",0,10.06348813323589,34.54016271428651
"BA006-D0","CVMNK","Wildtype","Pfcrt","Asosa",0,10.06348813323589,34.54016271428651
"BA007-D0","CVMNK","Wildtype","Pfcrt","Asosa",0,10.06348813323589,34.54016271428651
"BA008-D0","CVMNK","Wildtype","Pfcrt","Asosa",0,10.06348813323589,34.54016271428651
"BA010-D0","CVIET","Mutant","Pfcrt","Asosa",0,10.06348813323589,34.54016271428651
"BA011-D0","CVMNK","Wildtype","Pfcrt","Asosa",0,10.06348813323589,34.54016271428651
"BA012-D0","CVMNK","Wildtype","Pfcrt","Asosa",0,10.06348813323589,34.54016271428651
"BA013-D0","CVIET","Mutant","Pfcrt","Asosa",0,10.06348813323589,34.54016271428651
"BA014-D0","CVMNK","Wildtype","Pfcrt","Asosa",0,10.06348813323589,34.54016271428651
"BA015-D0","CVMNK","Wildtype","Pfcrt","Asosa",0,10.06348813323589,34.54016271428651
"BA016-D0","CVMNK","Wildtype","Pfcrt","Asosa",0,10.06348813323589,34.54016271428651
"BA017-D0","CVMNK","Wildtype","Pfcrt","Asosa",0,10.06348813323589,34.54016271428651
"BA018-D0","CVMNK","Wildtype","Pfcrt","Asosa",0,10.06348813323589,34.54016271428651
"BA018-D21","CVMNK","Wildtype","Pfcrt","Asosa",21,10.06348813323589,34.54016271428651
"BA019-D0","CVMNK","Wildtype","Pfcrt","Asosa",0,10.06348813323589,34.54016271428651
"BA021-D0","CVIET","Mutant","Pfcrt","Asosa",0,10.06348813323589,34.54016271428651
"BA022-D0","CVMNK","Wildtype","Pfcrt","Asosa",0,10.06348813323589,34.54016271428651
"BA023-D0","CVMNK","Wildtype","Pfcrt","Asosa",0,10.06348813323589,34.54016271428651
"BA024-D0","CVMNK","Wildtype","Pfcrt","Asosa",0,10.06348813323589,34.54016271428651
"BA025-D0","CVMNK","Wildtype","Pfcrt","Asosa",0,10.06348813323589,34.54016271428651
"BA026-D0","CVMNK","Wildtype","Pfcrt","Asosa",0,10.06348813323589,34.54016271428651
"BA028-D0","CVMNK","Wildtype","Pfcrt","Asosa",0,10.06348813323589,34.54016271428651
"BA029-D0","CVMNK","Wildtype","Pfcrt","Asosa",0,10.06348813323589,34.54016271428651
"BA030-D0","CVMNK","Wildtype","Pfcrt","Asosa",0,10.06348813323589,34.54016271428651
"BA031-D0","CVIET","Mutant","Pfcrt","Asosa",0,10.06348813323589,34.54016271428651
"BA032-D0","CVMNK","Wildtype","Pfcrt","Asosa",0,10.06348813323589,34.54016271428651
"BA033-D0","CVMNK","Wildtype","Pfcrt","Asosa",0,10.06348813323589,34.54016271428651
"BA034-D0","CVIET","Mutant","Pfcrt","Asosa",0,10.06348813323589,34.54016271428651
"BA035-D0","CVMNK","Wildtype","Pfcrt","Asosa",0,10.06348813323589,34.54016271428651
"BA036-D0","CVMNK","Wildtype","Pfcrt","Asosa",0,10.06348813323589,34.54016271428651
"BA037-D0","CVMNK","Wildtype","Pfcrt","Asosa",0,10.06348813323589,34.54016271428651
"BA038-D0","CVMNK","Wildtype","Pfcrt","Asosa",0,10.06348813323589,34.54016271428651
"BA039-D0","CVMNK","Wildtype","Pfcrt","Asosa",0,10.06348813323589,34.54016271428651
"BA040-D0","CVMNK","Wildtype","Pfcrt","Asosa",0,10.06348813323589,34.54016271428651
"BA041-D0","CVIET","Mutant","Pfcrt","Asosa",0,10.06348813323589,34.54016271428651
"BA042-D0","CVMNK","Wildtype","Pfcrt","Asosa",0,10.06348813323589,34.54016271428651
"BA043-D0","CVMNK","Wildtype","Pfcrt","Asosa",0,10.06348813323589,34.54016271428651
"BA044-D0","CVIET","Mutant","Pfcrt","Asosa",0,10.06348813323589,34.54016271428651
"BA045-D0","CVMNK","Wildtype","Pfcrt","Asosa",0,10.06348813323589,34.54016271428651
"BA046-D0","CVMNK","Wildtype","Pfcrt","Asosa",0,10.06348813323589,34.54016271428651
"BA047-D0","CVMNK","Wildtype","Pfcrt","Asosa",0,10.06348813323589,34.54016271428651
"BA048-D0","CVMNK","Wildtype","Pfcrt","Asosa",0,10.06348813323589,34.54016271428651
"BA050-D0","CVIET","Mutant","Pfcrt","Asosa",0,10.06348813323589,34.54016271428651
"BA051-D0","CVMNK","Wildtype","Pfcrt","Asosa",0,10.06348813323589,34.54016271428651
"BA052-D0","CVMNK","Wildtype","Pfcrt","Asosa",0,10.06348813323589,34.54016271428651
"BA053-D0","CVIET","Mutant","Pfcrt","Asosa",0,10.06348813323589,34.54016271428651
"BA055-D0","CVMNK","Wildtype","Pfcrt","Asosa",0,10.06348813323589,34.54016271428651
"BA056-D0","CVMNK","Wildtype","Pfcrt","Asosa",0,10.06348813323589,34.54016271428651
"BA057-D0","CVIET","Mutant","Pfcrt","Asosa",0,10.06348813323589,34.54016271428651
"BA058-D0","CVMNK","Wildtype","Pfcrt","Asosa",0,10.06348813323589,34.54016271428651
"BA059-D0","CVMNK","Wildtype","Pfcrt","Asosa",0,10.06348813323589,34.54016271428651
"BA060-D0","CVMNK","Wildtype","Pfcrt","Asosa",0,10.06348813323589,34.54016271428651
"BA061-D0","CVMNK","Wildtype","Pfcrt","Asosa",0,10.06348813323589,34.54016271428651
"BA062-D0","CVMNK","Wildtype","Pfcrt","Asosa",0,10.06348813323589,34.54016271428651
"BA063-D0","CVMNK","Wildtype","Pfcrt","Asosa",0,10.06348813323589,34.54016271428651
"BA064-D0","CVIET","Mutant","Pfcrt","Asosa",0,10.06348813323589,34.54016271428651
"BA065-D0","CVMNK","Wildtype","Pfcrt","Asosa",0,10.06348813323589,34.54016271428651
"BA066-D0","CVMNK","Wildtype","Pfcrt","Asosa",0,10.06348813323589,34.54016271428651
"BA066-D28","CVMNK","Wildtype","Pfcrt","Asosa",28,10.06348813323589,34.54016271428651
"BA067-D0","CVMNK","Wildtype","Pfcrt","Asosa",0,10.06348813323589,34.54016271428651
"BA068-D0","CVMNK","Wildtype","Pfcrt","Asosa",0,10.06348813323589,34.54016271428651
"BA068-D21","CVMNK","Wildtype","Pfcrt","Asosa",21,10.06348813323589,34.54016271428651
"BA069-D0","CVIET","Mutant","Pfcrt","Asosa",0,10.06348813323589,34.54016271428651
"BA070-D0","CVIET","Mutant","Pfcrt","Asosa",0,10.06348813323589,34.54016271428651
"BA071-D0","CVMNK","Wildtype","Pfcrt","Asosa",0,10.06348813323589,34.54016271428651
"BA072-D0","CVIET","Mutant","Pfcrt","Asosa",0,10.06348813323589,34.54016271428651
"BA073-D0","CVMNK","Wildtype","Pfcrt","Asosa",0,10.06348813323589,34.54016271428651
"BA074-D0","CVMNK","Wildtype","Pfcrt","Asosa",0,10.06348813323589,34.54016271428651
"BA075-D0","CVMNK","Wildtype","Pfcrt","Asosa",0,10.06348813323589,34.54016271428651
"BA076-D0","CVMNK","Wildtype","Pfcrt","Asosa",0,10.06348813323589,34.54016271428651
"BA077-D0","CVMNK","Wildtype","Pfcrt","Asosa",0,10.06348813323589,34.54016271428651
"BA078-D0","CVIET","Mutant","Pfcrt","Asosa",0,10.06348813323589,34.54016271428651
"BA079-D0","CVMNK","Wildtype","Pfcrt","Asosa",0,10.06348813323589,34.54016271428651
"BA081-D0","CVMNK","Wildtype","Pfcrt","Asosa",0,10.06348813323589,34.54016271428651
"BA082-D0","CVMNK","Wildtype","Pfcrt","Asosa",0,10.06348813323589,34.54016271428651
"BA084-D0","CVIET","Mutant","Pfcrt","Asosa",0,10.06348813323589,34.54016271428651
"BA085-D0","CVMNK","Wildtype","Pfcrt","Asosa",0,10.06348813323589,34.54016271428651
"BA086-D0","CVIET","Mutant","Pfcrt","Asosa",0,10.06348813323589,34.54016271428651
"BA087-D0","CVMNK","Wildtype","Pfcrt","Asosa",0,10.06348813323589,34.54016271428651
"BA088-D0","CVIET","Mutant","Pfcrt","Asosa",0,10.06348813323589,34.54016271428651
"GM001-D0","CVIET","Mutant","Pfcrt","Maksegnit",0,12.685570968160466,37.38744777431552
"GM002-D0","CVIET","Mutant","Pfcrt","Maksegnit",0,12.685570968160466,37.38744777431552
"GM003-D0","CVIET","Mutant","Pfcrt","Maksegnit",0,12.685570968160466,37.38744777431552
"GM004-D0","CVIET","Mutant","Pfcrt","Maksegnit",0,12.685570968160466,37.38744777431552
"GM005-D0","CVIET","Mutant","Pfcrt","Maksegnit",0,12.685570968160466,37.38744777431552
"GM006-D0","CVIET","Mutant","Pfcrt","Maksegnit",0,12.685570968160466,37.38744777431552
"GM007-D0","CVIET","Mutant","Pfcrt","Maksegnit",0,12.685570968160466,37.38744777431552
"GM009-D0","CVIET","Mutant","Pfcrt","Maksegnit",0,12.685570968160466,37.38744777431552
"GM010-D0","CVIET","Mutant","Pfcrt","Maksegnit",0,12.685570968160466,37.38744777431552
"GM011-D0","CVIET","Mutant","Pfcrt","Maksegnit",0,12.685570968160466,37.38744777431552
"GM011-D14","CVMNK","Wildtype","Pfcrt","Maksegnit",14,12.685570968160466,37.38744777431552
"GM012-D0","CVIET","Mutant","Pfcrt","Maksegnit",0,12.685570968160466,37.38744777431552
"GM013-D0","CVIET","Mutant","Pfcrt","Maksegnit",0,12.685570968160466,37.38744777431552
"GM014-D0","CVIET","Mutant","Pfcrt","Maksegnit",0,12.685570968160466,37.38744777431552
"GM015-D0","CVMNK","Wildtype","Pfcrt","Maksegnit",0,12.685570968160466,37.38744777431552
"GM016-D0","CVIET","Mutant","Pfcrt","Maksegnit",0,12.685570968160466,37.38744777431552
"GM017-D0","CVIET","Mutant","Pfcrt","Maksegnit",0,12.685570968160466,37.38744777431552
"GM018-D0","CVIET","Mutant","Pfcrt","Maksegnit",0,12.685570968160466,37.38744777431552
"GM019-D0","CVIET","Mutant","Pfcrt","Maksegnit",0,12.685570968160466,37.38744777431552
"GM020-D0","CVIET","Mutant","Pfcrt","Maksegnit",0,12.685570968160466,37.38744777431552
"GM021-D0","CVIET","Mutant","Pfcrt","Maksegnit",0,12.685570968160466,37.38744777431552
"GM022-D0","CVIET","Mutant","Pfcrt","Maksegnit",0,12.685570968160466,37.38744777431552
"GM024-D0","CVIET","Mutant","Pfcrt","Maksegnit",0,12.685570968160466,37.38744777431552
"GM025-D0","CVMNK","Wildtype","Pfcrt","Maksegnit",0,12.685570968160466,37.38744777431552
"GM026-D0","CVIET","Mutant","Pfcrt","Maksegnit",0,12.685570968160466,37.38744777431552
"GM027-D0","CVMNK","Wildtype","Pfcrt","Maksegnit",0,12.685570968160466,37.38744777431552
"GM027-D21","CVMNK","Wildtype","Pfcrt","Maksegnit",21,12.685570968160466,37.38744777431552
"GM028-D0","CVIET","Mutant","Pfcrt","Maksegnit",0,12.685570968160466,37.38744777431552
"GM029-D0","CVMNK","Wildtype","Pfcrt","Maksegnit",0,12.685570968160466,37.38744777431552
"GM030-D0","CVIET","Mutant","Pfcrt","Maksegnit",0,12.685570968160466,37.38744777431552
"GM031-D0","CVIET","Mutant","Pfcrt","Maksegnit",0,12.685570968160466,37.38744777431552
"GM032-D0","CVMNK","Wildtype","Pfcrt","Maksegnit",0,12.685570968160466,37.38744777431552
"GM033-D0","CVIET","Mutant","Pfcrt","Maksegnit",0,12.685570968160466,37.38744777431552
"GM034-D0","CVIET","Mutant","Pfcrt","Maksegnit",0,12.685570968160466,37.38744777431552
"GM035-D0","CVIET","Mutant","Pfcrt","Maksegnit",0,12.685570968160466,37.38744777431552
"GM036-D0","CVIET","Mutant","Pfcrt","Maksegnit",0,12.685570968160466,37.38744777431552
"GM037-D0","CVIET","Mutant","Pfcrt","Maksegnit",0,12.685570968160466,37.38744777431552
"GM038-D0","CVIET","Mutant","Pfcrt","Maksegnit",0,12.685570968160466,37.38744777431552
"GM039-D0","CVIET","Mutant","Pfcrt","Maksegnit",0,12.685570968160466,37.38744777431552
"GM040-D0","CVIET","Mutant","Pfcrt","Maksegnit",0,12.685570968160466,37.38744777431552
"GM042-D0","CVIET","Mutant","Pfcrt","Maksegnit",0,12.685570968160466,37.38744777431552
"GM043-D0","CVIET","Mutant","Pfcrt","Maksegnit",0,12.685570968160466,37.38744777431552
"GM044-D0","CVIET","Mutant","Pfcrt","Maksegnit",0,12.685570968160466,37.38744777431552
"GM045-D0","CVMNK","Wildtype","Pfcrt","Maksegnit",0,12.685570968160466,37.38744777431552
"GM045-D21","CVMNK","Wildtype","Pfcrt","Maksegnit",21,12.685570968160466,37.38744777431552
"GM046-D0","CVMNK","Wildtype","Pfcrt","Maksegnit",0,12.685570968160466,37.38744777431552
"GM046-D28","CVMNK","Wildtype","Pfcrt","Maksegnit",28,12.685570968160466,37.38744777431552
"GM047-D0","CVIET","Mutant","Pfcrt","Maksegnit",0,12.685570968160466,37.38744777431552
"GM048-D0","CVIET","Mutant","Pfcrt","Maksegnit",0,12.685570968160466,37.38744777431552
"GM049-D0","CVMNK","Wildtype","Pfcrt","Maksegnit",0,12.685570968160466,37.38744777431552
"GM050-D0","CVIET","Mutant","Pfcrt","Maksegnit",0,12.685570968160466,37.38744777431552
"GM051-D0","CVIET","Mutant","Pfcrt","Maksegnit",0,12.685570968160466,37.38744777431552
"GM052-D0","CVIET","Mutant","Pfcrt","Maksegnit",0,12.685570968160466,37.38744777431552
"GM053-D0","CVIET","Mutant","Pfcrt","Maksegnit",0,12.685570968160466,37.38744777431552
"GM054-D0","CVIET","Mutant","Pfcrt","Maksegnit",0,12.685570968160466,37.38744777431552
"GM055-D0","CVMNK","Wildtype","Pfcrt","Maksegnit",0,12.685570968160466,37.38744777431552
"GM056-D0","CVIET","Mutant","Pfcrt","Maksegnit",0,12.685570968160466,37.38744777431552
"GM057-D0","CVIET","Mutant","Pfcrt","Maksegnit",0,12.685570968160466,37.38744777431552
"GM058-D0","CVIET","Mutant","Pfcrt","Maksegnit",0,12.685570968160466,37.38744777431552
"GM059-D0","CVIET","Mutant","Pfcrt","Maksegnit",0,12.685570968160466,37.38744777431552
"GM060-D0","CVIET","Mutant","Pfcrt","Maksegnit",0,12.685570968160466,37.38744777431552
"GM061-D0","CVIET","Mutant","Pfcrt","Maksegnit",0,12.685570968160466,37.38744777431552
"GM062-D0","CVIET","Mutant","Pfcrt","Maksegnit",0,12.685570968160466,37.38744777431552
"GM063-D0","CVIET","Mutant","Pfcrt","Maksegnit",0,12.685570968160466,37.38744777431552
"GM063-D21","CVMNK","Wildtype","Pfcrt","Maksegnit",21,12.685570968160466,37.38744777431552
"GM064-D0","CVIET","Mutant","Pfcrt","Maksegnit",0,12.685570968160466,37.38744777431552
"GM065-D0","CVIET","Mutant","Pfcrt","Maksegnit",0,12.685570968160466,37.38744777431552
"GM066-D0","CVIET","Mutant","Pfcrt","Maksegnit",0,12.685570968160466,37.38744777431552
"GM067-D0","CVIET","Mutant","Pfcrt","Maksegnit",0,12.685570968160466,37.38744777431552
"GM068-D0","CVMNK","Wildtype","Pfcrt","Maksegnit",0,12.685570968160466,37.38744777431552
"GM069-D0","CVIET","Mutant","Pfcrt","Maksegnit",0,12.685570968160466,37.38744777431552
"GM070-D0","CVMNK","Wildtype","Pfcrt","Maksegnit",0,12.685570968160466,37.38744777431552
"GM070-D28","CVMNK","Wildtype","Pfcrt","Maksegnit",28,12.685570968160466,37.38744777431552
"GM071-D0","CVIET","Mutant","Pfcrt","Maksegnit",0,12.685570968160466,37.38744777431552
"GM072-D0","CVIET","Mutant","Pfcrt","Maksegnit",0,12.685570968160466,37.38744777431552
"GM073-D0","CVIET","Mutant","Pfcrt","Maksegnit",0,12.685570968160466,37.38744777431552
"GM074-D0","CVIET","Mutant","Pfcrt","Maksegnit",0,12.685570968160466,37.38744777431552
"GM075-D0","CVIET","Mutant","Pfcrt","Maksegnit",0,12.685570968160466,37.38744777431552
"GM076-D0","CVMNK","Wildtype","Pfcrt","Maksegnit",0,12.685570968160466,37.38744777431552
"GM076-D21","CVMNK","Wildtype","Pfcrt","Maksegnit",21,12.685570968160466,37.38744777431552
"GM077-D0","CVIET","Mutant","Pfcrt","Maksegnit",0,12.685570968160466,37.38744777431552
"GM079-D0","CVIET","Mutant","Pfcrt","Maksegnit",0,12.685570968160466,37.38744777431552
"GM080-D0","CVIET","Mutant","Pfcrt","Maksegnit",0,12.685570968160466,37.38744777431552
"GM081-D0","CVIET","Mutant","Pfcrt","Maksegnit",0,12.685570968160466,37.38744777431552
"GM082-D0","CVIET","Mutant","Pfcrt","Maksegnit",0,12.685570968160466,37.38744777431552
"GM082-D21","CVIET","Mutant","Pfcrt","Maksegnit",21,12.685570968160466,37.38744777431552
"GM084-D0","CVIET","Mutant","Pfcrt","Maksegnit",0,12.685570968160466,37.38744777431552
"GM085-D0","CVMNK","Wildtype","Pfcrt","Maksegnit",0,12.685570968160466,37.38744777431552
"GM086-D0","CVIET","Mutant","Pfcrt","Maksegnit",0,12.685570968160466,37.38744777431552
"GM087-D0","CVMNK","Wildtype","Pfcrt","Maksegnit",0,12.685570968160466,37.38744777431552
"GM088-D0","CVIET","Mutant","Pfcrt","Maksegnit",0,12.685570968160466,37.38744777431552
"MM001-D0","CVIET","Mutant","Pfcrt","Mizan",0,6.982334491497925,35.576730179661936
"MM002-D0","CVMNK","Wildtype","Pfcrt","Mizan",0,6.982334491497925,35.576730179661936
"MM004-D0","CVIET","Mutant","Pfcrt","Mizan",0,6.982334491497925,35.576730179661936
"MM005-D0","CVMNK","Wildtype","Pfcrt","Mizan",0,6.982334491497925,35.576730179661936
"MM006-D0","CVMNK","Wildtype","Pfcrt","Mizan",0,6.982334491497925,35.576730179661936
"MM007-D0","CVIET","Mutant","Pfcrt","Mizan",0,6.982334491497925,35.576730179661936
"MM007-D21","CVIET","Mutant","Pfcrt","Mizan",21,6.982334491497925,35.576730179661936
"MM008-D0","CVMNK","Wildtype","Pfcrt","Mizan",0,6.982334491497925,35.576730179661936
"MM008-D21","CVMNK","Wildtype","Pfcrt","Mizan",21,6.982334491497925,35.576730179661936
"MM009-D0","CVMNK","Wildtype","Pfcrt","Mizan",0,6.982334491497925,35.576730179661936
"MM010-D0","CVMNK","Wildtype","Pfcrt","Mizan",0,6.982334491497925,35.576730179661936
"MM011-D0","CVIET","Mutant","Pfcrt","Mizan",0,6.982334491497925,35.576730179661936
"MM013-D0","CVMNK","Wildtype","Pfcrt","Mizan",0,6.982334491497925,35.576730179661936
"MM013-D21","CVMNK","Wildtype","Pfcrt","Mizan",21,6.982334491497925,35.576730179661936
"MM014-D0","CVMNK","Wildtype","Pfcrt","Mizan",0,6.982334491497925,35.576730179661936
"MM015-D0","CVMNK","Wildtype","Pfcrt","Mizan",0,6.982334491497925,35.576730179661936
"MM016-D0","CVMNK","Wildtype","Pfcrt","Mizan",0,6.982334491497925,35.576730179661936
"MM018-D0","CVMNK","Wildtype","Pfcrt","Mizan",0,6.982334491497925,35.576730179661936
"MM019-D0","CVMNK","Wildtype","Pfcrt","Mizan",0,6.982334491497925,35.576730179661936
"MM020-D0","CVMNK","Wildtype","Pfcrt","Mizan",0,6.982334491497925,35.576730179661936
"MM021-D0","CVMNK","Wildtype","Pfcrt","Mizan",0,6.982334491497925,35.576730179661936
"MM022-D0","CVMNK","Wildtype","Pfcrt","Mizan",0,6.982334491497925,35.576730179661936
"MM023-D0","CVMNK","Wildtype","Pfcrt","Mizan",0,6.982334491497925,35.576730179661936
"MM024-D28","CVMNK","Wildtype","Pfcrt","Mizan",28,6.982334491497925,35.576730179661936
"MM025-D0","CVMNK","Wildtype","Pfcrt","Mizan",0,6.982334491497925,35.576730179661936
"MM026-D0","CVIET","Mutant","Pfcrt","Mizan",0,6.982334491497925,35.576730179661936
"MM027-D0","CVIET","Mutant","Pfcrt","Mizan",0,6.982334491497925,35.576730179661936
"MM029-D0","CVIET","Mutant","Pfcrt","Mizan",0,6.982334491497925,35.576730179661936
"MM030-D0","CVMNK","Wildtype","Pfcrt","Mizan",0,6.982334491497925,35.576730179661936
"MM030-D28","CVMNK","Wildtype","Pfcrt","Mizan",28,6.982334491497925,35.576730179661936
"MM031-D0","CVMNK","Wildtype","Pfcrt","Mizan",0,6.982334491497925,35.576730179661936
"MM032-D0","CVMNK","Wildtype","Pfcrt","Mizan",0,6.982334491497925,35.576730179661936
"MM033-D0","CVMNK","Wildtype","Pfcrt","Mizan",0,6.982334491497925,35.576730179661936
"MM033-D21","CVMNK","Wildtype","Pfcrt","Mizan",21,6.982334491497925,35.576730179661936
"MM034-D0","CVMNK","Wildtype","Pfcrt","Mizan",0,6.982334491497925,35.576730179661936
"MM035-D0","CVIET","Mutant","Pfcrt","Mizan",0,6.982334491497925,35.576730179661936
"MM036-D0","CVIET","Mutant","Pfcrt","Mizan",0,6.982334491497925,35.576730179661936
"MM037-D0","CVMNK","Wildtype","Pfcrt","Mizan",0,6.982334491497925,35.576730179661936
"MM037-D21","CVMNK","Wildtype","Pfcrt","Mizan",21,6.982334491497925,35.576730179661936
"MM039-D0","CVMNK","Wildtype","Pfcrt","Mizan",0,6.982334491497925,35.576730179661936
"MM041-D0","CVMNK","Wildtype","Pfcrt","Mizan",0,6.982334491497925,35.576730179661936
"MM042-D0","CVMNK","Wildtype","Pfcrt","Mizan",0,6.982334491497925,35.576730179661936
"MM043-D0","CVMNK","Wildtype","Pfcrt","Mizan",0,6.982334491497925,35.576730179661936
"MM044-D0","CVIET","Mutant","Pfcrt","Mizan",0,6.982334491497925,35.576730179661936
"MM045-D0","CVIET","Mutant","Pfcrt","Mizan",0,6.982334491497925,35.576730179661936
"MM045-D28","CVIET","Mutant","Pfcrt","Mizan",28,6.982334491497925,35.576730179661936
"MM046-D0","CVIET","Mutant","Pfcrt","Mizan",0,6.982334491497925,35.576730179661936
"MM047-D0","CVMNK","Wildtype","Pfcrt","Mizan",0,6.982334491497925,35.576730179661936
"MM047-D21","CVMNK","Wildtype","Pfcrt","Mizan",21,6.982334491497925,35.576730179661936
"MM048-D21","CVMNK","Wildtype","Pfcrt","Mizan",21,6.982334491497925,35.576730179661936
"MM049-D0","CVMNK","Wildtype","Pfcrt","Mizan",0,6.982334491497925,35.576730179661936
"MM049-D21","CVMNK","Wildtype","Pfcrt","Mizan",21,6.982334491497925,35.576730179661936
"MM050-D0","CVIET","Mutant","Pfcrt","Mizan",0,6.982334491497925,35.576730179661936
"MM051-D0","CVIET","Mutant","Pfcrt","Mizan",0,6.982334491497925,35.576730179661936
"MM052-D0","CVMNK","Wildtype","Pfcrt","Mizan",0,6.982334491497925,35.576730179661936
"MM053-D0","CVMNK","Wildtype","Pfcrt","Mizan",0,6.982334491497925,35.576730179661936
"MM053-D28","CVMNK","Wildtype","Pfcrt","Mizan",28,6.982334491497925,35.576730179661936
"MM054-D0","CVMNK","Wildtype","Pfcrt","Mizan",0,6.982334491497925,35.576730179661936
"MM055-D0","CVMNK","Wildtype","Pfcrt","Mizan",0,6.982334491497925,35.576730179661936
"MM055-D21","CVIET","Mutant","Pfcrt","Mizan",21,6.982334491497925,35.576730179661936
"MM056-D0","CVMNK","Wildtype","Pfcrt","Mizan",0,6.982334491497925,35.576730179661936
"MM057-D21","CVMNK","Wildtype","Pfcrt","Mizan",21,6.982334491497925,35.576730179661936
"MM058-D0","CVMNK","Wildtype","Pfcrt","Mizan",0,6.982334491497925,35.576730179661936
"MM059-D0","CVMNK","Wildtype","Pfcrt","Mizan",0,6.982334491497925,35.576730179661936
"MM059-D21","CVMNK","Wildtype","Pfcrt","Mizan",21,6.982334491497925,35.576730179661936
"MM060-D0","CVIET","Mutant","Pfcrt","Mizan",0,6.982334491497925,35.576730179661936
"MM060-D28","CVMNK","Wildtype","Pfcrt","Mizan",28,6.982334491497925,35.576730179661936
"MM061-D0","CVMNK","Wildtype","Pfcrt","Mizan",0,6.982334491497925,35.576730179661936
"MM061-D28","CVMNK","Wildtype","Pfcrt","Mizan",28,6.982334491497925,35.576730179661936
"MM062-D0","CVIET","Mutant","Pfcrt","Mizan",0,6.982334491497925,35.576730179661936
"MM063-D0","CVMNK","Wildtype","Pfcrt","Mizan",0,6.982334491497925,35.576730179661936
"MM064-D0","CVMNK","Wildtype","Pfcrt","Mizan",0,6.982334491497925,35.576730179661936
"MM064-D28","CVMNK","Wildtype","Pfcrt","Mizan",28,6.982334491497925,35.576730179661936
"MM065-D0","CVMNK","Wildtype","Pfcrt","Mizan",0,6.982334491497925,35.576730179661936
"MM066-D0","CVMNK","Wildtype","Pfcrt","Mizan",0,6.982334491497925,35.576730179661936
"MM066-D28","CVIET","Mutant","Pfcrt","Mizan",28,6.982334491497925,35.576730179661936
"MM067-D0","CVMNK","Wildtype","Pfcrt","Mizan",0,6.982334491497925,35.576730179661936
"MM068-D0","CVMNK","Wildtype","Pfcrt","Mizan",0,6.982334491497925,35.576730179661936
"MM069-D0","CVMNK","Wildtype","Pfcrt","Mizan",0,6.982334491497925,35.576730179661936
"MM071-D0","CVMNK","Wildtype","Pfcrt","Mizan",0,6.982334491497925,35.576730179661936
"MM071-D14","CVMNK","Wildtype","Pfcrt","Mizan",14,6.982334491497925,35.576730179661936
"MM072-D0","CVMNK","Wildtype","Pfcrt","Mizan",0,6.982334491497925,35.576730179661936
"MM073-D0","CVMNK","Wildtype","Pfcrt","Mizan",0,6.982334491497925,35.576730179661936
"MM073-D21","CVMNK","Wildtype","Pfcrt","Mizan",21,6.982334491497925,35.576730179661936
"MM074-D0","CVMNK","Wildtype","Pfcrt","Mizan",0,6.982334491497925,35.576730179661936
"MM075-D0","CVMNK","Wildtype","Pfcrt","Mizan",0,6.982334491497925,35.576730179661936
"MM076-D0","CVIET","Mutant","Pfcrt","Mizan",0,6.982334491497925,35.576730179661936
"MM077-D0","CVMNK","Wildtype","Pfcrt","Mizan",0,6.982334491497925,35.576730179661936
"MM077-D21","CVMNK","Wildtype","Pfcrt","Mizan",21,6.982334491497925,35.576730179661936
"MM078-D0","CVIET","Mutant","Pfcrt","Mizan",0,6.982334491497925,35.576730179661936
"MM079-D0","CVMNK","Wildtype","Pfcrt","Mizan",0,6.982334491497925,35.576730179661936
"MM080-D0","CVMNK","Wildtype","Pfcrt","Mizan",0,6.982334491497925,35.576730179661936
"MM081-D0","CVIET","Mutant","Pfcrt","Mizan",0,6.982334491497925,35.576730179661936
"MM082-D0","CVMNK","Wildtype","Pfcrt","Mizan",0,6.982334491497925,35.576730179661936
"MM083-D0","CVIET","Mutant","Pfcrt","Mizan",0,6.982334491497925,35.576730179661936
"MM085-D0","CVMNK","Wildtype","Pfcrt","Mizan",0,6.982334491497925,35.576730179661936
"MM085-D14","CVMNK","Wildtype","Pfcrt","Mizan",14,6.982334491497925,35.576730179661936
"MM086-D0","CVIET","Mutant","Pfcrt","Mizan",0,6.982334491497925,35.576730179661936
"MM086-D21","CVMNK","Wildtype","Pfcrt","Mizan",21,6.982334491497925,35.576730179661936
"MM087-D0","CVMNK","Wildtype","Pfcrt","Mizan",0,6.982334491497925,35.576730179661936
"MM088-D0","CVMNK","Wildtype","Pfcrt","Mizan",0,6.982334491497925,35.576730179661936
"AA001-D0","IRNI","Mutant","Pfdhfr","Asayita",0,11.570272615681317,41.436477959346526
"AA003-D0","ICNI","Mutant","Pfdhfr","Asayita",0,11.570272615681317,41.436477959346526
"AA004-D0","IRNI","Mutant","Pfdhfr","Asayita",0,11.570272615681317,41.436477959346526
"AA005-D0","IRNI","Mutant","Pfdhfr","Asayita",0,11.570272615681317,41.436477959346526
"AA006-D0","ICNI","Mutant","Pfdhfr","Asayita",0,11.570272615681317,41.436477959346526
"AA007-D0","ICNI","Mutant","Pfdhfr","Asayita",0,11.570272615681317,41.436477959346526
"AA008-D0","ICNI","Mutant","Pfdhfr","Asayita",0,11.570272615681317,41.436477959346526
"AA009-D0","ICNI","Mutant","Pfdhfr","Asayita",0,11.570272615681317,41.436477959346526
"AA011-D0","ICNI","Mutant","Pfdhfr","Asayita",0,11.570272615681317,41.436477959346526
"AA013-D0","ICNI","Mutant","Pfdhfr","Asayita",0,11.570272615681317,41.436477959346526
"AA014-D0","ICNI","Mutant","Pfdhfr","Asayita",0,11.570272615681317,41.436477959346526
"AA015-D0","ICNI","Mutant","Pfdhfr","Asayita",0,11.570272615681317,41.436477959346526
"AA016-D0","ICNI","Mutant","Pfdhfr","Asayita",0,11.570272615681317,41.436477959346526
"AA018-D0","IRNI","Mutant","Pfdhfr","Asayita",0,11.570272615681317,41.436477959346526
"AA019-D0","IRNI","Mutant","Pfdhfr","Asayita",0,11.570272615681317,41.436477959346526
"AA020-D0","IRNI","Mutant","Pfdhfr","Asayita",0,11.570272615681317,41.436477959346526
"AA021-D0","ICNI","Mutant","Pfdhfr","Asayita",0,11.570272615681317,41.436477959346526
"AA022-D0","IRNI","Mutant","Pfdhfr","Asayita",0,11.570272615681317,41.436477959346526
"AA023-D0","ICNI","Mutant","Pfdhfr","Asayita",0,11.570272615681317,41.436477959346526
"AA024-D0","NRNI","Mutant","Pfdhfr","Asayita",0,11.570272615681317,41.436477959346526
"AA025-D0","IRNI","Mutant","Pfdhfr","Asayita",0,11.570272615681317,41.436477959346526
"AA026-D0","ICNI","Mutant","Pfdhfr","Asayita",0,11.570272615681317,41.436477959346526
"AA027-D0","ICNI","Mutant","Pfdhfr","Asayita",0,11.570272615681317,41.436477959346526
"AA028-D0","ICNI","Mutant","Pfdhfr","Asayita",0,11.570272615681317,41.436477959346526
"AA029-D0","ICNI","Mutant","Pfdhfr","Asayita",0,11.570272615681317,41.436477959346526
"AA030-D0","ICNI","Mutant","Pfdhfr","Asayita",0,11.570272615681317,41.436477959346526
"AA031-D0","ICNI","Mutant","Pfdhfr","Asayita",0,11.570272615681317,41.436477959346526
"AA032-D0","ICNI","Mutant","Pfdhfr","Asayita",0,11.570272615681317,41.436477959346526
"AA033-D0","ICNI","Mutant","Pfdhfr","Asayita",0,11.570272615681317,41.436477959346526
"AA034-D0","ICNI","Mutant","Pfdhfr","Asayita",0,11.570272615681317,41.436477959346526
"AA034-Unsch","ICNI","Mutant","Pfdhfr","Asayita",26,11.570272615681317,41.436477959346526
"AA036-D0","ICNI","Mutant","Pfdhfr","Asayita",0,11.570272615681317,41.436477959346526
"AA037-D0","ICNI","Mutant","Pfdhfr","Asayita",0,11.570272615681317,41.436477959346526
"AA039-D0","IRNI","Mutant","Pfdhfr","Asayita",0,11.570272615681317,41.436477959346526
"AA040-D0","ICNI","Mutant","Pfdhfr","Asayita",0,11.570272615681317,41.436477959346526
"AA042-D0","IRNI","Mutant","Pfdhfr","Asayita",0,11.570272615681317,41.436477959346526
"AA043-D0","ICNI","Mutant","Pfdhfr","Asayita",0,11.570272615681317,41.436477959346526
"AA044-D0","ICNI","Mutant","Pfdhfr","Asayita",0,11.570272615681317,41.436477959346526
"AA045-D0","ICNI","Mutant","Pfdhfr","Asayita",0,11.570272615681317,41.436477959346526
"AA046-D0","ICNI","Mutant","Pfdhfr","Asayita",0,11.570272615681317,41.436477959346526
"AA047-D0","ICNI","Mutant","Pfdhfr","Asayita",0,11.570272615681317,41.436477959346526
"AA048-D0","ICNI","Mutant","Pfdhfr","Asayita",0,11.570272615681317,41.436477959346526
"AA049-D0","ICNI","Mutant","Pfdhfr","Asayita",0,11.570272615681317,41.436477959346526
"AA051-D0","IRNI","Mutant","Pfdhfr","Asayita",0,11.570272615681317,41.436477959346526
"AA052-D0","ICNI","Mutant","Pfdhfr","Asayita",0,11.570272615681317,41.436477959346526
"AA053-D0","ICNI","Mutant","Pfdhfr","Asayita",0,11.570272615681317,41.436477959346526
"AA054-D0","ICNI","Mutant","Pfdhfr","Asayita",0,11.570272615681317,41.436477959346526
"AA057-D0","ICNI","Mutant","Pfdhfr","Asayita",0,11.570272615681317,41.436477959346526
"AA058-D0","ICNI","Mutant","Pfdhfr","Asayita",0,11.570272615681317,41.436477959346526
"AA060-D0","IRNI","Mutant","Pfdhfr","Asayita",0,11.570272615681317,41.436477959346526
"AA061-D0","NRNI","Mutant","Pfdhfr","Asayita",0,11.570272615681317,41.436477959346526
"AA062-D0","ICNI","Mutant","Pfdhfr","Asayita",0,11.570272615681317,41.436477959346526
"AA063-D0","ICNI","Mutant","Pfdhfr","Asayita",0,11.570272615681317,41.436477959346526
"AA064-D0","ICNI","Mutant","Pfdhfr","Asayita",0,11.570272615681317,41.436477959346526
"AA065-D0","ICNI","Mutant","Pfdhfr","Asayita",0,11.570272615681317,41.436477959346526
"AA066-D0","ICNI","Mutant","Pfdhfr","Asayita",0,11.570272615681317,41.436477959346526
"AA067-D0","IRNI","Mutant","Pfdhfr","Asayita",0,11.570272615681317,41.436477959346526
"AA068-D0","ICNI","Mutant","Pfdhfr","Asayita",0,11.570272615681317,41.436477959346526
"AA069-D0","ICNI","Mutant","Pfdhfr","Asayita",0,11.570272615681317,41.436477959346526
"AA070-D0","IRNI","Mutant","Pfdhfr","Asayita",0,11.570272615681317,41.436477959346526
"AA073-D0","ICNI","Mutant","Pfdhfr","Asayita",0,11.570272615681317,41.436477959346526
"AA076-D0","ICNI","Mutant","Pfdhfr","Asayita",0,11.570272615681317,41.436477959346526
"AA077-D0","ICNI","Mutant","Pfdhfr","Asayita",0,11.570272615681317,41.436477959346526
"AA078-D0","ICNI","Mutant","Pfdhfr","Asayita",0,11.570272615681317,41.436477959346526
"AA080-D0","ICNI","Mutant","Pfdhfr","Asayita",0,11.570272615681317,41.436477959346526
"AA081-D0","ICNI","Mutant","Pfdhfr","Asayita",0,11.570272615681317,41.436477959346526
"AA081-D28","ICNI","Mutant","Pfdhfr","Asayita",28,11.570272615681317,41.436477959346526
"AA082-D0","IRNI","Mutant","Pfdhfr","Asayita",0,11.570272615681317,41.436477959346526
"AA083-D0","NRNI","Mutant","Pfdhfr","Asayita",0,11.570272615681317,41.436477959346526
"AA084-D0","ICNI","Mutant","Pfdhfr","Asayita",0,11.570272615681317,41.436477959346526
"AA085-D0","ICNI","Mutant","Pfdhfr","Asayita",0,11.570272615681317,41.436477959346526
"AA086-D0","ICNI","Mutant","Pfdhfr","Asayita",0,11.570272615681317,41.436477959346526
"AA088-D0","ICNI","Mutant","Pfdhfr","Asayita",0,11.570272615681317,41.436477959346526
"AA089-D0","IRNI","Mutant","Pfdhfr","Asayita",0,11.570272615681317,41.436477959346526
"AA090-D0","IRNI","Mutant","Pfdhfr","Asayita",0,11.570272615681317,41.436477959346526
"AA091-D0","IRNI","Mutant","Pfdhfr","Asayita",0,11.570272615681317,41.436477959346526
"AA092-D0","IRNI","Mutant","Pfdhfr","Asayita",0,11.570272615681317,41.436477959346526
"AA093-D0","IRNI","Mutant","Pfdhfr","Asayita",0,11.570272615681317,41.436477959346526
"AA094-D0","ICNI","Mutant","Pfdhfr","Asayita",0,11.570272615681317,41.436477959346526
"AA095-D0","IRNI","Mutant","Pfdhfr","Asayita",0,11.570272615681317,41.436477959346526
"AA096-D0","IRNI","Mutant","Pfdhfr","Asayita",0,11.570272615681317,41.436477959346526
"AA097-D0","IRNI","Mutant","Pfdhfr","Asayita",0,11.570272615681317,41.436477959346526
"AA098-D0","ICNI","Mutant","Pfdhfr","Asayita",0,11.570272615681317,41.436477959346526
"AA099-D0","IRNI","Mutant","Pfdhfr","Asayita",0,11.570272615681317,41.436477959346526
"AA100-D0","IRNI","Mutant","Pfdhfr","Asayita",0,11.570272615681317,41.436477959346526
"AC002-D0","ICNI","Mutant","Pfdhfr","Abobo",0,7.896964718451194,34.53983558814461
"AC003-D0","ICNI","Mutant","Pfdhfr","Abobo",0,7.896964718451194,34.53983558814461
"AC004-D0","IRNI","Mutant","Pfdhfr","Abobo",0,7.896964718451194,34.53983558814461
"AC004-D28","IRNI","Mutant","Pfdhfr","Abobo",28,7.896964718451194,34.53983558814461
"AC005-D0","ICNI","Mutant","Pfdhfr","Abobo",0,7.896964718451194,34.53983558814461
"AC006-D0","IRNI","Mutant","Pfdhfr","Abobo",0,7.896964718451194,34.53983558814461
"AC007-D0","ICNI","Mutant","Pfdhfr","Abobo",0,7.896964718451194,34.53983558814461
"AC009-D0","NCSI","Wildtype","Pfdhfr","Abobo",0,7.896964718451194,34.53983558814461
"AC010-D0","IRNI","Mutant","Pfdhfr","Abobo",0,7.896964718451194,34.53983558814461
"AC012-D0","ICNI","Mutant","Pfdhfr","Abobo",0,7.896964718451194,34.53983558814461
"AC013-D0","NCSI","Wildtype","Pfdhfr","Abobo",0,7.896964718451194,34.53983558814461
"AC014-D0","ICNI","Mutant","Pfdhfr","Abobo",0,7.896964718451194,34.53983558814461
"AC015-D0","IRNI","Mutant","Pfdhfr","Abobo",0,7.896964718451194,34.53983558814461
"AC015-D28","ICNI","Mutant","Pfdhfr","Abobo",28,7.896964718451194,34.53983558814461
"AC017-D0","IRNI","Mutant","Pfdhfr","Abobo",0,7.896964718451194,34.53983558814461
"AC018-D0","ICNI","Mutant","Pfdhfr","Abobo",0,7.896964718451194,34.53983558814461
"AC019-D0","ICNI","Mutant","Pfdhfr","Abobo",0,7.896964718451194,34.53983558814461
"AC021-D0","ICNI","Mutant","Pfdhfr","Abobo",0,7.896964718451194,34.53983558814461
"AC022-D0","IRNI","Mutant","Pfdhfr","Abobo",0,7.896964718451194,34.53983558814461
"AC022-D21","IRNI","Mutant","Pfdhfr","Abobo",21,7.896964718451194,34.53983558814461
"AC023-D0","ICNI","Mutant","Pfdhfr","Abobo",0,7.896964718451194,34.53983558814461
"AC024-D0","ICNI","Mutant","Pfdhfr","Abobo",0,7.896964718451194,34.53983558814461
"AC025-D0","IRNI","Mutant","Pfdhfr","Abobo",0,7.896964718451194,34.53983558814461
"AC027-D0","IRNI","Mutant","Pfdhfr","Abobo",0,7.896964718451194,34.53983558814461
"AC028-D0","IRNI","Mutant","Pfdhfr","Abobo",0,7.896964718451194,34.53983558814461
"AC028-D21","IRNI","Mutant","Pfdhfr","Abobo",21,7.896964718451194,34.53983558814461
"AC029-D0","IRNI","Mutant","Pfdhfr","Abobo",0,7.896964718451194,34.53983558814461
"AC032-D0","ICNI","Mutant","Pfdhfr","Abobo",0,7.896964718451194,34.53983558814461
"AC033-D0","IRNI","Mutant","Pfdhfr","Abobo",0,7.896964718451194,34.53983558814461
"AC033-D28","NCSI","Wildtype","Pfdhfr","Abobo",28,7.896964718451194,34.53983558814461
"AC034-D0","IRNI","Mutant","Pfdhfr","Abobo",0,7.896964718451194,34.53983558814461
"AC036-D0","IRNI","Mutant","Pfdhfr","Abobo",0,7.896964718451194,34.53983558814461
"AC038-D0","IRNI","Mutant","Pfdhfr","Abobo",0,7.896964718451194,34.53983558814461
"AC040-D0","IRNI","Mutant","Pfdhfr","Abobo",0,7.896964718451194,34.53983558814461
"AC041-D0","IRNI","Mutant","Pfdhfr","Abobo",0,7.896964718451194,34.53983558814461
"AC043-D0","ICNI","Mutant","Pfdhfr","Abobo",0,7.896964718451194,34.53983558814461
"AC043-D21","ICNI","Mutant","Pfdhfr","Abobo",21,7.896964718451194,34.53983558814461
"AC044-D0","IRNI","Mutant","Pfdhfr","Abobo",0,7.896964718451194,34.53983558814461
"AC045-D0","ICNI","Mutant","Pfdhfr","Abobo",0,7.896964718451194,34.53983558814461
"AC048-D0","NCSI","Wildtype","Pfdhfr","Abobo",0,7.896964718451194,34.53983558814461
"AC049-D0","IRNI","Mutant","Pfdhfr","Abobo",0,7.896964718451194,34.53983558814461
"AC051-D0","IRNI","Mutant","Pfdhfr","Abobo",0,7.896964718451194,34.53983558814461
"AC052-D0","ICNI","Mutant","Pfdhfr","Abobo",0,7.896964718451194,34.53983558814461
"AC053-D0","ICNI","Mutant","Pfdhfr","Abobo",0,7.896964718451194,34.53983558814461
"AC054-D0","IRNI","Mutant","Pfdhfr","Abobo",0,7.896964718451194,34.53983558814461
"AC055-D0","IRNI","Mutant","Pfdhfr","Abobo",0,7.896964718451194,34.53983558814461
"AC056-D0","IRNI","Mutant","Pfdhfr","Abobo",0,7.896964718451194,34.53983558814461
"AC056-D21","ICNI","Mutant","Pfdhfr","Abobo",21,7.896964718451194,34.53983558814461
"AC057-D0","IRNI","Mutant","Pfdhfr","Abobo",0,7.896964718451194,34.53983558814461
"AC058-D0","IRNI","Mutant","Pfdhfr","Abobo",0,7.896964718451194,34.53983558814461
"AC060-D0","ICNI","Mutant","Pfdhfr","Abobo",0,7.896964718451194,34.53983558814461
"AC061-D0","IRNI","Mutant","Pfdhfr","Abobo",0,7.896964718451194,34.53983558814461
"AC062-D0","IRNI","Mutant","Pfdhfr","Abobo",0,7.896964718451194,34.53983558814461
"AC063-D0","IRNI","Mutant","Pfdhfr","Abobo",0,7.896964718451194,34.53983558814461
"AC064-D0","ICNI","Mutant","Pfdhfr","Abobo",0,7.896964718451194,34.53983558814461
"AC065-D0","IRNI","Mutant","Pfdhfr","Abobo",0,7.896964718451194,34.53983558814461
"AC067-D0","IRNI","Mutant","Pfdhfr","Abobo",0,7.896964718451194,34.53983558814461
"AC069-D0","IRNI","Mutant","Pfdhfr","Abobo",0,7.896964718451194,34.53983558814461
"AC069-D21","IRNI","Mutant","Pfdhfr","Abobo",21,7.896964718451194,34.53983558814461
"AC070-D0","NCSI","Wildtype","Pfdhfr","Abobo",0,7.896964718451194,34.53983558814461
"AC071-D0","NRNI","Mutant","Pfdhfr","Abobo",0,7.896964718451194,34.53983558814461
"AC072-D0","ICNI","Mutant","Pfdhfr","Abobo",0,7.896964718451194,34.53983558814461
"AC075-D0","NCSI","Wildtype","Pfdhfr","Abobo",0,7.896964718451194,34.53983558814461
"AC076-D0","ICNI","Mutant","Pfdhfr","Abobo",0,7.896964718451194,34.53983558814461
"AC077-D0","IRNI","Mutant","Pfdhfr","Abobo",0,7.896964718451194,34.53983558814461
"AC078-D0","NCSI","Wildtype","Pfdhfr","Abobo",0,7.896964718451194,34.53983558814461
"AC079-D0","NCSI","Wildtype","Pfdhfr","Abobo",0,7.896964718451194,34.53983558814461
"AC080-D0","IRNI","Mutant","Pfdhfr","Abobo",0,7.896964718451194,34.53983558814461
"AC081-D0","IRNI","Mutant","Pfdhfr","Abobo",0,7.896964718451194,34.53983558814461
"AC082-D0","ICNI","Mutant","Pfdhfr","Abobo",0,7.896964718451194,34.53983558814461
"AC083-D0","ICNI","Mutant","Pfdhfr","Abobo",0,7.896964718451194,34.53983558814461
"AC084-D0","ICNI","Mutant","Pfdhfr","Abobo",0,7.896964718451194,34.53983558814461
"AC084-D21","ICNI","Mutant","Pfdhfr","Abobo",21,7.896964718451194,34.53983558814461
"AC085-D0","ICNI","Mutant","Pfdhfr","Abobo",0,7.896964718451194,34.53983558814461
"AC087-D0","NCSI","Wildtype","Pfdhfr","Abobo",0,7.896964718451194,34.53983558814461
"AC088-D0","ICNI","Mutant","Pfdhfr","Abobo",0,7.896964718451194,34.53983558814461
"AC089-D0","ICNI","Mutant","Pfdhfr","Abobo",0,7.896964718451194,34.53983558814461
"AC090-D0","ICNI","Mutant","Pfdhfr","Abobo",0,7.896964718451194,34.53983558814461
"AC091-D0","IRNI","Mutant","Pfdhfr","Abobo",0,7.896964718451194,34.53983558814461
"AC091-D21","IRNI","Mutant","Pfdhfr","Abobo",21,7.896964718451194,34.53983558814461
"AC092-D0","ICNI","Mutant","Pfdhfr","Abobo",0,7.896964718451194,34.53983558814461
"AC093-D0","IRNI","Mutant","Pfdhfr","Abobo",0,7.896964718451194,34.53983558814461
"AC094-D0","IRNI","Mutant","Pfdhfr","Abobo",0,7.896964718451194,34.53983558814461
"AC095-D0","ICNI","Mutant","Pfdhfr","Abobo",0,7.896964718451194,34.53983558814461
"BA001-D0","NCSI","Wildtype","Pfdhfr","Asosa",0,10.06348813323589,34.54016271428651
"BA003-D0","ICNI","Mutant","Pfdhfr","Asosa",0,10.06348813323589,34.54016271428651
"BA004-D0","IRNI","Mutant","Pfdhfr","Asosa",0,10.06348813323589,34.54016271428651
"BA005-D0","ICNI","Mutant","Pfdhfr","Asosa",0,10.06348813323589,34.54016271428651
"BA007-D0","ICNI","Mutant","Pfdhfr","Asosa",0,10.06348813323589,34.54016271428651
"BA012-D0","ICNI","Mutant","Pfdhfr","Asosa",0,10.06348813323589,34.54016271428651
"BA013-D0","IRNI","Mutant","Pfdhfr","Asosa",0,10.06348813323589,34.54016271428651
"BA016-D0","ICNI","Mutant","Pfdhfr","Asosa",0,10.06348813323589,34.54016271428651
"BA017-D0","NCSI","Wildtype","Pfdhfr","Asosa",0,10.06348813323589,34.54016271428651
"BA018-D0","NCSI","Wildtype","Pfdhfr","Asosa",0,10.06348813323589,34.54016271428651
"BA018-D21","NCSI","Wildtype","Pfdhfr","Asosa",21,10.06348813323589,34.54016271428651
"BA021-D0","ICNI","Mutant","Pfdhfr","Asosa",0,10.06348813323589,34.54016271428651
"BA022-D0","ICNI","Mutant","Pfdhfr","Asosa",0,10.06348813323589,34.54016271428651
"BA024-D0","ICNI","Mutant","Pfdhfr","Asosa",0,10.06348813323589,34.54016271428651
"BA026-D0","NCSI","Wildtype","Pfdhfr","Asosa",0,10.06348813323589,34.54016271428651
"BA028-D0","NCSI","Wildtype","Pfdhfr","Asosa",0,10.06348813323589,34.54016271428651
"BA029-D0","IRNI","Mutant","Pfdhfr","Asosa",0,10.06348813323589,34.54016271428651
"BA030-D0","IRNI","Mutant","Pfdhfr","Asosa",0,10.06348813323589,34.54016271428651
"BA031-D0","IRNI","Mutant","Pfdhfr","Asosa",0,10.06348813323589,34.54016271428651
"BA032-D0","ICNI","Mutant","Pfdhfr","Asosa",0,10.06348813323589,34.54016271428651
"BA033-D0","ICNI","Mutant","Pfdhfr","Asosa",0,10.06348813323589,34.54016271428651
"BA034-D0","IRNI","Mutant","Pfdhfr","Asosa",0,10.06348813323589,34.54016271428651
"BA035-D0","NCSI","Wildtype","Pfdhfr","Asosa",0,10.06348813323589,34.54016271428651
"BA036-D0","IRNI","Mutant","Pfdhfr","Asosa",0,10.06348813323589,34.54016271428651
"BA037-D0","ICNI","Mutant","Pfdhfr","Asosa",0,10.06348813323589,34.54016271428651
"BA039-D0","ICNI","Mutant","Pfdhfr","Asosa",0,10.06348813323589,34.54016271428651
"BA040-D0","NCSI","Wildtype","Pfdhfr","Asosa",0,10.06348813323589,34.54016271428651
"BA042-D0","NCSI","Wildtype","Pfdhfr","Asosa",0,10.06348813323589,34.54016271428651
"BA044-D0","IRNI","Mutant","Pfdhfr","Asosa",0,10.06348813323589,34.54016271428651
"BA046-D0","ICNI","Mutant","Pfdhfr","Asosa",0,10.06348813323589,34.54016271428651
"BA047-D0","IRNI","Mutant","Pfdhfr","Asosa",0,10.06348813323589,34.54016271428651
"BA048-D0","ICNI","Mutant","Pfdhfr","Asosa",0,10.06348813323589,34.54016271428651
"BA050-D0","IRNI","Mutant","Pfdhfr","Asosa",0,10.06348813323589,34.54016271428651
"BA051-D0","IRNI","Mutant","Pfdhfr","Asosa",0,10.06348813323589,34.54016271428651
"BA052-D0","ICNI","Mutant","Pfdhfr","Asosa",0,10.06348813323589,34.54016271428651
"BA053-D0","ICNI","Mutant","Pfdhfr","Asosa",0,10.06348813323589,34.54016271428651
"BA055-D0","ICNI","Mutant","Pfdhfr","Asosa",0,10.06348813323589,34.54016271428651
"BA056-D0","ICNI","Mutant","Pfdhfr","Asosa",0,10.06348813323589,34.54016271428651
"BA057-D0","ICNI","Mutant","Pfdhfr","Asosa",0,10.06348813323589,34.54016271428651
"BA058-D0","ICNI","Mutant","Pfdhfr","Asosa",0,10.06348813323589,34.54016271428651
"BA060-D0","ICNI","Mutant","Pfdhfr","Asosa",0,10.06348813323589,34.54016271428651
"BA061-D0","IRNI","Mutant","Pfdhfr","Asosa",0,10.06348813323589,34.54016271428651
"BA062-D0","NCSI","Wildtype","Pfdhfr","Asosa",0,10.06348813323589,34.54016271428651
"BA063-D0","IRNI","Mutant","Pfdhfr","Asosa",0,10.06348813323589,34.54016271428651
"BA064-D0","IRNI","Mutant","Pfdhfr","Asosa",0,10.06348813323589,34.54016271428651
"BA065-D0","ICNI","Mutant","Pfdhfr","Asosa",0,10.06348813323589,34.54016271428651
"BA066-D0","ICNI","Mutant","Pfdhfr","Asosa",0,10.06348813323589,34.54016271428651
"BA066-D28","ICNI","Mutant","Pfdhfr","Asosa",28,10.06348813323589,34.54016271428651
"BA068-D0","ICNI","Mutant","Pfdhfr","Asosa",0,10.06348813323589,34.54016271428651
"BA068-D21","ICNI","Mutant","Pfdhfr","Asosa",21,10.06348813323589,34.54016271428651
"BA069-D0","ICNI","Mutant","Pfdhfr","Asosa",0,10.06348813323589,34.54016271428651
"BA071-D0","ICNI","Mutant","Pfdhfr","Asosa",0,10.06348813323589,34.54016271428651
"BA072-D0","IRNI","Mutant","Pfdhfr","Asosa",0,10.06348813323589,34.54016271428651
"BA073-D0","IRNI","Mutant","Pfdhfr","Asosa",0,10.06348813323589,34.54016271428651
"BA074-D0","ICNI","Mutant","Pfdhfr","Asosa",0,10.06348813323589,34.54016271428651
"BA075-D0","ICNI","Mutant","Pfdhfr","Asosa",0,10.06348813323589,34.54016271428651
"BA076-D0","ICNI","Mutant","Pfdhfr","Asosa",0,10.06348813323589,34.54016271428651
"BA077-D0","IRNI","Mutant","Pfdhfr","Asosa",0,10.06348813323589,34.54016271428651
"BA078-D0","IRNI","Mutant","Pfdhfr","Asosa",0,10.06348813323589,34.54016271428651
"BA082-D0","ICNI","Mutant","Pfdhfr","Asosa",0,10.06348813323589,34.54016271428651
"BA084-D0","IRNI","Mutant","Pfdhfr","Asosa",0,10.06348813323589,34.54016271428651
"BA085-D0","ICNI","Mutant","Pfdhfr","Asosa",0,10.06348813323589,34.54016271428651
"BA086-D0","IRNI","Mutant","Pfdhfr","Asosa",0,10.06348813323589,34.54016271428651
"BA087-D0","NCSI","Wildtype","Pfdhfr","Asosa",0,10.06348813323589,34.54016271428651
"BA088-D0","ICNI","Mutant","Pfdhfr","Asosa",0,10.06348813323589,34.54016271428651
"GM001-D0","ICNI","Mutant","Pfdhfr","Maksegnit",0,12.685570968160466,37.38744777431552
"GM002-D0","ICNI","Mutant","Pfdhfr","Maksegnit",0,12.685570968160466,37.38744777431552
"GM003-D0","ICNI","Mutant","Pfdhfr","Maksegnit",0,12.685570968160466,37.38744777431552
"GM004-D0","IRNI","Mutant","Pfdhfr","Maksegnit",0,12.685570968160466,37.38744777431552
"GM005-D0","IRNI","Mutant","Pfdhfr","Maksegnit",0,12.685570968160466,37.38744777431552
"GM006-D0","ICNI","Mutant","Pfdhfr","Maksegnit",0,12.685570968160466,37.38744777431552
"GM007-D0","ICNI","Mutant","Pfdhfr","Maksegnit",0,12.685570968160466,37.38744777431552
"GM008-D0","ICNI","Mutant","Pfdhfr","Maksegnit",0,12.685570968160466,37.38744777431552
"GM010-D0","ICNI","Mutant","Pfdhfr","Maksegnit",0,12.685570968160466,37.38744777431552
"GM011-D0","ICNI","Mutant","Pfdhfr","Maksegnit",0,12.685570968160466,37.38744777431552
"GM011-D14","ICNI","Mutant","Pfdhfr","Maksegnit",14,12.685570968160466,37.38744777431552
"GM012-D0","ICNI","Mutant","Pfdhfr","Maksegnit",0,12.685570968160466,37.38744777431552
"GM013-D0","ICNI","Mutant","Pfdhfr","Maksegnit",0,12.685570968160466,37.38744777431552
"GM014-D0","ICNI","Mutant","Pfdhfr","Maksegnit",0,12.685570968160466,37.38744777431552
"GM015-D0","ICNI","Mutant","Pfdhfr","Maksegnit",0,12.685570968160466,37.38744777431552
"GM016-D0","ICNI","Mutant","Pfdhfr","Maksegnit",0,12.685570968160466,37.38744777431552
"GM017-D0","IRNI","Mutant","Pfdhfr","Maksegnit",0,12.685570968160466,37.38744777431552
"GM018-D0","ICNI","Mutant","Pfdhfr","Maksegnit",0,12.685570968160466,37.38744777431552
"GM019-D0","ICNI","Mutant","Pfdhfr","Maksegnit",0,12.685570968160466,37.38744777431552
"GM020-D0","ICNI","Mutant","Pfdhfr","Maksegnit",0,12.685570968160466,37.38744777431552
"GM021-D0","IRNI","Mutant","Pfdhfr","Maksegnit",0,12.685570968160466,37.38744777431552
"GM022-D0","ICNI","Mutant","Pfdhfr","Maksegnit",0,12.685570968160466,37.38744777431552
"GM024-D0","IRNI","Mutant","Pfdhfr","Maksegnit",0,12.685570968160466,37.38744777431552
"GM025-D0","IRNI","Mutant","Pfdhfr","Maksegnit",0,12.685570968160466,37.38744777431552
"GM026-D0","IRNI","Mutant","Pfdhfr","Maksegnit",0,12.685570968160466,37.38744777431552
"GM027-D0","ICNI","Mutant","Pfdhfr","Maksegnit",0,12.685570968160466,37.38744777431552
"GM027-D21","ICNI","Mutant","Pfdhfr","Maksegnit",21,12.685570968160466,37.38744777431552
"GM028-D0","ICNI","Mutant","Pfdhfr","Maksegnit",0,12.685570968160466,37.38744777431552
"GM029-D0","ICNI","Mutant","Pfdhfr","Maksegnit",0,12.685570968160466,37.38744777431552
"GM030-D0","ICNI","Mutant","Pfdhfr","Maksegnit",0,12.685570968160466,37.38744777431552
"GM031-D0","ICNI","Mutant","Pfdhfr","Maksegnit",0,12.685570968160466,37.38744777431552
"GM032-D0","IRNI","Mutant","Pfdhfr","Maksegnit",0,12.685570968160466,37.38744777431552
"GM033-D0","ICNI","Mutant","Pfdhfr","Maksegnit",0,12.685570968160466,37.38744777431552
"GM034-D0","IRNI","Mutant","Pfdhfr","Maksegnit",0,12.685570968160466,37.38744777431552
"GM035-D0","ICNI","Mutant","Pfdhfr","Maksegnit",0,12.685570968160466,37.38744777431552
"GM036-D0","ICNI","Mutant","Pfdhfr","Maksegnit",0,12.685570968160466,37.38744777431552
"GM037-D0","IRNI","Mutant","Pfdhfr","Maksegnit",0,12.685570968160466,37.38744777431552
"GM038-D0","ICNI","Mutant","Pfdhfr","Maksegnit",0,12.685570968160466,37.38744777431552
"GM039-D0","ICNI","Mutant","Pfdhfr","Maksegnit",0,12.685570968160466,37.38744777431552
"GM040-D0","ICNI","Mutant","Pfdhfr","Maksegnit",0,12.685570968160466,37.38744777431552
"GM041-D0","ICNI","Mutant","Pfdhfr","Maksegnit",0,12.685570968160466,37.38744777431552
"GM042-D0","ICNI","Mutant","Pfdhfr","Maksegnit",0,12.685570968160466,37.38744777431552
"GM043-D0","IRNI","Mutant","Pfdhfr","Maksegnit",0,12.685570968160466,37.38744777431552
"GM044-D0","ICNI","Mutant","Pfdhfr","Maksegnit",0,12.685570968160466,37.38744777431552
"GM045-D21","IRNI","Mutant","Pfdhfr","Maksegnit",21,12.685570968160466,37.38744777431552
"GM046-D0","ICNI","Mutant","Pfdhfr","Maksegnit",0,12.685570968160466,37.38744777431552
"GM046-D28","ICNI","Mutant","Pfdhfr","Maksegnit",28,12.685570968160466,37.38744777431552
"GM047-D0","ICNI","Mutant","Pfdhfr","Maksegnit",0,12.685570968160466,37.38744777431552
"GM048-D0","ICNI","Mutant","Pfdhfr","Maksegnit",0,12.685570968160466,37.38744777431552
"GM049-D0","ICNI","Mutant","Pfdhfr","Maksegnit",0,12.685570968160466,37.38744777431552
"GM050-D0","ICNI","Mutant","Pfdhfr","Maksegnit",0,12.685570968160466,37.38744777431552
"GM051-D0","ICNI","Mutant","Pfdhfr","Maksegnit",0,12.685570968160466,37.38744777431552
"GM052-D0","ICNI","Mutant","Pfdhfr","Maksegnit",0,12.685570968160466,37.38744777431552
"GM053-D0","IRNI","Mutant","Pfdhfr","Maksegnit",0,12.685570968160466,37.38744777431552
"GM054-D0","IRNI","Mutant","Pfdhfr","Maksegnit",0,12.685570968160466,37.38744777431552
"GM055-D0","ICNI","Mutant","Pfdhfr","Maksegnit",0,12.685570968160466,37.38744777431552
"GM056-D0","ICNI","Mutant","Pfdhfr","Maksegnit",0,12.685570968160466,37.38744777431552
"GM057-D0","IRNI","Mutant","Pfdhfr","Maksegnit",0,12.685570968160466,37.38744777431552
"GM058-D0","IRNI","Mutant","Pfdhfr","Maksegnit",0,12.685570968160466,37.38744777431552
"GM059-D0","ICNI","Mutant","Pfdhfr","Maksegnit",0,12.685570968160466,37.38744777431552
"GM060-D0","IRNI","Mutant","Pfdhfr","Maksegnit",0,12.685570968160466,37.38744777431552
"GM061-D0","ICNI","Mutant","Pfdhfr","Maksegnit",0,12.685570968160466,37.38744777431552
"GM062-D0","ICNI","Mutant","Pfdhfr","Maksegnit",0,12.685570968160466,37.38744777431552
"GM063-D0","ICNI","Mutant","Pfdhfr","Maksegnit",0,12.685570968160466,37.38744777431552
"GM063-D21","IRNI","Mutant","Pfdhfr","Maksegnit",21,12.685570968160466,37.38744777431552
"GM064-D0","IRNI","Mutant","Pfdhfr","Maksegnit",0,12.685570968160466,37.38744777431552
"GM065-D0","ICNI","Mutant","Pfdhfr","Maksegnit",0,12.685570968160466,37.38744777431552
"GM066-D0","IRNI","Mutant","Pfdhfr","Maksegnit",0,12.685570968160466,37.38744777431552
"GM067-D0","ICNI","Mutant","Pfdhfr","Maksegnit",0,12.685570968160466,37.38744777431552
"GM068-D0","ICNI","Mutant","Pfdhfr","Maksegnit",0,12.685570968160466,37.38744777431552
"GM069-D0","ICNI","Mutant","Pfdhfr","Maksegnit",0,12.685570968160466,37.38744777431552
"GM070-D0","ICNI","Mutant","Pfdhfr","Maksegnit",0,12.685570968160466,37.38744777431552
"GM070-D28","ICNI","Mutant","Pfdhfr","Maksegnit",28,12.685570968160466,37.38744777431552
"GM071-D0","ICNI","Mutant","Pfdhfr","Maksegnit",0,12.685570968160466,37.38744777431552
"GM072-D0","ICNI","Mutant","Pfdhfr","Maksegnit",0,12.685570968160466,37.38744777431552
"GM073-D0","ICNI","Mutant","Pfdhfr","Maksegnit",0,12.685570968160466,37.38744777431552
"GM074-D0","ICNI","Mutant","Pfdhfr","Maksegnit",0,12.685570968160466,37.38744777431552
"GM075-D0","ICNI","Mutant","Pfdhfr","Maksegnit",0,12.685570968160466,37.38744777431552
"GM076-D0","ICNI","Mutant","Pfdhfr","Maksegnit",0,12.685570968160466,37.38744777431552
"GM076-D21","ICNI","Mutant","Pfdhfr","Maksegnit",21,12.685570968160466,37.38744777431552
"GM077-D0","ICNI","Mutant","Pfdhfr","Maksegnit",0,12.685570968160466,37.38744777431552
"GM078-D0","ICNI","Mutant","Pfdhfr","Maksegnit",0,12.685570968160466,37.38744777431552
"GM079-D0","IRNI","Mutant","Pfdhfr","Maksegnit",0,12.685570968160466,37.38744777431552
"GM080-D0","ICNI","Mutant","Pfdhfr","Maksegnit",0,12.685570968160466,37.38744777431552
"GM081-D0","IRNI","Mutant","Pfdhfr","Maksegnit",0,12.685570968160466,37.38744777431552
"GM082-D0","ICNI","Mutant","Pfdhfr","Maksegnit",0,12.685570968160466,37.38744777431552
"GM082-D21","ICNI","Mutant","Pfdhfr","Maksegnit",21,12.685570968160466,37.38744777431552
"GM083-D0","IRNI","Mutant","Pfdhfr","Maksegnit",0,12.685570968160466,37.38744777431552
"GM085-D0","IRNI","Mutant","Pfdhfr","Maksegnit",0,12.685570968160466,37.38744777431552
"GM086-D0","ICNI","Mutant","Pfdhfr","Maksegnit",0,12.685570968160466,37.38744777431552
"GM087-D0","IRNI","Mutant","Pfdhfr","Maksegnit",0,12.685570968160466,37.38744777431552
"GM088-D0","IRNI","Mutant","Pfdhfr","Maksegnit",0,12.685570968160466,37.38744777431552
"GM089-D0","ICNI","Mutant","Pfdhfr","Maksegnit",0,12.685570968160466,37.38744777431552
"MM001-D0","IRNI","Mutant","Pfdhfr","Mizan",0,6.982334491497925,35.576730179661936
"MM002-D0","NCSI","Wildtype","Pfdhfr","Mizan",0,6.982334491497925,35.576730179661936
"MM004-D0","IRNI","Mutant","Pfdhfr","Mizan",0,6.982334491497925,35.576730179661936
"MM007-D21","IRNI","Mutant","Pfdhfr","Mizan",21,6.982334491497925,35.576730179661936
"MM008-D0","IRNI","Mutant","Pfdhfr","Mizan",0,6.982334491497925,35.576730179661936
"MM008-D21","IRNI","Mutant","Pfdhfr","Mizan",21,6.982334491497925,35.576730179661936
"MM009-D0","IRNI","Mutant","Pfdhfr","Mizan",0,6.982334491497925,35.576730179661936
"MM010-D0","ICNI","Mutant","Pfdhfr","Mizan",0,6.982334491497925,35.576730179661936
"MM011-D0","IRNI","Mutant","Pfdhfr","Mizan",0,6.982334491497925,35.576730179661936
"MM013-D0","ICNI","Mutant","Pfdhfr","Mizan",0,6.982334491497925,35.576730179661936
"MM013-D21","ICNI","Mutant","Pfdhfr","Mizan",21,6.982334491497925,35.576730179661936
"MM014-D0","IRNI","Mutant","Pfdhfr","Mizan",0,6.982334491497925,35.576730179661936
"MM015-D0","ICNI","Mutant","Pfdhfr","Mizan",0,6.982334491497925,35.576730179661936
"MM016-D0","IRNI","Mutant","Pfdhfr","Mizan",0,6.982334491497925,35.576730179661936
"MM019-D0","IRNI","Mutant","Pfdhfr","Mizan",0,6.982334491497925,35.576730179661936
"MM020-D0","ICNI","Mutant","Pfdhfr","Mizan",0,6.982334491497925,35.576730179661936
"MM021-D0","IRNI","Mutant","Pfdhfr","Mizan",0,6.982334491497925,35.576730179661936
"MM022-D0","IRNI","Mutant","Pfdhfr","Mizan",0,6.982334491497925,35.576730179661936
"MM023-D0","IRNI","Mutant","Pfdhfr","Mizan",0,6.982334491497925,35.576730179661936
"MM024-D0","IRNI","Mutant","Pfdhfr","Mizan",0,6.982334491497925,35.576730179661936
"MM024-D28","IRNI","Mutant","Pfdhfr","Mizan",28,6.982334491497925,35.576730179661936
"MM026-D0","IRNI","Mutant","Pfdhfr","Mizan",0,6.982334491497925,35.576730179661936
"MM027-D0","ICNI","Mutant","Pfdhfr","Mizan",0,6.982334491497925,35.576730179661936
"MM029-D0","IRNI","Mutant","Pfdhfr","Mizan",0,6.982334491497925,35.576730179661936
"MM030-D28","ICNI","Mutant","Pfdhfr","Mizan",28,6.982334491497925,35.576730179661936
"MM031-D0","IRNI","Mutant","Pfdhfr","Mizan",0,6.982334491497925,35.576730179661936
"MM032-D0","IRNI","Mutant","Pfdhfr","Mizan",0,6.982334491497925,35.576730179661936
"MM033-D0","IRNI","Mutant","Pfdhfr","Mizan",0,6.982334491497925,35.576730179661936
"MM033-D21","IRNI","Mutant","Pfdhfr","Mizan",21,6.982334491497925,35.576730179661936
"MM034-D0","IRNI","Mutant","Pfdhfr","Mizan",0,6.982334491497925,35.576730179661936
"MM035-D0","IRNI","Mutant","Pfdhfr","Mizan",0,6.982334491497925,35.576730179661936
"MM036-D0","IRNI","Mutant","Pfdhfr","Mizan",0,6.982334491497925,35.576730179661936
"MM037-D0","IRNI","Mutant","Pfdhfr","Mizan",0,6.982334491497925,35.576730179661936
"MM037-D21","IRNI","Mutant","Pfdhfr","Mizan",21,6.982334491497925,35.576730179661936
"MM042-D0","IRNI","Mutant","Pfdhfr","Mizan",0,6.982334491497925,35.576730179661936
"MM043-D0","IRNI","Mutant","Pfdhfr","Mizan",0,6.982334491497925,35.576730179661936
"MM044-D0","IRNI","Mutant","Pfdhfr","Mizan",0,6.982334491497925,35.576730179661936
"MM045-D28","IRNI","Mutant","Pfdhfr","Mizan",28,6.982334491497925,35.576730179661936
"MM046-D0","ICNI","Mutant","Pfdhfr","Mizan",0,6.982334491497925,35.576730179661936
"MM047-D0","IRNI","Mutant","Pfdhfr","Mizan",0,6.982334491497925,35.576730179661936
"MM047-D21","IRNI","Mutant","Pfdhfr","Mizan",21,6.982334491497925,35.576730179661936
"MM048-D21","IRNI","Mutant","Pfdhfr","Mizan",21,6.982334491497925,35.576730179661936
"MM049-D0","IRNI","Mutant","Pfdhfr","Mizan",0,6.982334491497925,35.576730179661936
"MM050-D0","IRNI","Mutant","Pfdhfr","Mizan",0,6.982334491497925,35.576730179661936
"MM051-D0","IRNI","Mutant","Pfdhfr","Mizan",0,6.982334491497925,35.576730179661936
"MM052-D0","IRNI","Mutant","Pfdhfr","Mizan",0,6.982334491497925,35.576730179661936
"MM053-D0","IRNI","Mutant","Pfdhfr","Mizan",0,6.982334491497925,35.576730179661936
"MM053-D28","IRNI","Mutant","Pfdhfr","Mizan",28,6.982334491497925,35.576730179661936
"MM054-D0","IRNI","Mutant","Pfdhfr","Mizan",0,6.982334491497925,35.576730179661936
"MM055-D0","IRNI","Mutant","Pfdhfr","Mizan",0,6.982334491497925,35.576730179661936
"MM055-D21","IRNI","Mutant","Pfdhfr","Mizan",21,6.982334491497925,35.576730179661936
"MM057-D21","IRNI","Mutant","Pfdhfr","Mizan",21,6.982334491497925,35.576730179661936
"MM058-D0","IRNI","Mutant","Pfdhfr","Mizan",0,6.982334491497925,35.576730179661936
"MM059-D0","IRNI","Mutant","Pfdhfr","Mizan",0,6.982334491497925,35.576730179661936
"MM059-D21","IRNI","Mutant","Pfdhfr","Mizan",21,6.982334491497925,35.576730179661936
"MM060-D0","IRNI","Mutant","Pfdhfr","Mizan",0,6.982334491497925,35.576730179661936
"MM060-D28","IRNI","Mutant","Pfdhfr","Mizan",28,6.982334491497925,35.576730179661936
"MM061-D28","IRNI","Mutant","Pfdhfr","Mizan",28,6.982334491497925,35.576730179661936
"MM062-D0","IRNI","Mutant","Pfdhfr","Mizan",0,6.982334491497925,35.576730179661936
"MM063-D0","IRNI","Mutant","Pfdhfr","Mizan",0,6.982334491497925,35.576730179661936
"MM065-D0","IRNI","Mutant","Pfdhfr","Mizan",0,6.982334491497925,35.576730179661936
"MM066-D0","IRNI","Mutant","Pfdhfr","Mizan",0,6.982334491497925,35.576730179661936
"MM066-D28","IRNI","Mutant","Pfdhfr","Mizan",28,6.982334491497925,35.576730179661936
"MM067-D0","IRNI","Mutant","Pfdhfr","Mizan",0,6.982334491497925,35.576730179661936
"MM068-D0","IRNI","Mutant","Pfdhfr","Mizan",0,6.982334491497925,35.576730179661936
"MM069-D0","IRNI","Mutant","Pfdhfr","Mizan",0,6.982334491497925,35.576730179661936
"MM070-D0","IRNI","Mutant","Pfdhfr","Mizan",0,6.982334491497925,35.576730179661936
"MM071-D0","IRNI","Mutant","Pfdhfr","Mizan",0,6.982334491497925,35.576730179661936
"MM071-D14","ICNI","Mutant","Pfdhfr","Mizan",14,6.982334491497925,35.576730179661936
"MM072-D0","IRNI","Mutant","Pfdhfr","Mizan",0,6.982334491497925,35.576730179661936
"MM073-D0","IRNI","Mutant","Pfdhfr","Mizan",0,6.982334491497925,35.576730179661936
"MM073-D21","ICNI","Mutant","Pfdhfr","Mizan",21,6.982334491497925,35.576730179661936
"MM074-D0","IRNI","Mutant","Pfdhfr","Mizan",0,6.982334491497925,35.576730179661936
"MM075-D0","ICNI","Mutant","Pfdhfr","Mizan",0,6.982334491497925,35.576730179661936
"MM076-D0","IRNI","Mutant","Pfdhfr","Mizan",0,6.982334491497925,35.576730179661936
"MM077-D0","IRNI","Mutant","Pfdhfr","Mizan",0,6.982334491497925,35.576730179661936
"MM077-D21","IRNI","Mutant","Pfdhfr","Mizan",21,6.982334491497925,35.576730179661936
"MM078-D0","IRNI","Mutant","Pfdhfr","Mizan",0,6.982334491497925,35.576730179661936
"MM080-D0","ICNI","Mutant","Pfdhfr","Mizan",0,6.982334491497925,35.576730179661936
"MM081-D0","IRNI","Mutant","Pfdhfr","Mizan",0,6.982334491497925,35.576730179661936
"MM082-D0","IRNI","Mutant","Pfdhfr","Mizan",0,6.982334491497925,35.576730179661936
"MM083-D0","IRNI","Mutant","Pfdhfr","Mizan",0,6.982334491497925,35.576730179661936
"MM085-D0","IRNI","Mutant","Pfdhfr","Mizan",0,6.982334491497925,35.576730179661936
"MM085-D14","IRNI","Mutant","Pfdhfr","Mizan",14,6.982334491497925,35.576730179661936
"MM086-D0","ICNI","Mutant","Pfdhfr","Mizan",0,6.982334491497925,35.576730179661936
"MM086-D21","IRNI","Mutant","Pfdhfr","Mizan",21,6.982334491497925,35.576730179661936
"MM087-D0","IRNI","Mutant","Pfdhfr","Mizan",0,6.982334491497925,35.576730179661936
"MM088-D0","IRNI","Mutant","Pfdhfr","Mizan",0,6.982334491497925,35.576730179661936
"AA001-D0","SGEAA","Mutant","Pfdhps","Asayita",0,11.570272615681317,41.436477959346526
"AA003-D0","SAKAA","Wildtype","Pfdhps","Asayita",0,11.570272615681317,41.436477959346526
"AA004-D0","SAKAA","Wildtype","Pfdhps","Asayita",0,11.570272615681317,41.436477959346526
"AA005-D0","SAKAA","Wildtype","Pfdhps","Asayita",0,11.570272615681317,41.436477959346526
"AA006-D0","SGEAA","Mutant","Pfdhps","Asayita",0,11.570272615681317,41.436477959346526
"AA007-D0","SGEAA","Mutant","Pfdhps","Asayita",0,11.570272615681317,41.436477959346526
"AA008-D0","SAKAA","Wildtype","Pfdhps","Asayita",0,11.570272615681317,41.436477959346526
"AA009-D0","SGEAA","Mutant","Pfdhps","Asayita",0,11.570272615681317,41.436477959346526
"AA010-D0","SAKAA","Wildtype","Pfdhps","Asayita",0,11.570272615681317,41.436477959346526
"AA011-D0","SAKAA","Wildtype","Pfdhps","Asayita",0,11.570272615681317,41.436477959346526
"AA012-D0","SAKAA","Wildtype","Pfdhps","Asayita",0,11.570272615681317,41.436477959346526
"AA013-D0","SAKAA","Wildtype","Pfdhps","Asayita",0,11.570272615681317,41.436477959346526
"AA014-D0","SAKAA","Wildtype","Pfdhps","Asayita",0,11.570272615681317,41.436477959346526
"AA015-D0","SAKAA","Wildtype","Pfdhps","Asayita",0,11.570272615681317,41.436477959346526
"AA016-D0","SAKAA","Wildtype","Pfdhps","Asayita",0,11.570272615681317,41.436477959346526
"AA018-D0","SAKAA","Wildtype","Pfdhps","Asayita",0,11.570272615681317,41.436477959346526
"AA019-D0","SAKAA","Wildtype","Pfdhps","Asayita",0,11.570272615681317,41.436477959346526
"AA020-D0","SAKAA","Wildtype","Pfdhps","Asayita",0,11.570272615681317,41.436477959346526
"AA021-D0","SAKAA","Wildtype","Pfdhps","Asayita",0,11.570272615681317,41.436477959346526
"AA022-D0","SAKAA","Wildtype","Pfdhps","Asayita",0,11.570272615681317,41.436477959346526
"AA023-D0","SGEAA","Mutant","Pfdhps","Asayita",0,11.570272615681317,41.436477959346526
"AA024-D0","SAKAA","Wildtype","Pfdhps","Asayita",0,11.570272615681317,41.436477959346526
"AA025-D0","SAKAA","Wildtype","Pfdhps","Asayita",0,11.570272615681317,41.436477959346526
"AA026-D0","SAKAA","Wildtype","Pfdhps","Asayita",0,11.570272615681317,41.436477959346526
"AA027-D0","SAKAA","Wildtype","Pfdhps","Asayita",0,11.570272615681317,41.436477959346526
"AA028-D0","SAKAA","Wildtype","Pfdhps","Asayita",0,11.570272615681317,41.436477959346526
"AA029-D0","SAKAA","Wildtype","Pfdhps","Asayita",0,11.570272615681317,41.436477959346526
"AA031-D0","SAKAA","Wildtype","Pfdhps","Asayita",0,11.570272615681317,41.436477959346526
"AA032-D0","SGEAA","Mutant","Pfdhps","Asayita",0,11.570272615681317,41.436477959346526
"AA033-D0","SAKAA","Wildtype","Pfdhps","Asayita",0,11.570272615681317,41.436477959346526
"AA034-D0","SAKAA","Wildtype","Pfdhps","Asayita",0,11.570272615681317,41.436477959346526
"AA034-Unsch","SAKAA","Wildtype","Pfdhps","Asayita",26,11.570272615681317,41.436477959346526
"AA036-D0","SAKAA","Wildtype","Pfdhps","Asayita",0,11.570272615681317,41.436477959346526
"AA037-D0","SAKAA","Wildtype","Pfdhps","Asayita",0,11.570272615681317,41.436477959346526
"AA038-D0","SAKAA","Wildtype","Pfdhps","Asayita",0,11.570272615681317,41.436477959346526
"AA039-D0","SGEAA","Mutant","Pfdhps","Asayita",0,11.570272615681317,41.436477959346526
"AA040-D0","SGEAA","Mutant","Pfdhps","Asayita",0,11.570272615681317,41.436477959346526
"AA042-D0","SAKAA","Wildtype","Pfdhps","Asayita",0,11.570272615681317,41.436477959346526
"AA043-D0","SGEAA","Mutant","Pfdhps","Asayita",0,11.570272615681317,41.436477959346526
"AA044-D0","SAKAA","Wildtype","Pfdhps","Asayita",0,11.570272615681317,41.436477959346526
"AA045-D0","SAKAA","Wildtype","Pfdhps","Asayita",0,11.570272615681317,41.436477959346526
"AA046-D0","SGEAA","Mutant","Pfdhps","Asayita",0,11.570272615681317,41.436477959346526
"AA047-D0","SGEAA","Mutant","Pfdhps","Asayita",0,11.570272615681317,41.436477959346526
"AA048-D0","SGEAA","Mutant","Pfdhps","Asayita",0,11.570272615681317,41.436477959346526
"AA051-D0","SAKAA","Wildtype","Pfdhps","Asayita",0,11.570272615681317,41.436477959346526
"AA052-D0","SAKAA","Wildtype","Pfdhps","Asayita",0,11.570272615681317,41.436477959346526
"AA053-D0","SAKAA","Wildtype","Pfdhps","Asayita",0,11.570272615681317,41.436477959346526
"AA054-D0","SGEAA","Mutant","Pfdhps","Asayita",0,11.570272615681317,41.436477959346526
"AA057-D0","SAKAA","Wildtype","Pfdhps","Asayita",0,11.570272615681317,41.436477959346526
"AA058-D0","SGEAA","Mutant","Pfdhps","Asayita",0,11.570272615681317,41.436477959346526
"AA060-D0","SAKAA","Wildtype","Pfdhps","Asayita",0,11.570272615681317,41.436477959346526
"AA061-D0","SGEAA","Mutant","Pfdhps","Asayita",0,11.570272615681317,41.436477959346526
"AA062-D0","SAKAA","Wildtype","Pfdhps","Asayita",0,11.570272615681317,41.436477959346526
"AA063-D0","SAKAA","Wildtype","Pfdhps","Asayita",0,11.570272615681317,41.436477959346526
"AA064-D0","SAKAA","Wildtype","Pfdhps","Asayita",0,11.570272615681317,41.436477959346526
"AA065-D0","SGEAA","Mutant","Pfdhps","Asayita",0,11.570272615681317,41.436477959346526
"AA066-D0","SGEAA","Mutant","Pfdhps","Asayita",0,11.570272615681317,41.436477959346526
"AA067-D0","SAKAA","Wildtype","Pfdhps","Asayita",0,11.570272615681317,41.436477959346526
"AA068-D0","SGEAA","Mutant","Pfdhps","Asayita",0,11.570272615681317,41.436477959346526
"AA069-D0","SAKAA","Wildtype","Pfdhps","Asayita",0,11.570272615681317,41.436477959346526
"AA070-D0","SAKAA","Wildtype","Pfdhps","Asayita",0,11.570272615681317,41.436477959346526
"AA073-D0","SGEAA","Mutant","Pfdhps","Asayita",0,11.570272615681317,41.436477959346526
"AA076-D0","SAKAA","Wildtype","Pfdhps","Asayita",0,11.570272615681317,41.436477959346526
"AA077-D0","SAKAA","Wildtype","Pfdhps","Asayita",0,11.570272615681317,41.436477959346526
"AA080-D0","SAKAA","Wildtype","Pfdhps","Asayita",0,11.570272615681317,41.436477959346526
"AA081-D0","SAKAA","Wildtype","Pfdhps","Asayita",0,11.570272615681317,41.436477959346526
"AA081-D28","SAKAA","Wildtype","Pfdhps","Asayita",28,11.570272615681317,41.436477959346526
"AA082-D0","SGEAA","Mutant","Pfdhps","Asayita",0,11.570272615681317,41.436477959346526
"AA083-D0","SAKAA","Wildtype","Pfdhps","Asayita",0,11.570272615681317,41.436477959346526
"AA084-D0","SAKAA","Wildtype","Pfdhps","Asayita",0,11.570272615681317,41.436477959346526
"AA085-D0","SAKAA","Wildtype","Pfdhps","Asayita",0,11.570272615681317,41.436477959346526
"AA086-D0","SAKAA","Wildtype","Pfdhps","Asayita",0,11.570272615681317,41.436477959346526
"AA088-D0","SAKAA","Wildtype","Pfdhps","Asayita",0,11.570272615681317,41.436477959346526
"AA089-D0","SAKAA","Wildtype","Pfdhps","Asayita",0,11.570272615681317,41.436477959346526
"AA090-D0","SAKAA","Wildtype","Pfdhps","Asayita",0,11.570272615681317,41.436477959346526
"AA091-D0","SGEAA","Mutant","Pfdhps","Asayita",0,11.570272615681317,41.436477959346526
"AA092-D0","SAKAA","Wildtype","Pfdhps","Asayita",0,11.570272615681317,41.436477959346526
"AA093-D0","SGEAA","Mutant","Pfdhps","Asayita",0,11.570272615681317,41.436477959346526
"AA094-D0","SAKAA","Wildtype","Pfdhps","Asayita",0,11.570272615681317,41.436477959346526
"AA095-D0","SAKAA","Wildtype","Pfdhps","Asayita",0,11.570272615681317,41.436477959346526
"AA096-D0","SAKAA","Wildtype","Pfdhps","Asayita",0,11.570272615681317,41.436477959346526
"AA097-D0","SGEAA","Mutant","Pfdhps","Asayita",0,11.570272615681317,41.436477959346526
"AA098-D0","SAKAA","Wildtype","Pfdhps","Asayita",0,11.570272615681317,41.436477959346526
"AA100-D0","SAKAA","Wildtype","Pfdhps","Asayita",0,11.570272615681317,41.436477959346526
"AC001-D0","SGEAA","Mutant","Pfdhps","Abobo",0,7.896964718451194,34.53983558814461
"AC002-D0","SGEAA","Mutant","Pfdhps","Abobo",0,7.896964718451194,34.53983558814461
"AC003-D0","SGEAA","Mutant","Pfdhps","Abobo",0,7.896964718451194,34.53983558814461
"AC004-D0","SGEAA","Mutant","Pfdhps","Abobo",0,7.896964718451194,34.53983558814461
"AC004-D28","SGEAA","Mutant","Pfdhps","Abobo",28,7.896964718451194,34.53983558814461
"AC005-D0","SAKAA","Wildtype","Pfdhps","Abobo",0,7.896964718451194,34.53983558814461
"AC006-D0","SGEAA","Mutant","Pfdhps","Abobo",0,7.896964718451194,34.53983558814461
"AC007-D0","SGEAA","Mutant","Pfdhps","Abobo",0,7.896964718451194,34.53983558814461
"AC008-D0","SAKAA","Wildtype","Pfdhps","Abobo",0,7.896964718451194,34.53983558814461
"AC009-D0","SAKAA","Wildtype","Pfdhps","Abobo",0,7.896964718451194,34.53983558814461
"AC010-D0","SGEAA","Mutant","Pfdhps","Abobo",0,7.896964718451194,34.53983558814461
"AC011-D0","SGEAA","Mutant","Pfdhps","Abobo",0,7.896964718451194,34.53983558814461
"AC013-D0","SAKAA","Wildtype","Pfdhps","Abobo",0,7.896964718451194,34.53983558814461
"AC014-D0","SGEAA","Mutant","Pfdhps","Abobo",0,7.896964718451194,34.53983558814461
"AC015-D0","SAKAA","Wildtype","Pfdhps","Abobo",0,7.896964718451194,34.53983558814461
"AC015-D28","SAKAA","Wildtype","Pfdhps","Abobo",28,7.896964718451194,34.53983558814461
"AC016-D0","SAKAA","Wildtype","Pfdhps","Abobo",0,7.896964718451194,34.53983558814461
"AC017-D0","CAKAA","Mutant","Pfdhps","Abobo",0,7.896964718451194,34.53983558814461
"AC018-D0","SAKAA","Wildtype","Pfdhps","Abobo",0,7.896964718451194,34.53983558814461
"AC019-D0","SAKAA","Wildtype","Pfdhps","Abobo",0,7.896964718451194,34.53983558814461
"AC020-D0","SAKAA","Wildtype","Pfdhps","Abobo",0,7.896964718451194,34.53983558814461
"AC021-D0","SAKAA","Wildtype","Pfdhps","Abobo",0,7.896964718451194,34.53983558814461
"AC022-D0","SGEGA","Mutant","Pfdhps","Abobo",0,7.896964718451194,34.53983558814461
"AC022-D21","SGEAA","Mutant","Pfdhps","Abobo",21,7.896964718451194,34.53983558814461
"AC023-D0","SAKAA","Wildtype","Pfdhps","Abobo",0,7.896964718451194,34.53983558814461
"AC024-D0","SAKAA","Wildtype","Pfdhps","Abobo",0,7.896964718451194,34.53983558814461
"AC025-D0","SGEAA","Mutant","Pfdhps","Abobo",0,7.896964718451194,34.53983558814461
"AC027-D0","SAKAA","Wildtype","Pfdhps","Abobo",0,7.896964718451194,34.53983558814461
"AC028-D0","SGEAA","Mutant","Pfdhps","Abobo",0,7.896964718451194,34.53983558814461
"AC028-D21","SGEAA","Mutant","Pfdhps","Abobo",21,7.896964718451194,34.53983558814461
"AC029-D0","SGKAA","Mutant","Pfdhps","Abobo",0,7.896964718451194,34.53983558814461
"AC032-D0","SGEAA","Mutant","Pfdhps","Abobo",0,7.896964718451194,34.53983558814461
"AC033-D0","SGEAA","Mutant","Pfdhps","Abobo",0,7.896964718451194,34.53983558814461
"AC033-D28","SGEAA","Mutant","Pfdhps","Abobo",28,7.896964718451194,34.53983558814461
"AC034-D0","SAKAA","Wildtype","Pfdhps","Abobo",0,7.896964718451194,34.53983558814461
"AC036-D0","SAKAA","Wildtype","Pfdhps","Abobo",0,7.896964718451194,34.53983558814461
"AC038-D0","SAKAA","Wildtype","Pfdhps","Abobo",0,7.896964718451194,34.53983558814461
"AC040-D0","SGEAA","Mutant","Pfdhps","Abobo",0,7.896964718451194,34.53983558814461
"AC041-D0","CAKAA","Mutant","Pfdhps","Abobo",0,7.896964718451194,34.53983558814461
"AC043-D0","SGEAA","Mutant","Pfdhps","Abobo",0,7.896964718451194,34.53983558814461
"AC043-D21","SGEAA","Mutant","Pfdhps","Abobo",21,7.896964718451194,34.53983558814461
"AC044-D0","SGEAA","Mutant","Pfdhps","Abobo",0,7.896964718451194,34.53983558814461
"AC045-D0","SGEAA","Mutant","Pfdhps","Abobo",0,7.896964718451194,34.53983558814461
"AC048-D0","SGEAA","Mutant","Pfdhps","Abobo",0,7.896964718451194,34.53983558814461
"AC049-D0","SGEAA","Mutant","Pfdhps","Abobo",0,7.896964718451194,34.53983558814461
"AC050-D0","SAKAA","Wildtype","Pfdhps","Abobo",0,7.896964718451194,34.53983558814461
"AC051-D0","SGEAA","Mutant","Pfdhps","Abobo",0,7.896964718451194,34.53983558814461
"AC052-D0","SGEAA","Mutant","Pfdhps","Abobo",0,7.896964718451194,34.53983558814461
"AC053-D0","SGEAA","Mutant","Pfdhps","Abobo",0,7.896964718451194,34.53983558814461
"AC054-D0","SGEAA","Mutant","Pfdhps","Abobo",0,7.896964718451194,34.53983558814461
"AC055-D0","SAKAA","Wildtype","Pfdhps","Abobo",0,7.896964718451194,34.53983558814461
"AC056-D21","SGEAA","Mutant","Pfdhps","Abobo",21,7.896964718451194,34.53983558814461
"AC057-D0","SAKAA","Wildtype","Pfdhps","Abobo",0,7.896964718451194,34.53983558814461
"AC058-D0","SGEAA","Mutant","Pfdhps","Abobo",0,7.896964718451194,34.53983558814461
"AC060-D0","SAKAA","Wildtype","Pfdhps","Abobo",0,7.896964718451194,34.53983558814461
"AC061-D0","SGEAA","Mutant","Pfdhps","Abobo",0,7.896964718451194,34.53983558814461
"AC062-D0","SGEAA","Mutant","Pfdhps","Abobo",0,7.896964718451194,34.53983558814461
"AC063-D0","SGEAA","Mutant","Pfdhps","Abobo",0,7.896964718451194,34.53983558814461
"AC064-D0","SAKAA","Wildtype","Pfdhps","Abobo",0,7.896964718451194,34.53983558814461
"AC065-D0","SAKAA","Wildtype","Pfdhps","Abobo",0,7.896964718451194,34.53983558814461
"AC067-D0","SGEAA","Mutant","Pfdhps","Abobo",0,7.896964718451194,34.53983558814461
"AC069-D0","SAKAA","Wildtype","Pfdhps","Abobo",0,7.896964718451194,34.53983558814461
"AC069-D21","SAKAA","Wildtype","Pfdhps","Abobo",21,7.896964718451194,34.53983558814461
"AC070-D0","SAKAA","Wildtype","Pfdhps","Abobo",0,7.896964718451194,34.53983558814461
"AC071-D0","SAKAA","Wildtype","Pfdhps","Abobo",0,7.896964718451194,34.53983558814461
"AC072-D0","SGEAA","Mutant","Pfdhps","Abobo",0,7.896964718451194,34.53983558814461
"AC075-D0","SAKAA","Wildtype","Pfdhps","Abobo",0,7.896964718451194,34.53983558814461
"AC076-D0","SAKAA","Wildtype","Pfdhps","Abobo",0,7.896964718451194,34.53983558814461
"AC077-D0","SGEAA","Mutant","Pfdhps","Abobo",0,7.896964718451194,34.53983558814461
"AC078-D0","SAKAA","Wildtype","Pfdhps","Abobo",0,7.896964718451194,34.53983558814461
"AC079-D0","SAKAA","Wildtype","Pfdhps","Abobo",0,7.896964718451194,34.53983558814461
"AC080-D0","SGEAA","Mutant","Pfdhps","Abobo",0,7.896964718451194,34.53983558814461
"AC081-D0","SAKAA","Wildtype","Pfdhps","Abobo",0,7.896964718451194,34.53983558814461
"AC082-D0","SAKAA","Wildtype","Pfdhps","Abobo",0,7.896964718451194,34.53983558814461
"AC083-D0","SAKAA","Wildtype","Pfdhps","Abobo",0,7.896964718451194,34.53983558814461
"AC084-D21","SAKAA","Wildtype","Pfdhps","Abobo",21,7.896964718451194,34.53983558814461
"AC085-D0","SAKAA","Wildtype","Pfdhps","Abobo",0,7.896964718451194,34.53983558814461
"AC086-D0","SGEAA","Mutant","Pfdhps","Abobo",0,7.896964718451194,34.53983558814461
"AC087-D0","SAKAA","Wildtype","Pfdhps","Abobo",0,7.896964718451194,34.53983558814461
"AC089-D0","SGEAA","Mutant","Pfdhps","Abobo",0,7.896964718451194,34.53983558814461
"AC090-D0","SAKAA","Wildtype","Pfdhps","Abobo",0,7.896964718451194,34.53983558814461
"AC091-D0","SGEAA","Mutant","Pfdhps","Abobo",0,7.896964718451194,34.53983558814461
"AC091-D21","SGEAA","Mutant","Pfdhps","Abobo",21,7.896964718451194,34.53983558814461
"AC092-D0","SAKAA","Wildtype","Pfdhps","Abobo",0,7.896964718451194,34.53983558814461
"AC093-D0","SGEAA","Mutant","Pfdhps","Abobo",0,7.896964718451194,34.53983558814461
"AC094-D0","SGKAA","Mutant","Pfdhps","Abobo",0,7.896964718451194,34.53983558814461
"AC095-D0","SGEAA","Mutant","Pfdhps","Abobo",0,7.896964718451194,34.53983558814461
"BA001-D0","SAKAA","Wildtype","Pfdhps","Asosa",0,10.06348813323589,34.54016271428651
"BA002-D0","SAKAA","Wildtype","Pfdhps","Asosa",0,10.06348813323589,34.54016271428651
"BA003-D0","SGEAA","Mutant","Pfdhps","Asosa",0,10.06348813323589,34.54016271428651
"BA004-D0","SGEAA","Mutant","Pfdhps","Asosa",0,10.06348813323589,34.54016271428651
"BA005-D0","SAKAA","Wildtype","Pfdhps","Asosa",0,10.06348813323589,34.54016271428651
"BA006-D0","SAKAA","Wildtype","Pfdhps","Asosa",0,10.06348813323589,34.54016271428651
"BA007-D0","SGEAA","Mutant","Pfdhps","Asosa",0,10.06348813323589,34.54016271428651
"BA008-D0","SAKAA","Wildtype","Pfdhps","Asosa",0,10.06348813323589,34.54016271428651
"BA010-D0","SGEAA","Mutant","Pfdhps","Asosa",0,10.06348813323589,34.54016271428651
"BA012-D0","SAKAA","Wildtype","Pfdhps","Asosa",0,10.06348813323589,34.54016271428651
"BA013-D0","SGEAA","Mutant","Pfdhps","Asosa",0,10.06348813323589,34.54016271428651
"BA014-D0","SGEAA","Mutant","Pfdhps","Asosa",0,10.06348813323589,34.54016271428651
"BA017-D0","SAKAA","Wildtype","Pfdhps","Asosa",0,10.06348813323589,34.54016271428651
"BA018-D21","SAKAA","Wildtype","Pfdhps","Asosa",21,10.06348813323589,34.54016271428651
"BA019-D0","SAKAA","Wildtype","Pfdhps","Asosa",0,10.06348813323589,34.54016271428651
"BA021-D0","SGEAA","Mutant","Pfdhps","Asosa",0,10.06348813323589,34.54016271428651
"BA022-D0","SAKAA","Wildtype","Pfdhps","Asosa",0,10.06348813323589,34.54016271428651
"BA023-D0","SGEGA","Mutant","Pfdhps","Asosa",0,10.06348813323589,34.54016271428651
"BA024-D0","SAKAA","Wildtype","Pfdhps","Asosa",0,10.06348813323589,34.54016271428651
"BA026-D0","SAKAA","Wildtype","Pfdhps","Asosa",0,10.06348813323589,34.54016271428651
"BA028-D0","SAKAA","Wildtype","Pfdhps","Asosa",0,10.06348813323589,34.54016271428651
"BA029-D0","SAKAA","Wildtype","Pfdhps","Asosa",0,10.06348813323589,34.54016271428651
"BA030-D0","SGEAA","Mutant","Pfdhps","Asosa",0,10.06348813323589,34.54016271428651
"BA031-D0","SGEAA","Mutant","Pfdhps","Asosa",0,10.06348813323589,34.54016271428651
"BA032-D0","SGEGA","Mutant","Pfdhps","Asosa",0,10.06348813323589,34.54016271428651
"BA033-D0","SAKAA","Wildtype","Pfdhps","Asosa",0,10.06348813323589,34.54016271428651
"BA034-D0","SAKAA","Wildtype","Pfdhps","Asosa",0,10.06348813323589,34.54016271428651
"BA035-D0","SAKAA","Wildtype","Pfdhps","Asosa",0,10.06348813323589,34.54016271428651
"BA037-D0","SAKAA","Wildtype","Pfdhps","Asosa",0,10.06348813323589,34.54016271428651
"BA039-D0","SAKAA","Wildtype","Pfdhps","Asosa",0,10.06348813323589,34.54016271428651
"BA040-D0","SAKAA","Wildtype","Pfdhps","Asosa",0,10.06348813323589,34.54016271428651
"BA042-D0","SAKAA","Wildtype","Pfdhps","Asosa",0,10.06348813323589,34.54016271428651
"BA044-D0","SGEAA","Mutant","Pfdhps","Asosa",0,10.06348813323589,34.54016271428651
"BA045-D0","SAKAA","Wildtype","Pfdhps","Asosa",0,10.06348813323589,34.54016271428651
"BA046-D0","SGEAA","Mutant","Pfdhps","Asosa",0,10.06348813323589,34.54016271428651
"BA047-D0","SGEAA","Mutant","Pfdhps","Asosa",0,10.06348813323589,34.54016271428651
"BA048-D0","SAKAA","Wildtype","Pfdhps","Asosa",0,10.06348813323589,34.54016271428651
"BA050-D0","SGKAA","Mutant","Pfdhps","Asosa",0,10.06348813323589,34.54016271428651
"BA051-D0","SGEAA","Mutant","Pfdhps","Asosa",0,10.06348813323589,34.54016271428651
"BA053-D0","SAKAA","Wildtype","Pfdhps","Asosa",0,10.06348813323589,34.54016271428651
"BA056-D0","SGEAA","Mutant","Pfdhps","Asosa",0,10.06348813323589,34.54016271428651
"BA057-D0","SAKAA","Wildtype","Pfdhps","Asosa",0,10.06348813323589,34.54016271428651
"BA058-D0","AAKAA","Mutant","Pfdhps","Asosa",0,10.06348813323589,34.54016271428651
"BA060-D0","SGEAA","Mutant","Pfdhps","Asosa",0,10.06348813323589,34.54016271428651
"BA061-D0","SAKAA","Wildtype","Pfdhps","Asosa",0,10.06348813323589,34.54016271428651
"BA062-D0","SAKAA","Wildtype","Pfdhps","Asosa",0,10.06348813323589,34.54016271428651
"BA063-D0","SGEAA","Mutant","Pfdhps","Asosa",0,10.06348813323589,34.54016271428651
"BA064-D0","SGEAA","Mutant","Pfdhps","Asosa",0,10.06348813323589,34.54016271428651
"BA065-D0","SAKAA","Wildtype","Pfdhps","Asosa",0,10.06348813323589,34.54016271428651
"BA066-D0","SGEAA","Mutant","Pfdhps","Asosa",0,10.06348813323589,34.54016271428651
"BA066-D28","SGEAA","Mutant","Pfdhps","Asosa",28,10.06348813323589,34.54016271428651
"BA067-D0","SGEAA","Mutant","Pfdhps","Asosa",0,10.06348813323589,34.54016271428651
"BA068-D0","SGKAA","Mutant","Pfdhps","Asosa",0,10.06348813323589,34.54016271428651
"BA068-D21","SGKAA","Mutant","Pfdhps","Asosa",21,10.06348813323589,34.54016271428651
"BA069-D0","SGEAA","Mutant","Pfdhps","Asosa",0,10.06348813323589,34.54016271428651
"BA071-D0","SAKAA","Wildtype","Pfdhps","Asosa",0,10.06348813323589,34.54016271428651
"BA072-D0","SAKAA","Wildtype","Pfdhps","Asosa",0,10.06348813323589,34.54016271428651
"BA073-D0","SAKAA","Wildtype","Pfdhps","Asosa",0,10.06348813323589,34.54016271428651
"BA075-D0","SAKAA","Wildtype","Pfdhps","Asosa",0,10.06348813323589,34.54016271428651
"BA076-D0","SAKAA","Wildtype","Pfdhps","Asosa",0,10.06348813323589,34.54016271428651
"BA077-D0","SAKAA","Wildtype","Pfdhps","Asosa",0,10.06348813323589,34.54016271428651
"BA078-D0","SAKAA","Wildtype","Pfdhps","Asosa",0,10.06348813323589,34.54016271428651
"BA079-D0","SGEAA","Mutant","Pfdhps","Asosa",0,10.06348813323589,34.54016271428651
"BA081-D0","SGEAA","Mutant","Pfdhps","Asosa",0,10.06348813323589,34.54016271428651
"BA082-D0","SAKAA","Wildtype","Pfdhps","Asosa",0,10.06348813323589,34.54016271428651
"BA083-D0","SAKAA","Wildtype","Pfdhps","Asosa",0,10.06348813323589,34.54016271428651
"BA084-D0","SAKAA","Wildtype","Pfdhps","Asosa",0,10.06348813323589,34.54016271428651
"BA086-D0","SAKAA","Wildtype","Pfdhps","Asosa",0,10.06348813323589,34.54016271428651
"BA087-D0","SAKAA","Wildtype","Pfdhps","Asosa",0,10.06348813323589,34.54016271428651
"BA088-D0","SAKAA","Wildtype","Pfdhps","Asosa",0,10.06348813323589,34.54016271428651
"GM001-D0","SAKAA","Wildtype","Pfdhps","Maksegnit",0,12.685570968160466,37.38744777431552
"GM002-D0","SGEAA","Mutant","Pfdhps","Maksegnit",0,12.685570968160466,37.38744777431552
"GM003-D0","SGEAA","Mutant","Pfdhps","Maksegnit",0,12.685570968160466,37.38744777431552
"GM004-D0","SGEAA","Mutant","Pfdhps","Maksegnit",0,12.685570968160466,37.38744777431552
"GM005-D0","SGEAA","Mutant","Pfdhps","Maksegnit",0,12.685570968160466,37.38744777431552
"GM006-D0","SGEAA","Mutant","Pfdhps","Maksegnit",0,12.685570968160466,37.38744777431552
"GM007-D0","SAKAA","Wildtype","Pfdhps","Maksegnit",0,12.685570968160466,37.38744777431552
"GM008-D0","SGEAA","Mutant","Pfdhps","Maksegnit",0,12.685570968160466,37.38744777431552
"GM009-D0","SGEAA","Mutant","Pfdhps","Maksegnit",0,12.685570968160466,37.38744777431552
"GM011-D0","SGEAA","Mutant","Pfdhps","Maksegnit",0,12.685570968160466,37.38744777431552
"GM011-D14","SGEAA","Mutant","Pfdhps","Maksegnit",14,12.685570968160466,37.38744777431552
"GM012-D0","SGEAA","Mutant","Pfdhps","Maksegnit",0,12.685570968160466,37.38744777431552
"GM013-D0","SGEAA","Mutant","Pfdhps","Maksegnit",0,12.685570968160466,37.38744777431552
"GM014-D0","SGEAA","Mutant","Pfdhps","Maksegnit",0,12.685570968160466,37.38744777431552
"GM015-D0","SGEAA","Mutant","Pfdhps","Maksegnit",0,12.685570968160466,37.38744777431552
"GM016-D0","SGEAA","Mutant","Pfdhps","Maksegnit",0,12.685570968160466,37.38744777431552
"GM017-D0","SGEAA","Mutant","Pfdhps","Maksegnit",0,12.685570968160466,37.38744777431552
"GM018-D0","SAKAA","Wildtype","Pfdhps","Maksegnit",0,12.685570968160466,37.38744777431552
"GM019-D0","SGEAA","Mutant","Pfdhps","Maksegnit",0,12.685570968160466,37.38744777431552
"GM020-D0","SGEAA","Mutant","Pfdhps","Maksegnit",0,12.685570968160466,37.38744777431552
"GM021-D0","SGEAA","Mutant","Pfdhps","Maksegnit",0,12.685570968160466,37.38744777431552
"GM022-D0","SGEAA","Mutant","Pfdhps","Maksegnit",0,12.685570968160466,37.38744777431552
"GM023-D0","SGEAA","Mutant","Pfdhps","Maksegnit",0,12.685570968160466,37.38744777431552
"GM024-D0","SAKAA","Wildtype","Pfdhps","Maksegnit",0,12.685570968160466,37.38744777431552
"GM025-D0","SAKAA","Wildtype","Pfdhps","Maksegnit",0,12.685570968160466,37.38744777431552
"GM026-D0","SAKAA","Wildtype","Pfdhps","Maksegnit",0,12.685570968160466,37.38744777431552
"GM027-D0","SGEAA","Mutant","Pfdhps","Maksegnit",0,12.685570968160466,37.38744777431552
"GM027-D21","SGEAA","Mutant","Pfdhps","Maksegnit",21,12.685570968160466,37.38744777431552
"GM028-D0","SGEAA","Mutant","Pfdhps","Maksegnit",0,12.685570968160466,37.38744777431552
"GM029-D0","SGEAA","Mutant","Pfdhps","Maksegnit",0,12.685570968160466,37.38744777431552
"GM030-D0","SGEAA","Mutant","Pfdhps","Maksegnit",0,12.685570968160466,37.38744777431552
"GM031-D0","SGEAA","Mutant","Pfdhps","Maksegnit",0,12.685570968160466,37.38744777431552
"GM032-D0","SGEAA","Mutant","Pfdhps","Maksegnit",0,12.685570968160466,37.38744777431552
"GM033-D0","SGEAA","Mutant","Pfdhps","Maksegnit",0,12.685570968160466,37.38744777431552
"GM034-D0","SGEAA","Mutant","Pfdhps","Maksegnit",0,12.685570968160466,37.38744777431552
"GM035-D0","SGEAA","Mutant","Pfdhps","Maksegnit",0,12.685570968160466,37.38744777431552
"GM036-D0","SGEAA","Mutant","Pfdhps","Maksegnit",0,12.685570968160466,37.38744777431552
"GM037-D0","SGEGA","Mutant","Pfdhps","Maksegnit",0,12.685570968160466,37.38744777431552
"GM038-D0","SGEAA","Mutant","Pfdhps","Maksegnit",0,12.685570968160466,37.38744777431552
"GM039-D0","SGEAA","Mutant","Pfdhps","Maksegnit",0,12.685570968160466,37.38744777431552
"GM040-D0","SGEAA","Mutant","Pfdhps","Maksegnit",0,12.685570968160466,37.38744777431552
"GM042-D0","SGEAA","Mutant","Pfdhps","Maksegnit",0,12.685570968160466,37.38744777431552
"GM043-D0","SGEAA","Mutant","Pfdhps","Maksegnit",0,12.685570968160466,37.38744777431552
"GM044-D0","SGEAA","Mutant","Pfdhps","Maksegnit",0,12.685570968160466,37.38744777431552
"GM045-D21","SGEAA","Mutant","Pfdhps","Maksegnit",21,12.685570968160466,37.38744777431552
"GM046-D0","SGEAA","Mutant","Pfdhps","Maksegnit",0,12.685570968160466,37.38744777431552
"GM046-D28","SGEAA","Mutant","Pfdhps","Maksegnit",28,12.685570968160466,37.38744777431552
"GM047-D0","SGEAA","Mutant","Pfdhps","Maksegnit",0,12.685570968160466,37.38744777431552
"GM048-D0","SGEAA","Mutant","Pfdhps","Maksegnit",0,12.685570968160466,37.38744777431552
"GM049-D0","SGEAA","Mutant","Pfdhps","Maksegnit",0,12.685570968160466,37.38744777431552
"GM050-D0","SGEAA","Mutant","Pfdhps","Maksegnit",0,12.685570968160466,37.38744777431552
"GM051-D0","SGEAA","Mutant","Pfdhps","Maksegnit",0,12.685570968160466,37.38744777431552
"GM052-D0","SGEAA","Mutant","Pfdhps","Maksegnit",0,12.685570968160466,37.38744777431552
"GM053-D0","SGEAA","Mutant","Pfdhps","Maksegnit",0,12.685570968160466,37.38744777431552
"GM054-D0","SGEAA","Mutant","Pfdhps","Maksegnit",0,12.685570968160466,37.38744777431552
"GM055-D0","SGEAA","Mutant","Pfdhps","Maksegnit",0,12.685570968160466,37.38744777431552
"GM056-D0","SGEAA","Mutant","Pfdhps","Maksegnit",0,12.685570968160466,37.38744777431552
"GM057-D0","SGEGA","Mutant","Pfdhps","Maksegnit",0,12.685570968160466,37.38744777431552
"GM058-D0","SGEAA","Mutant","Pfdhps","Maksegnit",0,12.685570968160466,37.38744777431552
"GM059-D0","SGEAA","Mutant","Pfdhps","Maksegnit",0,12.685570968160466,37.38744777431552
"GM060-D0","SGEAA","Mutant","Pfdhps","Maksegnit",0,12.685570968160466,37.38744777431552
"GM061-D0","SGEAA","Mutant","Pfdhps","Maksegnit",0,12.685570968160466,37.38744777431552
"GM062-D0","SGEAA","Mutant","Pfdhps","Maksegnit",0,12.685570968160466,37.38744777431552
"GM063-D0","SGEAA","Mutant","Pfdhps","Maksegnit",0,12.685570968160466,37.38744777431552
"GM063-D21","SGEAA","Mutant","Pfdhps","Maksegnit",21,12.685570968160466,37.38744777431552
"GM064-D0","SGEAA","Mutant","Pfdhps","Maksegnit",0,12.685570968160466,37.38744777431552
"GM065-D0","SGEAA","Mutant","Pfdhps","Maksegnit",0,12.685570968160466,37.38744777431552
"GM066-D0","SGEAA","Mutant","Pfdhps","Maksegnit",0,12.685570968160466,37.38744777431552
"GM067-D0","SGEAA","Mutant","Pfdhps","Maksegnit",0,12.685570968160466,37.38744777431552
"GM068-D0","SGEAA","Mutant","Pfdhps","Maksegnit",0,12.685570968160466,37.38744777431552
"GM069-D0","SGEAA","Mutant","Pfdhps","Maksegnit",0,12.685570968160466,37.38744777431552
"GM070-D0","SGEAA","Mutant","Pfdhps","Maksegnit",0,12.685570968160466,37.38744777431552
"GM070-D28","SGEAA","Mutant","Pfdhps","Maksegnit",28,12.685570968160466,37.38744777431552
"GM071-D0","SGEAA","Mutant","Pfdhps","Maksegnit",0,12.685570968160466,37.38744777431552
"GM072-D0","SGEAA","Mutant","Pfdhps","Maksegnit",0,12.685570968160466,37.38744777431552
"GM073-D0","SGEAA","Mutant","Pfdhps","Maksegnit",0,12.685570968160466,37.38744777431552
"GM074-D0","SGEAA","Mutant","Pfdhps","Maksegnit",0,12.685570968160466,37.38744777431552
"GM075-D0","SGEAA","Mutant","Pfdhps","Maksegnit",0,12.685570968160466,37.38744777431552
"GM076-D0","SGEAA","Mutant","Pfdhps","Maksegnit",0,12.685570968160466,37.38744777431552
"GM076-D21","SGEAA","Mutant","Pfdhps","Maksegnit",21,12.685570968160466,37.38744777431552
"GM077-D0","SGEAA","Mutant","Pfdhps","Maksegnit",0,12.685570968160466,37.38744777431552
"GM078-D0","SGEAA","Mutant","Pfdhps","Maksegnit",0,12.685570968160466,37.38744777431552
"GM079-D0","SGEAA","Mutant","Pfdhps","Maksegnit",0,12.685570968160466,37.38744777431552
"GM080-D0","SGEAA","Mutant","Pfdhps","Maksegnit",0,12.685570968160466,37.38744777431552
"GM082-D0","SGEAA","Mutant","Pfdhps","Maksegnit",0,12.685570968160466,37.38744777431552
"GM082-D21","SAKAA","Wildtype","Pfdhps","Maksegnit",21,12.685570968160466,37.38744777431552
"GM084-D0","SGEAA","Mutant","Pfdhps","Maksegnit",0,12.685570968160466,37.38744777431552
"GM085-D0","SGEAA","Mutant","Pfdhps","Maksegnit",0,12.685570968160466,37.38744777431552
"GM086-D0","SGEAA","Mutant","Pfdhps","Maksegnit",0,12.685570968160466,37.38744777431552
"GM087-D0","SGEAA","Mutant","Pfdhps","Maksegnit",0,12.685570968160466,37.38744777431552
"GM088-D0","SAKAA","Wildtype","Pfdhps","Maksegnit",0,12.685570968160466,37.38744777431552
"GM089-D0","SGEAA","Mutant","Pfdhps","Maksegnit",0,12.685570968160466,37.38744777431552
"MM001-D0","SGEAA","Mutant","Pfdhps","Mizan",0,6.982334491497925,35.576730179661936
"MM002-D0","SGEAA","Mutant","Pfdhps","Mizan",0,6.982334491497925,35.576730179661936
"MM004-D0","SGEAA","Mutant","Pfdhps","Mizan",0,6.982334491497925,35.576730179661936
"MM006-D0","SGEAA","Mutant","Pfdhps","Mizan",0,6.982334491497925,35.576730179661936
"MM008-D0","SGEAA","Mutant","Pfdhps","Mizan",0,6.982334491497925,35.576730179661936
"MM008-D21","SGEAA","Mutant","Pfdhps","Mizan",21,6.982334491497925,35.576730179661936
"MM009-D0","SGEAA","Mutant","Pfdhps","Mizan",0,6.982334491497925,35.576730179661936
"MM010-D0","SGEAA","Mutant","Pfdhps","Mizan",0,6.982334491497925,35.576730179661936
"MM011-D0","SGEAA","Mutant","Pfdhps","Mizan",0,6.982334491497925,35.576730179661936
"MM013-D0","SGEAA","Mutant","Pfdhps","Mizan",0,6.982334491497925,35.576730179661936
"MM013-D21","SGEAA","Mutant","Pfdhps","Mizan",21,6.982334491497925,35.576730179661936
"MM014-D0","SGEAA","Mutant","Pfdhps","Mizan",0,6.982334491497925,35.576730179661936
"MM015-D0","SGEAA","Mutant","Pfdhps","Mizan",0,6.982334491497925,35.576730179661936
"MM016-D0","SGEAA","Mutant","Pfdhps","Mizan",0,6.982334491497925,35.576730179661936
"MM018-D0","SGEAA","Mutant","Pfdhps","Mizan",0,6.982334491497925,35.576730179661936
"MM019-D0","SGEAA","Mutant","Pfdhps","Mizan",0,6.982334491497925,35.576730179661936
"MM020-D0","SGEAA","Mutant","Pfdhps","Mizan",0,6.982334491497925,35.576730179661936
"MM021-D0","SGEAA","Mutant","Pfdhps","Mizan",0,6.982334491497925,35.576730179661936
"MM022-D0","SGEAA","Mutant","Pfdhps","Mizan",0,6.982334491497925,35.576730179661936
"MM023-D0","SGEAA","Mutant","Pfdhps","Mizan",0,6.982334491497925,35.576730179661936
"MM024-D0","SGEAA","Mutant","Pfdhps","Mizan",0,6.982334491497925,35.576730179661936
"MM024-D28","SGEAA","Mutant","Pfdhps","Mizan",28,6.982334491497925,35.576730179661936
"MM025-D0","SGEAA","Mutant","Pfdhps","Mizan",0,6.982334491497925,35.576730179661936
"MM026-D0","SGEAA","Mutant","Pfdhps","Mizan",0,6.982334491497925,35.576730179661936
"MM027-D0","SGEAA","Mutant","Pfdhps","Mizan",0,6.982334491497925,35.576730179661936
"MM028-D0","SGEAA","Mutant","Pfdhps","Mizan",0,6.982334491497925,35.576730179661936
"MM029-D0","SGEAA","Mutant","Pfdhps","Mizan",0,6.982334491497925,35.576730179661936
"MM030-D0","SGEAA","Mutant","Pfdhps","Mizan",0,6.982334491497925,35.576730179661936
"MM030-D28","SGEAA","Mutant","Pfdhps","Mizan",28,6.982334491497925,35.576730179661936
"MM031-D0","SGEAA","Mutant","Pfdhps","Mizan",0,6.982334491497925,35.576730179661936
"MM032-D0","SGEAA","Mutant","Pfdhps","Mizan",0,6.982334491497925,35.576730179661936
"MM033-D0","SGEAA","Mutant","Pfdhps","Mizan",0,6.982334491497925,35.576730179661936
"MM033-D21","SGEAA","Mutant","Pfdhps","Mizan",21,6.982334491497925,35.576730179661936
"MM034-D0","SGEAA","Mutant","Pfdhps","Mizan",0,6.982334491497925,35.576730179661936
"MM035-D0","SGEAA","Mutant","Pfdhps","Mizan",0,6.982334491497925,35.576730179661936
"MM036-D0","SGEAA","Mutant","Pfdhps","Mizan",0,6.982334491497925,35.576730179661936
"MM037-D0","SGEAA","Mutant","Pfdhps","Mizan",0,6.982334491497925,35.576730179661936
"MM041-D0","SGEAA","Mutant","Pfdhps","Mizan",0,6.982334491497925,35.576730179661936
"MM042-D0","SGEAA","Mutant","Pfdhps","Mizan",0,6.982334491497925,35.576730179661936
"MM043-D0","SGEAA","Mutant","Pfdhps","Mizan",0,6.982334491497925,35.576730179661936
"MM044-D0","SGEAA","Mutant","Pfdhps","Mizan",0,6.982334491497925,35.576730179661936
"MM045-D0","SGEAA","Mutant","Pfdhps","Mizan",0,6.982334491497925,35.576730179661936
"MM045-D28","SGEAA","Mutant","Pfdhps","Mizan",28,6.982334491497925,35.576730179661936
"MM046-D0","SGEAA","Mutant","Pfdhps","Mizan",0,6.982334491497925,35.576730179661936
"MM047-D0","SGEAA","Mutant","Pfdhps","Mizan",0,6.982334491497925,35.576730179661936
"MM047-D21","SGEAA","Mutant","Pfdhps","Mizan",21,6.982334491497925,35.576730179661936
"MM048-D21","SGEAA","Mutant","Pfdhps","Mizan",21,6.982334491497925,35.576730179661936
"MM049-D0","SGEAA","Mutant","Pfdhps","Mizan",0,6.982334491497925,35.576730179661936
"MM049-D21","SGEAA","Mutant","Pfdhps","Mizan",21,6.982334491497925,35.576730179661936
"MM050-D0","SGEAA","Mutant","Pfdhps","Mizan",0,6.982334491497925,35.576730179661936
"MM051-D0","SGEAA","Mutant","Pfdhps","Mizan",0,6.982334491497925,35.576730179661936
"MM052-D0","SGEAA","Mutant","Pfdhps","Mizan",0,6.982334491497925,35.576730179661936
"MM053-D0","SGEAA","Mutant","Pfdhps","Mizan",0,6.982334491497925,35.576730179661936
"MM053-D28","SGEAA","Mutant","Pfdhps","Mizan",28,6.982334491497925,35.576730179661936
"MM055-D0","SGEAA","Mutant","Pfdhps","Mizan",0,6.982334491497925,35.576730179661936
"MM055-D21","SGEAA","Mutant","Pfdhps","Mizan",21,6.982334491497925,35.576730179661936
"MM056-D0","SGEAA","Mutant","Pfdhps","Mizan",0,6.982334491497925,35.576730179661936
"MM057-D0","SGEAA","Mutant","Pfdhps","Mizan",0,6.982334491497925,35.576730179661936
"MM057-D21","SGEAA","Mutant","Pfdhps","Mizan",21,6.982334491497925,35.576730179661936
"MM058-D0","SGEAA","Mutant","Pfdhps","Mizan",0,6.982334491497925,35.576730179661936
"MM059-D0","SGEAA","Mutant","Pfdhps","Mizan",0,6.982334491497925,35.576730179661936
"MM059-D21","SGEAA","Mutant","Pfdhps","Mizan",21,6.982334491497925,35.576730179661936
"MM060-D0","SAKAA","Wildtype","Pfdhps","Mizan",0,6.982334491497925,35.576730179661936
"MM060-D28","SGEAA","Mutant","Pfdhps","Mizan",28,6.982334491497925,35.576730179661936
"MM061-D0","SGEAA","Mutant","Pfdhps","Mizan",0,6.982334491497925,35.576730179661936
"MM061-D28","SGEAA","Mutant","Pfdhps","Mizan",28,6.982334491497925,35.576730179661936
"MM062-D0","SGEAA","Mutant","Pfdhps","Mizan",0,6.982334491497925,35.576730179661936
"MM063-D0","SGEAA","Mutant","Pfdhps","Mizan",0,6.982334491497925,35.576730179661936
"MM064-D0","SGEAA","Mutant","Pfdhps","Mizan",0,6.982334491497925,35.576730179661936
"MM064-D28","SGEAA","Mutant","Pfdhps","Mizan",28,6.982334491497925,35.576730179661936
"MM065-D0","SAKAA","Wildtype","Pfdhps","Mizan",0,6.982334491497925,35.576730179661936
"MM066-D0","SAKAA","Wildtype","Pfdhps","Mizan",0,6.982334491497925,35.576730179661936
"MM066-D28","SGEAA","Mutant","Pfdhps","Mizan",28,6.982334491497925,35.576730179661936
"MM067-D0","SGEAA","Mutant","Pfdhps","Mizan",0,6.982334491497925,35.576730179661936
"MM068-D0","SGEAA","Mutant","Pfdhps","Mizan",0,6.982334491497925,35.576730179661936
"MM069-D0","SGEAA","Mutant","Pfdhps","Mizan",0,6.982334491497925,35.576730179661936
"MM070-D0","SGEAA","Mutant","Pfdhps","Mizan",0,6.982334491497925,35.576730179661936
"MM071-D0","SGEAA","Mutant","Pfdhps","Mizan",0,6.982334491497925,35.576730179661936
"MM071-D14","SGEAA","Mutant","Pfdhps","Mizan",14,6.982334491497925,35.576730179661936
"MM072-D0","SGEAA","Mutant","Pfdhps","Mizan",0,6.982334491497925,35.576730179661936
"MM073-D0","SAKAA","Wildtype","Pfdhps","Mizan",0,6.982334491497925,35.576730179661936
"MM073-D21","SAKAA","Wildtype","Pfdhps","Mizan",21,6.982334491497925,35.576730179661936
"MM074-D0","SGKAA","Mutant","Pfdhps","Mizan",0,6.982334491497925,35.576730179661936
"MM075-D0","SGEAA","Mutant","Pfdhps","Mizan",0,6.982334491497925,35.576730179661936
"MM076-D0","SGEAA","Mutant","Pfdhps","Mizan",0,6.982334491497925,35.576730179661936
"MM077-D0","SGEAA","Mutant","Pfdhps","Mizan",0,6.982334491497925,35.576730179661936
"MM077-D21","SGEAA","Mutant","Pfdhps","Mizan",21,6.982334491497925,35.576730179661936
"MM078-D0","SGEAA","Mutant","Pfdhps","Mizan",0,6.982334491497925,35.576730179661936
"MM079-D0","SGEAA","Mutant","Pfdhps","Mizan",0,6.982334491497925,35.576730179661936
"MM080-D0","SGEAA","Mutant","Pfdhps","Mizan",0,6.982334491497925,35.576730179661936
"MM081-D0","SGEAA","Mutant","Pfdhps","Mizan",0,6.982334491497925,35.576730179661936
"MM082-D0","SAKAA","Wildtype","Pfdhps","Mizan",0,6.982334491497925,35.576730179661936
"MM082-Unsch","SGEAA","Mutant","Pfdhps","Mizan",25,6.982334491497925,35.576730179661936
"MM083-D0","SGEAA","Mutant","Pfdhps","Mizan",0,6.982334491497925,35.576730179661936
"MM084-D0","SGEAA","Mutant","Pfdhps","Mizan",0,6.982334491497925,35.576730179661936
"MM085-D0","SGEAA","Mutant","Pfdhps","Mizan",0,6.982334491497925,35.576730179661936
"MM085-D14","SGEAA","Mutant","Pfdhps","Mizan",14,6.982334491497925,35.576730179661936
"MM086-D0","SGEAA","Mutant","Pfdhps","Mizan",0,6.982334491497925,35.576730179661936
"MM086-D21","SGEAA","Mutant","Pfdhps","Mizan",21,6.982334491497925,35.576730179661936
"AA001-D0","NFSND","Mutant","Pfmdr1","Asayita",0,11.570272615681317,41.436477959346526
"AA003-D0","NFSND","Mutant","Pfmdr1","Asayita",0,11.570272615681317,41.436477959346526
"AA004-D0","NFSND","Mutant","Pfmdr1","Asayita",0,11.570272615681317,41.436477959346526
"AA005-D0","NFSND","Mutant","Pfmdr1","Asayita",0,11.570272615681317,41.436477959346526
"AA006-D0","NFSND","Mutant","Pfmdr1","Asayita",0,11.570272615681317,41.436477959346526
"AA007-D0","NFSND","Mutant","Pfmdr1","Asayita",0,11.570272615681317,41.436477959346526
"AA008-D0","NFSND","Mutant","Pfmdr1","Asayita",0,11.570272615681317,41.436477959346526
"AA009-D0","NFSND","Mutant","Pfmdr1","Asayita",0,11.570272615681317,41.436477959346526
"AA010-D0","NFSND","Mutant","Pfmdr1","Asayita",0,11.570272615681317,41.436477959346526
"AA011-D0","NFSND","Mutant","Pfmdr1","Asayita",0,11.570272615681317,41.436477959346526
"AA012-D0","NFSND","Mutant","Pfmdr1","Asayita",0,11.570272615681317,41.436477959346526
"AA013-D0","NFSND","Mutant","Pfmdr1","Asayita",0,11.570272615681317,41.436477959346526
"AA014-D0","NFSND","Mutant","Pfmdr1","Asayita",0,11.570272615681317,41.436477959346526
"AA015-D0","NFSND","Mutant","Pfmdr1","Asayita",0,11.570272615681317,41.436477959346526
"AA016-D0","NFSND","Mutant","Pfmdr1","Asayita",0,11.570272615681317,41.436477959346526
"AA018-D0","NFSND","Mutant","Pfmdr1","Asayita",0,11.570272615681317,41.436477959346526
"AA019-D0","NFSND","Mutant","Pfmdr1","Asayita",0,11.570272615681317,41.436477959346526
"AA020-D0","NFSND","Mutant","Pfmdr1","Asayita",0,11.570272615681317,41.436477959346526
"AA021-D0","NFSND","Mutant","Pfmdr1","Asayita",0,11.570272615681317,41.436477959346526
"AA022-D0","NFSND","Mutant","Pfmdr1","Asayita",0,11.570272615681317,41.436477959346526
"AA023-D0","NFSND","Mutant","Pfmdr1","Asayita",0,11.570272615681317,41.436477959346526
"AA024-D0","NFSND","Mutant","Pfmdr1","Asayita",0,11.570272615681317,41.436477959346526
"AA025-D0","NFSND","Mutant","Pfmdr1","Asayita",0,11.570272615681317,41.436477959346526
"AA026-D0","NFSND","Mutant","Pfmdr1","Asayita",0,11.570272615681317,41.436477959346526
"AA027-D0","NFSND","Mutant","Pfmdr1","Asayita",0,11.570272615681317,41.436477959346526
"AA028-D0","NFSND","Mutant","Pfmdr1","Asayita",0,11.570272615681317,41.436477959346526
"AA029-D0","NFSND","Mutant","Pfmdr1","Asayita",0,11.570272615681317,41.436477959346526
"AA030-D0","NFSND","Mutant","Pfmdr1","Asayita",0,11.570272615681317,41.436477959346526
"AA031-D0","NFSND","Mutant","Pfmdr1","Asayita",0,11.570272615681317,41.436477959346526
"AA032-D0","NFSND","Mutant","Pfmdr1","Asayita",0,11.570272615681317,41.436477959346526
"AA033-D0","NFSND","Mutant","Pfmdr1","Asayita",0,11.570272615681317,41.436477959346526
"AA034-D0","NFSND","Mutant","Pfmdr1","Asayita",0,11.570272615681317,41.436477959346526
"AA034-Unsch","NFSND","Mutant","Pfmdr1","Asayita",26,11.570272615681317,41.436477959346526
"AA036-D0","NFSND","Mutant","Pfmdr1","Asayita",0,11.570272615681317,41.436477959346526
"AA037-D0","NFSND","Mutant","Pfmdr1","Asayita",0,11.570272615681317,41.436477959346526
"AA038-D0","NFSND","Mutant","Pfmdr1","Asayita",0,11.570272615681317,41.436477959346526
"AA039-D0","NFSND","Mutant","Pfmdr1","Asayita",0,11.570272615681317,41.436477959346526
"AA040-D0","NFSND","Mutant","Pfmdr1","Asayita",0,11.570272615681317,41.436477959346526
"AA041-D0","NFSND","Mutant","Pfmdr1","Asayita",0,11.570272615681317,41.436477959346526
"AA042-D0","NFSND","Mutant","Pfmdr1","Asayita",0,11.570272615681317,41.436477959346526
"AA044-D0","NFSND","Mutant","Pfmdr1","Asayita",0,11.570272615681317,41.436477959346526
"AA045-D0","NFSND","Mutant","Pfmdr1","Asayita",0,11.570272615681317,41.436477959346526
"AA046-D0","NFSND","Mutant","Pfmdr1","Asayita",0,11.570272615681317,41.436477959346526
"AA047-D0","NFSND","Mutant","Pfmdr1","Asayita",0,11.570272615681317,41.436477959346526
"AA048-D0","NFSND","Mutant","Pfmdr1","Asayita",0,11.570272615681317,41.436477959346526
"AA049-D0","NFSND","Mutant","Pfmdr1","Asayita",0,11.570272615681317,41.436477959346526
"AA051-D0","NFSND","Mutant","Pfmdr1","Asayita",0,11.570272615681317,41.436477959346526
"AA052-D0","NFSND","Mutant","Pfmdr1","Asayita",0,11.570272615681317,41.436477959346526
"AA053-D0","NFSND","Mutant","Pfmdr1","Asayita",0,11.570272615681317,41.436477959346526
"AA054-D0","NFSND","Mutant","Pfmdr1","Asayita",0,11.570272615681317,41.436477959346526
"AA056-D0","NFSND","Mutant","Pfmdr1","Asayita",0,11.570272615681317,41.436477959346526
"AA057-D0","NFSND","Mutant","Pfmdr1","Asayita",0,11.570272615681317,41.436477959346526
"AA058-D0","NFSND","Mutant","Pfmdr1","Asayita",0,11.570272615681317,41.436477959346526
"AA059-D0","NFSND","Mutant","Pfmdr1","Asayita",0,11.570272615681317,41.436477959346526
"AA060-D0","NFSND","Mutant","Pfmdr1","Asayita",0,11.570272615681317,41.436477959346526
"AA061-D0","NFSND","Mutant","Pfmdr1","Asayita",0,11.570272615681317,41.436477959346526
"AA062-D0","NFSND","Mutant","Pfmdr1","Asayita",0,11.570272615681317,41.436477959346526
"AA063-D0","NFSND","Mutant","Pfmdr1","Asayita",0,11.570272615681317,41.436477959346526
"AA064-D0","NFSND","Mutant","Pfmdr1","Asayita",0,11.570272615681317,41.436477959346526
"AA065-D0","NFSND","Mutant","Pfmdr1","Asayita",0,11.570272615681317,41.436477959346526
"AA066-D0","NFSND","Mutant","Pfmdr1","Asayita",0,11.570272615681317,41.436477959346526
"AA067-D0","NFSND","Mutant","Pfmdr1","Asayita",0,11.570272615681317,41.436477959346526
"AA068-D0","NFSND","Mutant","Pfmdr1","Asayita",0,11.570272615681317,41.436477959346526
"AA069-D0","NFSND","Mutant","Pfmdr1","Asayita",0,11.570272615681317,41.436477959346526
"AA070-D0","NFSND","Mutant","Pfmdr1","Asayita",0,11.570272615681317,41.436477959346526
"AA071-D0","NFSND","Mutant","Pfmdr1","Asayita",0,11.570272615681317,41.436477959346526
"AA073-D0","NFSND","Mutant","Pfmdr1","Asayita",0,11.570272615681317,41.436477959346526
"AA076-D0","NFSND","Mutant","Pfmdr1","Asayita",0,11.570272615681317,41.436477959346526
"AA077-D0","NFSND","Mutant","Pfmdr1","Asayita",0,11.570272615681317,41.436477959346526
"AA078-D0","NFSND","Mutant","Pfmdr1","Asayita",0,11.570272615681317,41.436477959346526
"AA080-D0","NFSND","Mutant","Pfmdr1","Asayita",0,11.570272615681317,41.436477959346526
"AA081-D0","NFSND","Mutant","Pfmdr1","Asayita",0,11.570272615681317,41.436477959346526
"AA081-D28","NFSND","Mutant","Pfmdr1","Asayita",28,11.570272615681317,41.436477959346526
"AA082-D0","NFSND","Mutant","Pfmdr1","Asayita",0,11.570272615681317,41.436477959346526
"AA083-D0","NFSND","Mutant","Pfmdr1","Asayita",0,11.570272615681317,41.436477959346526
"AA084-D0","NFSND","Mutant","Pfmdr1","Asayita",0,11.570272615681317,41.436477959346526
"AA085-D0","NFSND","Mutant","Pfmdr1","Asayita",0,11.570272615681317,41.436477959346526
"AA086-D0","NFSND","Mutant","Pfmdr1","Asayita",0,11.570272615681317,41.436477959346526
"AA088-D0","NFSND","Mutant","Pfmdr1","Asayita",0,11.570272615681317,41.436477959346526
"AA089-D0","NFSND","Mutant","Pfmdr1","Asayita",0,11.570272615681317,41.436477959346526
"AA090-D0","NFSND","Mutant","Pfmdr1","Asayita",0,11.570272615681317,41.436477959346526
"AA091-D0","NFSND","Mutant","Pfmdr1","Asayita",0,11.570272615681317,41.436477959346526
"AA092-D0","NFSND","Mutant","Pfmdr1","Asayita",0,11.570272615681317,41.436477959346526
"AA093-D0","NFSND","Mutant","Pfmdr1","Asayita",0,11.570272615681317,41.436477959346526
"AA094-D0","NFSND","Mutant","Pfmdr1","Asayita",0,11.570272615681317,41.436477959346526
"AA095-D0","NFSND","Mutant","Pfmdr1","Asayita",0,11.570272615681317,41.436477959346526
"AA096-D0","NFSND","Mutant","Pfmdr1","Asayita",0,11.570272615681317,41.436477959346526
"AA097-D0","NFSND","Mutant","Pfmdr1","Asayita",0,11.570272615681317,41.436477959346526
"AA098-D0","NFSND","Mutant","Pfmdr1","Asayita",0,11.570272615681317,41.436477959346526
"AA099-D0","NFSND","Mutant","Pfmdr1","Asayita",0,11.570272615681317,41.436477959346526
"AA100-D0","NFSND","Mutant","Pfmdr1","Asayita",0,11.570272615681317,41.436477959346526
"AC001-D0","NFSND","Mutant","Pfmdr1","Abobo",0,7.896964718451194,34.53983558814461
"AC002-D0","NYSND","Wildtype","Pfmdr1","Abobo",0,7.896964718451194,34.53983558814461
"AC003-D0","NYSND","Wildtype","Pfmdr1","Abobo",0,7.896964718451194,34.53983558814461
"AC004-D0","NFSND","Mutant","Pfmdr1","Abobo",0,7.896964718451194,34.53983558814461
"AC004-D28","NFSND","Mutant","Pfmdr1","Abobo",28,7.896964718451194,34.53983558814461
"AC005-D0","NFSND","Mutant","Pfmdr1","Abobo",0,7.896964718451194,34.53983558814461
"AC006-D0","NFSND","Mutant","Pfmdr1","Abobo",0,7.896964718451194,34.53983558814461
"AC007-D0","NFSND","Mutant","Pfmdr1","Abobo",0,7.896964718451194,34.53983558814461
"AC008-D0","NYSND","Wildtype","Pfmdr1","Abobo",0,7.896964718451194,34.53983558814461
"AC009-D0","NFSND","Mutant","Pfmdr1","Abobo",0,7.896964718451194,34.53983558814461
"AC010-D0","NFSND","Mutant","Pfmdr1","Abobo",0,7.896964718451194,34.53983558814461
"AC011-D0","NFSND","Mutant","Pfmdr1","Abobo",0,7.896964718451194,34.53983558814461
"AC013-D0","NFSND","Mutant","Pfmdr1","Abobo",0,7.896964718451194,34.53983558814461
"AC014-D0","NFSND","Mutant","Pfmdr1","Abobo",0,7.896964718451194,34.53983558814461
"AC015-D0","NFSND","Mutant","Pfmdr1","Abobo",0,7.896964718451194,34.53983558814461
"AC015-D28","NYSND","Wildtype","Pfmdr1","Abobo",28,7.896964718451194,34.53983558814461
"AC016-D0","NFSND","Mutant","Pfmdr1","Abobo",0,7.896964718451194,34.53983558814461
"AC017-D0","NFSND","Mutant","Pfmdr1","Abobo",0,7.896964718451194,34.53983558814461
"AC018-D0","NYSND","Wildtype","Pfmdr1","Abobo",0,7.896964718451194,34.53983558814461
"AC019-D0","NFSND","Mutant","Pfmdr1","Abobo",0,7.896964718451194,34.53983558814461
"AC020-D0","NFSND","Mutant","Pfmdr1","Abobo",0,7.896964718451194,34.53983558814461
"AC021-D0","NFSND","Mutant","Pfmdr1","Abobo",0,7.896964718451194,34.53983558814461
"AC022-D0","NFSND","Mutant","Pfmdr1","Abobo",0,7.896964718451194,34.53983558814461
"AC022-D21","NFSND","Mutant","Pfmdr1","Abobo",21,7.896964718451194,34.53983558814461
"AC023-D0","NFSND","Mutant","Pfmdr1","Abobo",0,7.896964718451194,34.53983558814461
"AC024-D0","NFSND","Mutant","Pfmdr1","Abobo",0,7.896964718451194,34.53983558814461
"AC025-D0","NFSND","Mutant","Pfmdr1","Abobo",0,7.896964718451194,34.53983558814461
"AC027-D0","NFSND","Mutant","Pfmdr1","Abobo",0,7.896964718451194,34.53983558814461
"AC028-D0","NFSND","Mutant","Pfmdr1","Abobo",0,7.896964718451194,34.53983558814461
"AC028-D21","NFSND","Mutant","Pfmdr1","Abobo",21,7.896964718451194,34.53983558814461
"AC029-D0","NFSND","Mutant","Pfmdr1","Abobo",0,7.896964718451194,34.53983558814461
"AC032-D0","NFSND","Mutant","Pfmdr1","Abobo",0,7.896964718451194,34.53983558814461
"AC033-D0","NFSND","Mutant","Pfmdr1","Abobo",0,7.896964718451194,34.53983558814461
"AC033-D28","NFSND","Mutant","Pfmdr1","Abobo",28,7.896964718451194,34.53983558814461
"AC034-D0","NFSND","Mutant","Pfmdr1","Abobo",0,7.896964718451194,34.53983558814461
"AC036-D0","NFSND","Mutant","Pfmdr1","Abobo",0,7.896964718451194,34.53983558814461
"AC037-D0","NFSND","Mutant","Pfmdr1","Abobo",0,7.896964718451194,34.53983558814461
"AC038-D0","NYSND","Wildtype","Pfmdr1","Abobo",0,7.896964718451194,34.53983558814461
"AC039-D0","NFSND","Mutant","Pfmdr1","Abobo",0,7.896964718451194,34.53983558814461
"AC040-D0","NYSND","Wildtype","Pfmdr1","Abobo",0,7.896964718451194,34.53983558814461
"AC041-D0","NFSND","Mutant","Pfmdr1","Abobo",0,7.896964718451194,34.53983558814461
"AC043-D0","NFSND","Mutant","Pfmdr1","Abobo",0,7.896964718451194,34.53983558814461
"AC043-D21","NFSND","Mutant","Pfmdr1","Abobo",21,7.896964718451194,34.53983558814461
"AC044-D0","NFSND","Mutant","Pfmdr1","Abobo",0,7.896964718451194,34.53983558814461
"AC045-D0","NFSND","Mutant","Pfmdr1","Abobo",0,7.896964718451194,34.53983558814461
"AC048-D0","NFSND","Mutant","Pfmdr1","Abobo",0,7.896964718451194,34.53983558814461
"AC049-D0","NFSND","Mutant","Pfmdr1","Abobo",0,7.896964718451194,34.53983558814461
"AC050-D0","NYSND","Wildtype","Pfmdr1","Abobo",0,7.896964718451194,34.53983558814461
"AC051-D0","NFSND","Mutant","Pfmdr1","Abobo",0,7.896964718451194,34.53983558814461
"AC052-D0","NYSND","Wildtype","Pfmdr1","Abobo",0,7.896964718451194,34.53983558814461
"AC053-D0","NFSND","Mutant","Pfmdr1","Abobo",0,7.896964718451194,34.53983558814461
"AC054-D0","NFSND","Mutant","Pfmdr1","Abobo",0,7.896964718451194,34.53983558814461
"AC055-D0","NFSND","Mutant","Pfmdr1","Abobo",0,7.896964718451194,34.53983558814461
"AC056-D0","NFSND","Mutant","Pfmdr1","Abobo",0,7.896964718451194,34.53983558814461
"AC057-D0","NFSND","Mutant","Pfmdr1","Abobo",0,7.896964718451194,34.53983558814461
"AC058-D0","NFSND","Mutant","Pfmdr1","Abobo",0,7.896964718451194,34.53983558814461
"AC060-D0","NFSND","Mutant","Pfmdr1","Abobo",0,7.896964718451194,34.53983558814461
"AC061-D0","NFSND","Mutant","Pfmdr1","Abobo",0,7.896964718451194,34.53983558814461
"AC062-D0","NFSND","Mutant","Pfmdr1","Abobo",0,7.896964718451194,34.53983558814461
"AC063-D0","NFSND","Mutant","Pfmdr1","Abobo",0,7.896964718451194,34.53983558814461
"AC064-D0","NFSND","Mutant","Pfmdr1","Abobo",0,7.896964718451194,34.53983558814461
"AC065-D0","NFSND","Mutant","Pfmdr1","Abobo",0,7.896964718451194,34.53983558814461
"AC067-D0","NFSND","Mutant","Pfmdr1","Abobo",0,7.896964718451194,34.53983558814461
"AC069-D0","NYSND","Wildtype","Pfmdr1","Abobo",0,7.896964718451194,34.53983558814461
"AC069-D21","NYSND","Wildtype","Pfmdr1","Abobo",21,7.896964718451194,34.53983558814461
"AC070-D0","NFSND","Mutant","Pfmdr1","Abobo",0,7.896964718451194,34.53983558814461
"AC071-D0","NFSND","Mutant","Pfmdr1","Abobo",0,7.896964718451194,34.53983558814461
"AC072-D0","NFSND","Mutant","Pfmdr1","Abobo",0,7.896964718451194,34.53983558814461
"AC073-D0","NFSND","Mutant","Pfmdr1","Abobo",0,7.896964718451194,34.53983558814461
"AC074-D0","NFSND","Mutant","Pfmdr1","Abobo",0,7.896964718451194,34.53983558814461
"AC075-D0","NFSND","Mutant","Pfmdr1","Abobo",0,7.896964718451194,34.53983558814461
"AC076-D0","NFSND","Mutant","Pfmdr1","Abobo",0,7.896964718451194,34.53983558814461
"AC077-D0","NFSND","Mutant","Pfmdr1","Abobo",0,7.896964718451194,34.53983558814461
"AC078-D0","NFSND","Mutant","Pfmdr1","Abobo",0,7.896964718451194,34.53983558814461
"AC079-D0","NFSND","Mutant","Pfmdr1","Abobo",0,7.896964718451194,34.53983558814461
"AC080-D0","NYSND","Wildtype","Pfmdr1","Abobo",0,7.896964718451194,34.53983558814461
"AC081-D0","NFSND","Mutant","Pfmdr1","Abobo",0,7.896964718451194,34.53983558814461
"AC082-D0","NFSND","Mutant","Pfmdr1","Abobo",0,7.896964718451194,34.53983558814461
"AC083-D0","NFSND","Mutant","Pfmdr1","Abobo",0,7.896964718451194,34.53983558814461
"AC084-D0","NFSND","Mutant","Pfmdr1","Abobo",0,7.896964718451194,34.53983558814461
"AC084-D21","NFSND","Mutant","Pfmdr1","Abobo",21,7.896964718451194,34.53983558814461
"AC085-D0","NFSND","Mutant","Pfmdr1","Abobo",0,7.896964718451194,34.53983558814461
"AC086-D0","NFSND","Mutant","Pfmdr1","Abobo",0,7.896964718451194,34.53983558814461
"AC087-D0","NFSND","Mutant","Pfmdr1","Abobo",0,7.896964718451194,34.53983558814461
"AC088-D0","NFSND","Mutant","Pfmdr1","Abobo",0,7.896964718451194,34.53983558814461
"AC089-D0","NFSND","Mutant","Pfmdr1","Abobo",0,7.896964718451194,34.53983558814461
"AC091-D0","NFSND","Mutant","Pfmdr1","Abobo",0,7.896964718451194,34.53983558814461
"AC091-D21","NFSND","Mutant","Pfmdr1","Abobo",21,7.896964718451194,34.53983558814461
"AC092-D0","NFSND","Mutant","Pfmdr1","Abobo",0,7.896964718451194,34.53983558814461
"AC093-D0","NFSND","Mutant","Pfmdr1","Abobo",0,7.896964718451194,34.53983558814461
"AC094-D0","NFSND","Mutant","Pfmdr1","Abobo",0,7.896964718451194,34.53983558814461
"AC095-D0","NFSND","Mutant","Pfmdr1","Abobo",0,7.896964718451194,34.53983558814461
"BA001-D0","NFSND","Mutant","Pfmdr1","Asosa",0,10.06348813323589,34.54016271428651
"BA003-D0","NFSND","Mutant","Pfmdr1","Asosa",0,10.06348813323589,34.54016271428651
"BA004-D0","NFSND","Mutant","Pfmdr1","Asosa",0,10.06348813323589,34.54016271428651
"BA005-D0","NFSND","Mutant","Pfmdr1","Asosa",0,10.06348813323589,34.54016271428651
"BA006-D0","NFSND","Mutant","Pfmdr1","Asosa",0,10.06348813323589,34.54016271428651
"BA007-D0","NFSND","Mutant","Pfmdr1","Asosa",0,10.06348813323589,34.54016271428651
"BA008-D0","NFSND","Mutant","Pfmdr1","Asosa",0,10.06348813323589,34.54016271428651
"BA010-D0","NFSND","Mutant","Pfmdr1","Asosa",0,10.06348813323589,34.54016271428651
"BA011-D0","NFSND","Mutant","Pfmdr1","Asosa",0,10.06348813323589,34.54016271428651
"BA012-D0","NFSND","Mutant","Pfmdr1","Asosa",0,10.06348813323589,34.54016271428651
"BA013-D0","NYSND","Wildtype","Pfmdr1","Asosa",0,10.06348813323589,34.54016271428651
"BA014-D0","NFSND","Mutant","Pfmdr1","Asosa",0,10.06348813323589,34.54016271428651
"BA015-D0","NFSND","Mutant","Pfmdr1","Asosa",0,10.06348813323589,34.54016271428651
"BA016-D0","NYSND","Wildtype","Pfmdr1","Asosa",0,10.06348813323589,34.54016271428651
"BA017-D0","NFSND","Mutant","Pfmdr1","Asosa",0,10.06348813323589,34.54016271428651
"BA018-D0","NFSND","Mutant","Pfmdr1","Asosa",0,10.06348813323589,34.54016271428651
"BA018-D21","NFSND","Mutant","Pfmdr1","Asosa",21,10.06348813323589,34.54016271428651
"BA019-D0","NFSND","Mutant","Pfmdr1","Asosa",0,10.06348813323589,34.54016271428651
"BA020-D0","NFSND","Mutant","Pfmdr1","Asosa",0,10.06348813323589,34.54016271428651
"BA021-D0","NFSND","Mutant","Pfmdr1","Asosa",0,10.06348813323589,34.54016271428651
"BA022-D0","NFSND","Mutant","Pfmdr1","Asosa",0,10.06348813323589,34.54016271428651
"BA024-D0","NFSND","Mutant","Pfmdr1","Asosa",0,10.06348813323589,34.54016271428651
"BA026-D0","NYSND","Wildtype","Pfmdr1","Asosa",0,10.06348813323589,34.54016271428651
"BA028-D0","NFSND","Mutant","Pfmdr1","Asosa",0,10.06348813323589,34.54016271428651
"BA029-D0","NFSND","Mutant","Pfmdr1","Asosa",0,10.06348813323589,34.54016271428651
"BA030-D0","NFSND","Mutant","Pfmdr1","Asosa",0,10.06348813323589,34.54016271428651
"BA031-D0","NFSND","Mutant","Pfmdr1","Asosa",0,10.06348813323589,34.54016271428651
"BA032-D0","NFSND","Mutant","Pfmdr1","Asosa",0,10.06348813323589,34.54016271428651
"BA033-D0","NFSND","Mutant","Pfmdr1","Asosa",0,10.06348813323589,34.54016271428651
"BA034-D0","NYSND","Wildtype","Pfmdr1","Asosa",0,10.06348813323589,34.54016271428651
"BA035-D0","NFSND","Mutant","Pfmdr1","Asosa",0,10.06348813323589,34.54016271428651
"BA039-D0","NFSND","Mutant","Pfmdr1","Asosa",0,10.06348813323589,34.54016271428651
"BA040-D0","NFSND","Mutant","Pfmdr1","Asosa",0,10.06348813323589,34.54016271428651
"BA041-D0","NFSND","Mutant","Pfmdr1","Asosa",0,10.06348813323589,34.54016271428651
"BA042-D0","NYSND","Wildtype","Pfmdr1","Asosa",0,10.06348813323589,34.54016271428651
"BA043-D0","NFSND","Mutant","Pfmdr1","Asosa",0,10.06348813323589,34.54016271428651
"BA044-D0","NFSND","Mutant","Pfmdr1","Asosa",0,10.06348813323589,34.54016271428651
"BA045-D0","NFSND","Mutant","Pfmdr1","Asosa",0,10.06348813323589,34.54016271428651
"BA046-D0","NFSND","Mutant","Pfmdr1","Asosa",0,10.06348813323589,34.54016271428651
"BA047-D0","NFSND","Mutant","Pfmdr1","Asosa",0,10.06348813323589,34.54016271428651
"BA048-D0","YFSND","Mutant","Pfmdr1","Asosa",0,10.06348813323589,34.54016271428651
"BA050-D0","NFSND","Mutant","Pfmdr1","Asosa",0,10.06348813323589,34.54016271428651
"BA051-D0","NYSND","Wildtype","Pfmdr1","Asosa",0,10.06348813323589,34.54016271428651
"BA053-D0","NFSND","Mutant","Pfmdr1","Asosa",0,10.06348813323589,34.54016271428651
"BA054-D0","NFSND","Mutant","Pfmdr1","Asosa",0,10.06348813323589,34.54016271428651
"BA055-D0","NFSND","Mutant","Pfmdr1","Asosa",0,10.06348813323589,34.54016271428651
"BA056-D0","NFSND","Mutant","Pfmdr1","Asosa",0,10.06348813323589,34.54016271428651
"BA057-D0","NFSND","Mutant","Pfmdr1","Asosa",0,10.06348813323589,34.54016271428651
"BA058-D0","NFSND","Mutant","Pfmdr1","Asosa",0,10.06348813323589,34.54016271428651
"BA059-D0","NFSND","Mutant","Pfmdr1","Asosa",0,10.06348813323589,34.54016271428651
"BA060-D0","NFSND","Mutant","Pfmdr1","Asosa",0,10.06348813323589,34.54016271428651
"BA061-D0","NFSND","Mutant","Pfmdr1","Asosa",0,10.06348813323589,34.54016271428651
"BA062-D0","NYSND","Wildtype","Pfmdr1","Asosa",0,10.06348813323589,34.54016271428651
"BA063-D0","NFSND","Mutant","Pfmdr1","Asosa",0,10.06348813323589,34.54016271428651
"BA064-D0","NFSND","Mutant","Pfmdr1","Asosa",0,10.06348813323589,34.54016271428651
"BA065-D0","NFSND","Mutant","Pfmdr1","Asosa",0,10.06348813323589,34.54016271428651
"BA066-D0","NFSND","Mutant","Pfmdr1","Asosa",0,10.06348813323589,34.54016271428651
"BA066-D28","NFSND","Mutant","Pfmdr1","Asosa",28,10.06348813323589,34.54016271428651
"BA067-D0","NFSND","Mutant","Pfmdr1","Asosa",0,10.06348813323589,34.54016271428651
"BA068-D0","NFSND","Mutant","Pfmdr1","Asosa",0,10.06348813323589,34.54016271428651
"BA068-D21","NFSND","Mutant","Pfmdr1","Asosa",21,10.06348813323589,34.54016271428651
"BA069-D0","NFSND","Mutant","Pfmdr1","Asosa",0,10.06348813323589,34.54016271428651
"BA071-D0","NFSND","Mutant","Pfmdr1","Asosa",0,10.06348813323589,34.54016271428651
"BA073-D0","NFSND","Mutant","Pfmdr1","Asosa",0,10.06348813323589,34.54016271428651
"BA074-D0","NYSND","Wildtype","Pfmdr1","Asosa",0,10.06348813323589,34.54016271428651
"BA075-D0","NFSND","Mutant","Pfmdr1","Asosa",0,10.06348813323589,34.54016271428651
"BA076-D0","NFSND","Mutant","Pfmdr1","Asosa",0,10.06348813323589,34.54016271428651
"BA077-D0","NFSND","Mutant","Pfmdr1","Asosa",0,10.06348813323589,34.54016271428651
"BA078-D0","NFSND","Mutant","Pfmdr1","Asosa",0,10.06348813323589,34.54016271428651
"BA079-D0","NYSND","Wildtype","Pfmdr1","Asosa",0,10.06348813323589,34.54016271428651
"BA081-D0","NFSND","Mutant","Pfmdr1","Asosa",0,10.06348813323589,34.54016271428651
"BA082-D0","NFSND","Mutant","Pfmdr1","Asosa",0,10.06348813323589,34.54016271428651
"BA083-D0","NFSND","Mutant","Pfmdr1","Asosa",0,10.06348813323589,34.54016271428651
"BA084-D0","NYSND","Wildtype","Pfmdr1","Asosa",0,10.06348813323589,34.54016271428651
"BA085-D0","NFSND","Mutant","Pfmdr1","Asosa",0,10.06348813323589,34.54016271428651
"BA086-D0","NYSND","Wildtype","Pfmdr1","Asosa",0,10.06348813323589,34.54016271428651
"BA087-D0","NYSND","Wildtype","Pfmdr1","Asosa",0,10.06348813323589,34.54016271428651
"BA088-D0","NFSND","Mutant","Pfmdr1","Asosa",0,10.06348813323589,34.54016271428651
"GM001-D0","NFSND","Mutant","Pfmdr1","Maksegnit",0,12.685570968160466,37.38744777431552
"GM002-D0","NFSND","Mutant","Pfmdr1","Maksegnit",0,12.685570968160466,37.38744777431552
"GM003-D0","NFSND","Mutant","Pfmdr1","Maksegnit",0,12.685570968160466,37.38744777431552
"GM004-D0","NFSND","Mutant","Pfmdr1","Maksegnit",0,12.685570968160466,37.38744777431552
"GM005-D0","NFSND","Mutant","Pfmdr1","Maksegnit",0,12.685570968160466,37.38744777431552
"GM006-D0","NFSND","Mutant","Pfmdr1","Maksegnit",0,12.685570968160466,37.38744777431552
"GM007-D0","NFSND","Mutant","Pfmdr1","Maksegnit",0,12.685570968160466,37.38744777431552
"GM008-D0","NFSND","Mutant","Pfmdr1","Maksegnit",0,12.685570968160466,37.38744777431552
"GM009-D0","NFSND","Mutant","Pfmdr1","Maksegnit",0,12.685570968160466,37.38744777431552
"GM010-D0","NFSND","Mutant","Pfmdr1","Maksegnit",0,12.685570968160466,37.38744777431552
"GM011-D0","NFSND","Mutant","Pfmdr1","Maksegnit",0,12.685570968160466,37.38744777431552
"GM011-D14","NFSND","Mutant","Pfmdr1","Maksegnit",14,12.685570968160466,37.38744777431552
"GM012-D0","NFSND","Mutant","Pfmdr1","Maksegnit",0,12.685570968160466,37.38744777431552
"GM013-D0","NFSND","Mutant","Pfmdr1","Maksegnit",0,12.685570968160466,37.38744777431552
"GM014-D0","NFSND","Mutant","Pfmdr1","Maksegnit",0,12.685570968160466,37.38744777431552
"GM015-D0","NFSND","Mutant","Pfmdr1","Maksegnit",0,12.685570968160466,37.38744777431552
"GM016-D0","NFSND","Mutant","Pfmdr1","Maksegnit",0,12.685570968160466,37.38744777431552
"GM017-D0","NFSND","Mutant","Pfmdr1","Maksegnit",0,12.685570968160466,37.38744777431552
"GM018-D0","NFSND","Mutant","Pfmdr1","Maksegnit",0,12.685570968160466,37.38744777431552
"GM019-D0","NFSND","Mutant","Pfmdr1","Maksegnit",0,12.685570968160466,37.38744777431552
"GM020-D0","NFSND","Mutant","Pfmdr1","Maksegnit",0,12.685570968160466,37.38744777431552
"GM021-D0","NFSND","Mutant","Pfmdr1","Maksegnit",0,12.685570968160466,37.38744777431552
"GM022-D0","NFSND","Mutant","Pfmdr1","Maksegnit",0,12.685570968160466,37.38744777431552
"GM023-D0","NFSND","Mutant","Pfmdr1","Maksegnit",0,12.685570968160466,37.38744777431552
"GM024-D0","NFSND","Mutant","Pfmdr1","Maksegnit",0,12.685570968160466,37.38744777431552
"GM025-D0","NFSND","Mutant","Pfmdr1","Maksegnit",0,12.685570968160466,37.38744777431552
"GM026-D0","NFSND","Mutant","Pfmdr1","Maksegnit",0,12.685570968160466,37.38744777431552
"GM027-D0","NFSND","Mutant","Pfmdr1","Maksegnit",0,12.685570968160466,37.38744777431552
"GM027-D21","NFSND","Mutant","Pfmdr1","Maksegnit",21,12.685570968160466,37.38744777431552
"GM028-D0","NFSND","Mutant","Pfmdr1","Maksegnit",0,12.685570968160466,37.38744777431552
"GM029-D0","NFSND","Mutant","Pfmdr1","Maksegnit",0,12.685570968160466,37.38744777431552
"GM030-D0","NFSND","Mutant","Pfmdr1","Maksegnit",0,12.685570968160466,37.38744777431552
"GM031-D0","NFSND","Mutant","Pfmdr1","Maksegnit",0,12.685570968160466,37.38744777431552
"GM032-D0","NFSND","Mutant","Pfmdr1","Maksegnit",0,12.685570968160466,37.38744777431552
"GM033-D0","NFSND","Mutant","Pfmdr1","Maksegnit",0,12.685570968160466,37.38744777431552
"GM034-D0","NFSND","Mutant","Pfmdr1","Maksegnit",0,12.685570968160466,37.38744777431552
"GM035-D0","NFSND","Mutant","Pfmdr1","Maksegnit",0,12.685570968160466,37.38744777431552
"GM036-D0","NFSND","Mutant","Pfmdr1","Maksegnit",0,12.685570968160466,37.38744777431552
"GM037-D0","NFSND","Mutant","Pfmdr1","Maksegnit",0,12.685570968160466,37.38744777431552
"GM038-D0","NFSND","Mutant","Pfmdr1","Maksegnit",0,12.685570968160466,37.38744777431552
"GM039-D0","NFSND","Mutant","Pfmdr1","Maksegnit",0,12.685570968160466,37.38744777431552
"GM040-D0","NFSND","Mutant","Pfmdr1","Maksegnit",0,12.685570968160466,37.38744777431552
"GM042-D0","NFSND","Mutant","Pfmdr1","Maksegnit",0,12.685570968160466,37.38744777431552
"GM043-D0","NFSND","Mutant","Pfmdr1","Maksegnit",0,12.685570968160466,37.38744777431552
"GM045-D0","NFSND","Mutant","Pfmdr1","Maksegnit",0,12.685570968160466,37.38744777431552
"GM045-D21","NFSND","Mutant","Pfmdr1","Maksegnit",21,12.685570968160466,37.38744777431552
"GM046-D0","NFSND","Mutant","Pfmdr1","Maksegnit",0,12.685570968160466,37.38744777431552
"GM046-D28","NFSND","Mutant","Pfmdr1","Maksegnit",28,12.685570968160466,37.38744777431552
"GM047-D0","NFSND","Mutant","Pfmdr1","Maksegnit",0,12.685570968160466,37.38744777431552
"GM048-D0","NFSND","Mutant","Pfmdr1","Maksegnit",0,12.685570968160466,37.38744777431552
"GM049-D0","NFSND","Mutant","Pfmdr1","Maksegnit",0,12.685570968160466,37.38744777431552
"GM050-D0","NFSND","Mutant","Pfmdr1","Maksegnit",0,12.685570968160466,37.38744777431552
"GM051-D0","NFSND","Mutant","Pfmdr1","Maksegnit",0,12.685570968160466,37.38744777431552
"GM052-D0","NFSND","Mutant","Pfmdr1","Maksegnit",0,12.685570968160466,37.38744777431552
"GM053-D0","NFSND","Mutant","Pfmdr1","Maksegnit",0,12.685570968160466,37.38744777431552
"GM054-D0","NFSND","Mutant","Pfmdr1","Maksegnit",0,12.685570968160466,37.38744777431552
"GM055-D0","NFSND","Mutant","Pfmdr1","Maksegnit",0,12.685570968160466,37.38744777431552
"GM056-D0","NFSND","Mutant","Pfmdr1","Maksegnit",0,12.685570968160466,37.38744777431552
"GM057-D0","NFSND","Mutant","Pfmdr1","Maksegnit",0,12.685570968160466,37.38744777431552
"GM058-D0","NFSND","Mutant","Pfmdr1","Maksegnit",0,12.685570968160466,37.38744777431552
"GM059-D0","NFSND","Mutant","Pfmdr1","Maksegnit",0,12.685570968160466,37.38744777431552
"GM060-D0","NFSND","Mutant","Pfmdr1","Maksegnit",0,12.685570968160466,37.38744777431552
"GM061-D0","NFSND","Mutant","Pfmdr1","Maksegnit",0,12.685570968160466,37.38744777431552
"GM062-D0","NFSND","Mutant","Pfmdr1","Maksegnit",0,12.685570968160466,37.38744777431552
"GM063-D0","NFSND","Mutant","Pfmdr1","Maksegnit",0,12.685570968160466,37.38744777431552
"GM063-D21","NFSND","Mutant","Pfmdr1","Maksegnit",21,12.685570968160466,37.38744777431552
"GM064-D0","NFSND","Mutant","Pfmdr1","Maksegnit",0,12.685570968160466,37.38744777431552
"GM065-D0","NFSND","Mutant","Pfmdr1","Maksegnit",0,12.685570968160466,37.38744777431552
"GM066-D0","NFSND","Mutant","Pfmdr1","Maksegnit",0,12.685570968160466,37.38744777431552
"GM067-D0","NFSND","Mutant","Pfmdr1","Maksegnit",0,12.685570968160466,37.38744777431552
"GM068-D0","NFSND","Mutant","Pfmdr1","Maksegnit",0,12.685570968160466,37.38744777431552
"GM069-D0","NFSND","Mutant","Pfmdr1","Maksegnit",0,12.685570968160466,37.38744777431552
"GM070-D0","NFSND","Mutant","Pfmdr1","Maksegnit",0,12.685570968160466,37.38744777431552
"GM070-D28","NFSND","Mutant","Pfmdr1","Maksegnit",28,12.685570968160466,37.38744777431552
"GM071-D0","NFSND","Mutant","Pfmdr1","Maksegnit",0,12.685570968160466,37.38744777431552
"GM072-D0","NFSND","Mutant","Pfmdr1","Maksegnit",0,12.685570968160466,37.38744777431552
"GM073-D0","NFSND","Mutant","Pfmdr1","Maksegnit",0,12.685570968160466,37.38744777431552
"GM074-D0","NFSND","Mutant","Pfmdr1","Maksegnit",0,12.685570968160466,37.38744777431552
"GM075-D0","NFSND","Mutant","Pfmdr1","Maksegnit",0,12.685570968160466,37.38744777431552
"GM076-D0","NFSND","Mutant","Pfmdr1","Maksegnit",0,12.685570968160466,37.38744777431552
"GM076-D21","NFSND","Mutant","Pfmdr1","Maksegnit",21,12.685570968160466,37.38744777431552
"GM077-D0","NFSND","Mutant","Pfmdr1","Maksegnit",0,12.685570968160466,37.38744777431552
"GM078-D0","NFSND","Mutant","Pfmdr1","Maksegnit",0,12.685570968160466,37.38744777431552
"GM079-D0","NFSND","Mutant","Pfmdr1","Maksegnit",0,12.685570968160466,37.38744777431552
"GM080-D0","NFSND","Mutant","Pfmdr1","Maksegnit",0,12.685570968160466,37.38744777431552
"GM081-D0","NFSND","Mutant","Pfmdr1","Maksegnit",0,12.685570968160466,37.38744777431552
"GM082-D0","NFSND","Mutant","Pfmdr1","Maksegnit",0,12.685570968160466,37.38744777431552
"GM082-D21","NFSND","Mutant","Pfmdr1","Maksegnit",21,12.685570968160466,37.38744777431552
"GM084-D0","NFSND","Mutant","Pfmdr1","Maksegnit",0,12.685570968160466,37.38744777431552
"GM085-D0","NFSND","Mutant","Pfmdr1","Maksegnit",0,12.685570968160466,37.38744777431552
"GM086-D0","NFSND","Mutant","Pfmdr1","Maksegnit",0,12.685570968160466,37.38744777431552
"GM087-D0","NFSND","Mutant","Pfmdr1","Maksegnit",0,12.685570968160466,37.38744777431552
"GM088-D0","NFSND","Mutant","Pfmdr1","Maksegnit",0,12.685570968160466,37.38744777431552
"GM089-D0","NFSND","Mutant","Pfmdr1","Maksegnit",0,12.685570968160466,37.38744777431552
"MM001-D0","NFSND","Mutant","Pfmdr1","Mizan",0,6.982334491497925,35.576730179661936
"MM002-D0","NFSND","Mutant","Pfmdr1","Mizan",0,6.982334491497925,35.576730179661936
"MM004-D0","NFSND","Mutant","Pfmdr1","Mizan",0,6.982334491497925,35.576730179661936
"MM005-D0","NFSND","Mutant","Pfmdr1","Mizan",0,6.982334491497925,35.576730179661936
"MM007-D0","NFSND","Mutant","Pfmdr1","Mizan",0,6.982334491497925,35.576730179661936
"MM008-D0","NFSND","Mutant","Pfmdr1","Mizan",0,6.982334491497925,35.576730179661936
"MM008-D21","NFSND","Mutant","Pfmdr1","Mizan",21,6.982334491497925,35.576730179661936
"MM009-D0","NFSND","Mutant","Pfmdr1","Mizan",0,6.982334491497925,35.576730179661936
"MM010-D0","NFSND","Mutant","Pfmdr1","Mizan",0,6.982334491497925,35.576730179661936
"MM011-D0","NFSND","Mutant","Pfmdr1","Mizan",0,6.982334491497925,35.576730179661936
"MM013-D0","NFSND","Mutant","Pfmdr1","Mizan",0,6.982334491497925,35.576730179661936
"MM013-D21","NFSND","Mutant","Pfmdr1","Mizan",21,6.982334491497925,35.576730179661936
"MM014-D0","NFSND","Mutant","Pfmdr1","Mizan",0,6.982334491497925,35.576730179661936
"MM015-D0","NFSND","Mutant","Pfmdr1","Mizan",0,6.982334491497925,35.576730179661936
"MM016-D0","NFSND","Mutant","Pfmdr1","Mizan",0,6.982334491497925,35.576730179661936
"MM018-D0","NFSND","Mutant","Pfmdr1","Mizan",0,6.982334491497925,35.576730179661936
"MM019-D0","NFSND","Mutant","Pfmdr1","Mizan",0,6.982334491497925,35.576730179661936
"MM020-D0","NFSND","Mutant","Pfmdr1","Mizan",0,6.982334491497925,35.576730179661936
"MM021-D0","NFSND","Mutant","Pfmdr1","Mizan",0,6.982334491497925,35.576730179661936
"MM022-D0","NFSND","Mutant","Pfmdr1","Mizan",0,6.982334491497925,35.576730179661936
"MM023-D0","NFSND","Mutant","Pfmdr1","Mizan",0,6.982334491497925,35.576730179661936
"MM024-D0","NFSND","Mutant","Pfmdr1","Mizan",0,6.982334491497925,35.576730179661936
"MM024-D28","NFSND","Mutant","Pfmdr1","Mizan",28,6.982334491497925,35.576730179661936
"MM025-D0","NFSND","Mutant","Pfmdr1","Mizan",0,6.982334491497925,35.576730179661936
"MM026-D0","NFSND","Mutant","Pfmdr1","Mizan",0,6.982334491497925,35.576730179661936
"MM027-D0","NFSND","Mutant","Pfmdr1","Mizan",0,6.982334491497925,35.576730179661936
"MM028-D0","NFSND","Mutant","Pfmdr1","Mizan",0,6.982334491497925,35.576730179661936
"MM029-D0","NFSND","Mutant","Pfmdr1","Mizan",0,6.982334491497925,35.576730179661936
"MM030-D0","NFSND","Mutant","Pfmdr1","Mizan",0,6.982334491497925,35.576730179661936
"MM030-D28","NFSND","Mutant","Pfmdr1","Mizan",28,6.982334491497925,35.576730179661936
"MM031-D0","NFSND","Mutant","Pfmdr1","Mizan",0,6.982334491497925,35.576730179661936
"MM032-D0","NFSND","Mutant","Pfmdr1","Mizan",0,6.982334491497925,35.576730179661936
"MM033-D0","NFSND","Mutant","Pfmdr1","Mizan",0,6.982334491497925,35.576730179661936
"MM033-D21","NFSND","Mutant","Pfmdr1","Mizan",21,6.982334491497925,35.576730179661936
"MM034-D0","NFSND","Mutant","Pfmdr1","Mizan",0,6.982334491497925,35.576730179661936
"MM035-D0","NFSND","Mutant","Pfmdr1","Mizan",0,6.982334491497925,35.576730179661936
"MM036-D0","NFSND","Mutant","Pfmdr1","Mizan",0,6.982334491497925,35.576730179661936
"MM037-D0","NFSND","Mutant","Pfmdr1","Mizan",0,6.982334491497925,35.576730179661936
"MM037-D21","NFSND","Mutant","Pfmdr1","Mizan",21,6.982334491497925,35.576730179661936
"MM039-D0","NFSND","Mutant","Pfmdr1","Mizan",0,6.982334491497925,35.576730179661936
"MM041-D0","NFSND","Mutant","Pfmdr1","Mizan",0,6.982334491497925,35.576730179661936
"MM042-D0","NFSND","Mutant","Pfmdr1","Mizan",0,6.982334491497925,35.576730179661936
"MM043-D0","NFSND","Mutant","Pfmdr1","Mizan",0,6.982334491497925,35.576730179661936
"MM044-D0","NFSND","Mutant","Pfmdr1","Mizan",0,6.982334491497925,35.576730179661936
"MM044-D21","NFSND","Mutant","Pfmdr1","Mizan",21,6.982334491497925,35.576730179661936
"MM045-D0","NFSND","Mutant","Pfmdr1","Mizan",0,6.982334491497925,35.576730179661936
"MM045-D28","NFSND","Mutant","Pfmdr1","Mizan",28,6.982334491497925,35.576730179661936
"MM046-D0","NFSND","Mutant","Pfmdr1","Mizan",0,6.982334491497925,35.576730179661936
"MM047-D0","NFSND","Mutant","Pfmdr1","Mizan",0,6.982334491497925,35.576730179661936
"MM047-D21","NFSND","Mutant","Pfmdr1","Mizan",21,6.982334491497925,35.576730179661936
"MM048-D21","NFSND","Mutant","Pfmdr1","Mizan",21,6.982334491497925,35.576730179661936
"MM049-D0","NFSND","Mutant","Pfmdr1","Mizan",0,6.982334491497925,35.576730179661936
"MM049-D21","NFSND","Mutant","Pfmdr1","Mizan",21,6.982334491497925,35.576730179661936
"MM050-D0","NFSND","Mutant","Pfmdr1","Mizan",0,6.982334491497925,35.576730179661936
"MM051-D0","NFSND","Mutant","Pfmdr1","Mizan",0,6.982334491497925,35.576730179661936
"MM052-D0","NFSND","Mutant","Pfmdr1","Mizan",0,6.982334491497925,35.576730179661936
"MM053-D0","NFSND","Mutant","Pfmdr1","Mizan",0,6.982334491497925,35.576730179661936
"MM053-D28","NFSND","Mutant","Pfmdr1","Mizan",28,6.982334491497925,35.576730179661936
"MM054-D0","NFSND","Mutant","Pfmdr1","Mizan",0,6.982334491497925,35.576730179661936
"MM055-D21","NFSND","Mutant","Pfmdr1","Mizan",21,6.982334491497925,35.576730179661936
"MM057-D0","NFSND","Mutant","Pfmdr1","Mizan",0,6.982334491497925,35.576730179661936
"MM057-D21","NFSND","Mutant","Pfmdr1","Mizan",21,6.982334491497925,35.576730179661936
"MM058-D0","NFSND","Mutant","Pfmdr1","Mizan",0,6.982334491497925,35.576730179661936
"MM059-D0","NFSND","Mutant","Pfmdr1","Mizan",0,6.982334491497925,35.576730179661936
"MM059-D21","NFSND","Mutant","Pfmdr1","Mizan",21,6.982334491497925,35.576730179661936
"MM060-D0","NFSND","Mutant","Pfmdr1","Mizan",0,6.982334491497925,35.576730179661936
"MM060-D28","NFSND","Mutant","Pfmdr1","Mizan",28,6.982334491497925,35.576730179661936
"MM061-D0","NFSND","Mutant","Pfmdr1","Mizan",0,6.982334491497925,35.576730179661936
"MM061-D28","NFSND","Mutant","Pfmdr1","Mizan",28,6.982334491497925,35.576730179661936
"MM062-D0","NFSND","Mutant","Pfmdr1","Mizan",0,6.982334491497925,35.576730179661936
"MM063-D0","NFSND","Mutant","Pfmdr1","Mizan",0,6.982334491497925,35.576730179661936
"MM064-D0","NFSND","Mutant","Pfmdr1","Mizan",0,6.982334491497925,35.576730179661936
"MM064-D28","NFSND","Mutant","Pfmdr1","Mizan",28,6.982334491497925,35.576730179661936
"MM065-D0","NFSND","Mutant","Pfmdr1","Mizan",0,6.982334491497925,35.576730179661936
"MM066-D0","NFSND","Mutant","Pfmdr1","Mizan",0,6.982334491497925,35.576730179661936
"MM066-D28","NFSND","Mutant","Pfmdr1","Mizan",28,6.982334491497925,35.576730179661936
"MM067-D0","NFSND","Mutant","Pfmdr1","Mizan",0,6.982334491497925,35.576730179661936
"MM068-D0","NFSND","Mutant","Pfmdr1","Mizan",0,6.982334491497925,35.576730179661936
"MM069-D0","NFSND","Mutant","Pfmdr1","Mizan",0,6.982334491497925,35.576730179661936
"MM070-D0","NFSND","Mutant","Pfmdr1","Mizan",0,6.982334491497925,35.576730179661936
"MM071-D0","NFSND","Mutant","Pfmdr1","Mizan",0,6.982334491497925,35.576730179661936
"MM071-D14","NFSND","Mutant","Pfmdr1","Mizan",14,6.982334491497925,35.576730179661936
"MM072-D0","NFSND","Mutant","Pfmdr1","Mizan",0,6.982334491497925,35.576730179661936
"MM073-D0","NFSND","Mutant","Pfmdr1","Mizan",0,6.982334491497925,35.576730179661936
"MM073-D21","NFSND","Mutant","Pfmdr1","Mizan",21,6.982334491497925,35.576730179661936
"MM074-D0","NFSND","Mutant","Pfmdr1","Mizan",0,6.982334491497925,35.576730179661936
"MM075-D0","NFSND","Mutant","Pfmdr1","Mizan",0,6.982334491497925,35.576730179661936
"MM076-D0","NFSND","Mutant","Pfmdr1","Mizan",0,6.982334491497925,35.576730179661936
"MM077-D0","NFSND","Mutant","Pfmdr1","Mizan",0,6.982334491497925,35.576730179661936
"MM077-D21","NFSND","Mutant","Pfmdr1","Mizan",21,6.982334491497925,35.576730179661936
"MM078-D0","NFSND","Mutant","Pfmdr1","Mizan",0,6.982334491497925,35.576730179661936
"MM079-D0","NFSND","Mutant","Pfmdr1","Mizan",0,6.982334491497925,35.576730179661936
"MM080-D0","NFSND","Mutant","Pfmdr1","Mizan",0,6.982334491497925,35.576730179661936
"MM081-D0","NFSND","Mutant","Pfmdr1","Mizan",0,6.982334491497925,35.576730179661936
"MM082-D0","NFSND","Mutant","Pfmdr1","Mizan",0,6.982334491497925,35.576730179661936
"MM082-Unsch","NFSND","Mutant","Pfmdr1","Mizan",25,6.982334491497925,35.576730179661936
"MM083-D0","NFSND","Mutant","Pfmdr1","Mizan",0,6.982334491497925,35.576730179661936
"MM084-D0","NFSND","Mutant","Pfmdr1","Mizan",0,6.982334491497925,35.576730179661936
"MM085-D0","NFSND","Mutant","Pfmdr1","Mizan",0,6.982334491497925,35.576730179661936
"MM085-D14","NFSND","Mutant","Pfmdr1","Mizan",14,6.982334491497925,35.576730179661936
"MM086-D0","NFSND","Mutant","Pfmdr1","Mizan",0,6.982334491497925,35.576730179661936
"MM086-D21","NFSND","Mutant","Pfmdr1","Mizan",21,6.982334491497925,35.576730179661936
"MM087-D0","NFSND","Mutant","Pfmdr1","Mizan",0,6.982334491497925,35.576730179661936
"MM088-D0","NFSND","Mutant","Pfmdr1","Mizan",0,6.982334491497925,35.576730179661936
